solid OpenSCAD_Model
  facet normal 0 0 -1
    outer loop
      vertex 101 -92 0
      vertex 88.3608 -71.2887 0
      vertex 88.361 -71.2869 0
    endloop
  endfacet
  facet normal 0 0 -1
    outer loop
      vertex 99 -100 0
      vertex 88.317 -71.7337 0
      vertex 88.3608 -71.2887 0
    endloop
  endfacet
  facet normal 0 0 -1
    outer loop
      vertex 99 -100 0
      vertex 88.1872 -72.1616 0
      vertex 88.317 -71.7337 0
    endloop
  endfacet
  facet normal 0 0 -1
    outer loop
      vertex 99 -100 0
      vertex 88.1867 -72.1633 0
      vertex 88.1872 -72.1616 0
    endloop
  endfacet
  facet normal 0 -0 -1
    outer loop
      vertex 86.0692 -73.5768 0
      vertex 99 -100 0
      vertex 81 -108 0
    endloop
  endfacet
  facet normal 0 0 -1
    outer loop
      vertex 99 -100 0
      vertex 87.9759 -72.5576 0
      vertex 88.1867 -72.1633 0
    endloop
  endfacet
  facet normal 0 0 -1
    outer loop
      vertex 99 -100 0
      vertex 87.975 -72.5592 0
      vertex 87.9759 -72.5576 0
    endloop
  endfacet
  facet normal 0 0 -1
    outer loop
      vertex 99 -100 0
      vertex 87.9739 -72.5606 0
      vertex 87.975 -72.5592 0
    endloop
  endfacet
  facet normal 0 0 -1
    outer loop
      vertex 99 -100 0
      vertex 87.6902 -72.9062 0
      vertex 87.9739 -72.5606 0
    endloop
  endfacet
  facet normal 0 0 -1
    outer loop
      vertex 99 -100 0
      vertex 87.3446 -73.1899 0
      vertex 87.6902 -72.9062 0
    endloop
  endfacet
  facet normal 0 0 -1
    outer loop
      vertex 99 -100 0
      vertex 87.3432 -73.191 0
      vertex 87.3446 -73.1899 0
    endloop
  endfacet
  facet normal 0 0 -1
    outer loop
      vertex 99 -100 0
      vertex 87.3416 -73.1919 0
      vertex 87.3432 -73.191 0
    endloop
  endfacet
  facet normal 0 0 -1
    outer loop
      vertex 99 -100 0
      vertex 86.9473 -73.4026 0
      vertex 87.3416 -73.1919 0
    endloop
  endfacet
  facet normal 0 0 -1
    outer loop
      vertex 99 -100 0
      vertex 86.9456 -73.4032 0
      vertex 86.9473 -73.4026 0
    endloop
  endfacet
  facet normal 0 0 -1
    outer loop
      vertex 99 -100 0
      vertex 86.5177 -73.5329 0
      vertex 86.9456 -73.4032 0
    endloop
  endfacet
  facet normal 0 0 -1
    outer loop
      vertex 99 -100 0
      vertex 86.0728 -73.5768 0
      vertex 86.5177 -73.5329 0
    endloop
  endfacet
  facet normal 0 0 -1
    outer loop
      vertex 99 -100 0
      vertex 86.071 -73.577 0
      vertex 86.0728 -73.5768 0
    endloop
  endfacet
  facet normal 0 0 -1
    outer loop
      vertex 99 -100 0
      vertex 86.0692 -73.5768 0
      vertex 86.071 -73.577 0
    endloop
  endfacet
  facet normal -0 0 -1
    outer loop
      vertex 86.0692 -73.5768 0
      vertex 81 -108 0
      vertex 85.6242 -73.5329 0
    endloop
  endfacet
  facet normal -0 0 -1
    outer loop
      vertex 85.6242 -73.5329 0
      vertex 81 -108 0
      vertex 85.1963 -73.4032 0
    endloop
  endfacet
  facet normal -0 0 -1
    outer loop
      vertex 85.1963 -73.4032 0
      vertex 81 -108 0
      vertex 85.1946 -73.4026 0
    endloop
  endfacet
  facet normal 0 0 -1
    outer loop
      vertex 79 -108 0
      vertex 85.1946 -73.4026 0
      vertex 81 -108 0
    endloop
  endfacet
  facet normal -0 0 -1
    outer loop
      vertex 85.1946 -73.4026 0
      vertex 79 -108 0
      vertex 84.8003 -73.1919 0
    endloop
  endfacet
  facet normal -0 0 -1
    outer loop
      vertex 84.8003 -73.1919 0
      vertex 79 -108 0
      vertex 84.7987 -73.191 0
    endloop
  endfacet
  facet normal -0 0 -1
    outer loop
      vertex 84.7987 -73.191 0
      vertex 79 -108 0
      vertex 84.7973 -73.1899 0
    endloop
  endfacet
  facet normal -0 0 -1
    outer loop
      vertex 84.7973 -73.1899 0
      vertex 79 -108 0
      vertex 84.4517 -72.9062 0
    endloop
  endfacet
  facet normal 0 0 -1
    outer loop
      vertex 63.1818 -64.9911 0
      vertex 84.4517 -72.9062 0
      vertex 79 -108 0
    endloop
  endfacet
  facet normal 0 0 -1
    outer loop
      vertex 84.4517 -72.9062 0
      vertex 63.1818 -64.9911 0
      vertex 84.168 -72.5606 0
    endloop
  endfacet
  facet normal 0 0 -1
    outer loop
      vertex 84.168 -72.5606 0
      vertex 63.1818 -64.9911 0
      vertex 84.1669 -72.5592 0
    endloop
  endfacet
  facet normal 0 -0 -1
    outer loop
      vertex 63.5512 -64.8702 0
      vertex 84.1669 -72.5592 0
      vertex 63.1818 -64.9911 0
    endloop
  endfacet
  facet normal 0 0 -1
    outer loop
      vertex 84.1669 -72.5592 0
      vertex 63.5512 -64.8702 0
      vertex 84.1661 -72.5576 0
    endloop
  endfacet
  facet normal 0 0 -1
    outer loop
      vertex 84.1661 -72.5576 0
      vertex 63.5512 -64.8702 0
      vertex 83.9553 -72.1633 0
    endloop
  endfacet
  facet normal 0 0 -1
    outer loop
      vertex 99 -100 0
      vertex 81 -116 0
      vertex 81 -108 0
    endloop
  endfacet
  facet normal 0 0 -1
    outer loop
      vertex 71.2468 -120.502 0
      vertex 81 -116 0
      vertex 89.9404 -137.434 0
    endloop
  endfacet
  facet normal 0 0 -1
    outer loop
      vertex 71.8726 -118.439 0
      vertex 79 -116 0
      vertex 71.9164 -118.884 0
    endloop
  endfacet
  facet normal 0 -0 -1
    outer loop
      vertex 71.5304 -120.156 0
      vertex 81 -116 0
      vertex 71.2468 -120.502 0
    endloop
  endfacet
  facet normal 0 0 -1
    outer loop
      vertex 79 -116 0
      vertex 71.8726 -119.329 0
      vertex 71.9164 -118.884 0
    endloop
  endfacet
  facet normal 0 0 -1
    outer loop
      vertex 79 -116 0
      vertex 71.8724 -119.331 0
      vertex 71.8726 -119.329 0
    endloop
  endfacet
  facet normal 0 0 -1
    outer loop
      vertex 79 -116 0
      vertex 71.7426 -119.759 0
      vertex 71.8724 -119.331 0
    endloop
  endfacet
  facet normal 0 0 -1
    outer loop
      vertex 79 -116 0
      vertex 71.7421 -119.76 0
      vertex 71.7426 -119.759 0
    endloop
  endfacet
  facet normal 0 0 -1
    outer loop
      vertex 79 -116 0
      vertex 71.7412 -119.762 0
      vertex 71.7421 -119.76 0
    endloop
  endfacet
  facet normal 0 0 -1
    outer loop
      vertex 79 -116 0
      vertex 71.5304 -120.156 0
      vertex 71.7412 -119.762 0
    endloop
  endfacet
  facet normal -0 0 -1
    outer loop
      vertex 81 -116 0
      vertex 71.5304 -120.156 0
      vertex 79 -116 0
    endloop
  endfacet
  facet normal 0 0 -1
    outer loop
      vertex 89.9404 -137.434 0
      vertex 71.2457 -120.503 0
      vertex 71.2468 -120.502 0
    endloop
  endfacet
  facet normal 0 0 -1
    outer loop
      vertex 89.9404 -137.434 0
      vertex 71.2443 -120.504 0
      vertex 71.2457 -120.503 0
    endloop
  endfacet
  facet normal 0 0 -1
    outer loop
      vertex 89.9404 -137.434 0
      vertex 70.8986 -120.788 0
      vertex 71.2443 -120.504 0
    endloop
  endfacet
  facet normal 0 0 -1
    outer loop
      vertex 89.9404 -137.434 0
      vertex 70.897 -120.789 0
      vertex 70.8986 -120.788 0
    endloop
  endfacet
  facet normal 0 0 -1
    outer loop
      vertex 89.9404 -137.434 0
      vertex 70.5027 -121 0
      vertex 70.897 -120.789 0
    endloop
  endfacet
  facet normal 0 0 -1
    outer loop
      vertex 89.9404 -137.434 0
      vertex 70.0749 -121.13 0
      vertex 70.5027 -121 0
    endloop
  endfacet
  facet normal 0 0 -1
    outer loop
      vertex 89.9404 -137.434 0
      vertex 70.0731 -121.13 0
      vertex 70.0749 -121.13 0
    endloop
  endfacet
  facet normal 0 0 -1
    outer loop
      vertex 54.4559 -140.538 0
      vertex 70.0731 -121.13 0
      vertex 89.9404 -137.434 0
    endloop
  endfacet
  facet normal 0 0 -1
    outer loop
      vertex 70.0731 -121.13 0
      vertex 54.4559 -140.538 0
      vertex 69.6282 -121.174 0
    endloop
  endfacet
  facet normal -0 0 -1
    outer loop
      vertex 69.6282 -121.174 0
      vertex 54.4559 -140.538 0
      vertex 69.6264 -121.174 0
    endloop
  endfacet
  facet normal -0 0 -1
    outer loop
      vertex 69.6264 -121.174 0
      vertex 54.4559 -140.538 0
      vertex 69.6246 -121.174 0
    endloop
  endfacet
  facet normal -0 0 -1
    outer loop
      vertex 69.6246 -121.174 0
      vertex 54.4559 -140.538 0
      vertex 69.1796 -121.13 0
    endloop
  endfacet
  facet normal -0 0 -1
    outer loop
      vertex 69.1796 -121.13 0
      vertex 54.4559 -140.538 0
      vertex 68.7517 -121 0
    endloop
  endfacet
  facet normal -0 0 -1
    outer loop
      vertex 68.7517 -121 0
      vertex 54.4559 -140.538 0
      vertex 68.75 -121 0
    endloop
  endfacet
  facet normal -0 0 -1
    outer loop
      vertex 68.75 -121 0
      vertex 54.4559 -140.538 0
      vertex 68.3557 -120.789 0
    endloop
  endfacet
  facet normal 0 0 -1
    outer loop
      vertex 49.8513 -136.676 0
      vertex 67.5115 -119.762 0
      vertex 67.7223 -120.156 0
    endloop
  endfacet
  facet normal 0 0 -1
    outer loop
      vertex 49.8513 -136.676 0
      vertex 67.5102 -119.759 0
      vertex 67.5107 -119.76 0
    endloop
  endfacet
  facet normal 0 0 -1
    outer loop
      vertex 49.8513 -136.676 0
      vertex 67.3802 -119.329 0
      vertex 67.3804 -119.331 0
    endloop
  endfacet
  facet normal 0 0 -1
    outer loop
      vertex 83.7811 -71.2887 0
      vertex 63.5512 -64.8702 0
      vertex 83.781 -71.2869 0
    endloop
  endfacet
  facet normal -0 0 -1
    outer loop
      vertex 68.3557 -120.789 0
      vertex 54.4559 -140.538 0
      vertex 68.3541 -120.788 0
    endloop
  endfacet
  facet normal 0 0 -1
    outer loop
      vertex 54.4559 -140.538 0
      vertex 68.3527 -120.787 0
      vertex 68.3541 -120.788 0
    endloop
  endfacet
  facet normal 0 0 -1
    outer loop
      vertex 54.4559 -140.538 0
      vertex 68.0071 -120.503 0
      vertex 68.3527 -120.787 0
    endloop
  endfacet
  facet normal 0 0 -1
    outer loop
      vertex 49.8513 -136.676 0
      vertex 68.0071 -120.503 0
      vertex 54.4559 -140.538 0
    endloop
  endfacet
  facet normal -0 0 -1
    outer loop
      vertex 68.0071 -120.503 0
      vertex 49.8513 -136.676 0
      vertex 67.7234 -120.158 0
    endloop
  endfacet
  facet normal -0 0 -1
    outer loop
      vertex 67.7234 -120.158 0
      vertex 49.8513 -136.676 0
      vertex 67.7223 -120.156 0
    endloop
  endfacet
  facet normal -0 0 -1
    outer loop
      vertex 67.5115 -119.762 0
      vertex 49.8513 -136.676 0
      vertex 67.5107 -119.76 0
    endloop
  endfacet
  facet normal -0 0 -1
    outer loop
      vertex 67.5102 -119.759 0
      vertex 49.8513 -136.676 0
      vertex 67.3804 -119.331 0
    endloop
  endfacet
  facet normal -0 0 -1
    outer loop
      vertex 67.3802 -119.329 0
      vertex 49.8513 -136.676 0
      vertex 67.3364 -118.884 0
    endloop
  endfacet
  facet normal 0 0 -1
    outer loop
      vertex 49.8513 -136.676 0
      vertex 54.4559 -140.538 0
      vertex 53.5837 -140.443 0
    endloop
  endfacet
  facet normal 0 0 -1
    outer loop
      vertex 50.0972 -137.519 0
      vertex 53.5837 -140.443 0
      vertex 52.1237 -139.983 0
    endloop
  endfacet
  facet normal 0 0 -1
    outer loop
      vertex 50.0972 -137.519 0
      vertex 52.1237 -139.983 0
      vertex 50.8043 -138.876 0
    endloop
  endfacet
  facet normal 0 0 -1
    outer loop
      vertex 53.5837 -140.443 0
      vertex 50.0972 -137.519 0
      vertex 49.8513 -136.676 0
    endloop
  endfacet
  facet normal -0 0 -1
    outer loop
      vertex 67.3804 -118.437 0
      vertex 49.8513 -136.676 0
      vertex 44.0994 -70.9266 0
    endloop
  endfacet
  facet normal 0 0 -1
    outer loop
      vertex 67.3804 -118.437 0
      vertex 44.0994 -70.9266 0
      vertex 63.1818 -64.9911 0
    endloop
  endfacet
  facet normal 0 0 -1
    outer loop
      vertex 63.1818 -64.9911 0
      vertex 44.0994 -70.9266 0
      vertex 47.9632 -66.322 0
    endloop
  endfacet
  facet normal 0 0 -1
    outer loop
      vertex 47.9632 -66.322 0
      vertex 44.0994 -70.9266 0
      vertex 47.1204 -66.5676 0
    endloop
  endfacet
  facet normal 0 -0 -1
    outer loop
      vertex 44.1948 -70.0544 0
      vertex 47.1204 -66.5676 0
      vertex 44.0994 -70.9266 0
    endloop
  endfacet
  facet normal 0 0 -1
    outer loop
      vertex 47.1204 -66.5676 0
      vertex 44.1948 -70.0544 0
      vertex 45.762 -67.2747 0
    endloop
  endfacet
  facet normal 0 0 -1
    outer loop
      vertex 45.762 -67.2747 0
      vertex 44.1948 -70.0544 0
      vertex 44.6548 -68.5944 0
    endloop
  endfacet
  facet normal 0 0 -1
    outer loop
      vertex 183.086 -125.66 0
      vertex 169.696 -130.955 0
      vertex 169.739 -130.51 0
    endloop
  endfacet
  facet normal 0 0 -1
    outer loop
      vertex 172.191 -160.739 0
      vertex 169.695 -130.957 0
      vertex 169.696 -130.955 0
    endloop
  endfacet
  facet normal 0 0 -1
    outer loop
      vertex 172.191 -160.739 0
      vertex 169.566 -131.385 0
      vertex 169.695 -130.957 0
    endloop
  endfacet
  facet normal 0 0 -1
    outer loop
      vertex 172.191 -160.739 0
      vertex 169.565 -131.386 0
      vertex 169.566 -131.385 0
    endloop
  endfacet
  facet normal 0 0 -1
    outer loop
      vertex 172.191 -160.739 0
      vertex 169.354 -131.781 0
      vertex 169.565 -131.386 0
    endloop
  endfacet
  facet normal 0 0 -1
    outer loop
      vertex 172.191 -160.739 0
      vertex 169.354 -131.782 0
      vertex 169.354 -131.781 0
    endloop
  endfacet
  facet normal 0 0 -1
    outer loop
      vertex 172.191 -160.739 0
      vertex 169.352 -131.784 0
      vertex 169.354 -131.782 0
    endloop
  endfacet
  facet normal 0 0 -1
    outer loop
      vertex 172.191 -160.739 0
      vertex 169.069 -132.129 0
      vertex 169.352 -131.784 0
    endloop
  endfacet
  facet normal 0 0 -1
    outer loop
      vertex 172.191 -160.739 0
      vertex 168.723 -132.413 0
      vertex 169.069 -132.129 0
    endloop
  endfacet
  facet normal 0 0 -1
    outer loop
      vertex 172.191 -160.739 0
      vertex 168.722 -132.414 0
      vertex 168.723 -132.413 0
    endloop
  endfacet
  facet normal 0 0 -1
    outer loop
      vertex 172.191 -160.739 0
      vertex 168.72 -132.415 0
      vertex 168.722 -132.414 0
    endloop
  endfacet
  facet normal 0 0 -1
    outer loop
      vertex 172.191 -160.739 0
      vertex 168.326 -132.626 0
      vertex 168.72 -132.415 0
    endloop
  endfacet
  facet normal 0 0 -1
    outer loop
      vertex 171.418 -160.599 0
      vertex 168.324 -132.626 0
      vertex 168.326 -132.626 0
    endloop
  endfacet
  facet normal 0 0 -1
    outer loop
      vertex 171.418 -160.599 0
      vertex 167.896 -132.756 0
      vertex 168.324 -132.626 0
    endloop
  endfacet
  facet normal 0 0 -1
    outer loop
      vertex 171.418 -160.599 0
      vertex 167.451 -132.8 0
      vertex 167.896 -132.756 0
    endloop
  endfacet
  facet normal 0 0 -1
    outer loop
      vertex 171.418 -160.599 0
      vertex 167.449 -132.8 0
      vertex 167.451 -132.8 0
    endloop
  endfacet
  facet normal 0 0 -1
    outer loop
      vertex 171.418 -160.599 0
      vertex 167.448 -132.8 0
      vertex 167.449 -132.8 0
    endloop
  endfacet
  facet normal 0 0 -1
    outer loop
      vertex 171.418 -160.599 0
      vertex 167.003 -132.756 0
      vertex 167.448 -132.8 0
    endloop
  endfacet
  facet normal 0 0 -1
    outer loop
      vertex 171.418 -160.599 0
      vertex 166.575 -132.626 0
      vertex 167.003 -132.756 0
    endloop
  endfacet
  facet normal 0 0 -1
    outer loop
      vertex 171.418 -160.599 0
      vertex 166.573 -132.626 0
      vertex 166.575 -132.626 0
    endloop
  endfacet
  facet normal 0 0 -1
    outer loop
      vertex 171.418 -160.599 0
      vertex 166.179 -132.415 0
      vertex 166.573 -132.626 0
    endloop
  endfacet
  facet normal 0 0 -1
    outer loop
      vertex 171.418 -160.599 0
      vertex 166.177 -132.414 0
      vertex 166.179 -132.415 0
    endloop
  endfacet
  facet normal 0 0 -1
    outer loop
      vertex 171.418 -160.599 0
      vertex 166.176 -132.413 0
      vertex 166.177 -132.414 0
    endloop
  endfacet
  facet normal 0 0 -1
    outer loop
      vertex 171.418 -160.599 0
      vertex 165.83 -132.129 0
      vertex 166.176 -132.413 0
    endloop
  endfacet
  facet normal 0 0 -1
    outer loop
      vertex 122.585 -142.506 0
      vertex 165.83 -132.129 0
      vertex 171.418 -160.599 0
    endloop
  endfacet
  facet normal -0 0 -1
    outer loop
      vertex 165.83 -132.129 0
      vertex 122.585 -142.506 0
      vertex 165.829 -132.128 0
    endloop
  endfacet
  facet normal -0 0 -1
    outer loop
      vertex 165.829 -132.128 0
      vertex 122.585 -142.506 0
      vertex 165.545 -131.782 0
    endloop
  endfacet
  facet normal -0 0 -1
    outer loop
      vertex 165.545 -131.782 0
      vertex 122.585 -142.506 0
      vertex 165.335 -131.388 0
    endloop
  endfacet
  facet normal -0 0 -1
    outer loop
      vertex 165.335 -131.388 0
      vertex 122.585 -142.506 0
      vertex 165.334 -131.386 0
    endloop
  endfacet
  facet normal 0 -0 -1
    outer loop
      vertex 137 -120 0
      vertex 165.334 -131.386 0
      vertex 122.585 -142.506 0
    endloop
  endfacet
  facet normal 0 0 -1
    outer loop
      vertex 168.071 -62.9869 0
      vertex 161.226 -53.5158 0
      vertex 161.418 -53.5371 0
    endloop
  endfacet
  facet normal 0 0 -1
    outer loop
      vertex 165.203 -130.065 0
      vertex 144.187 -73.4133 0
      vertex 161.226 -53.5158 0
    endloop
  endfacet
  facet normal 0 0 -1
    outer loop
      vertex 137 -120 0
      vertex 165.159 -130.51 0
      vertex 165.203 -130.955 0
    endloop
  endfacet
  facet normal 0 0 -1
    outer loop
      vertex 137 -120 0
      vertex 165.203 -130.955 0
      vertex 165.203 -130.957 0
    endloop
  endfacet
  facet normal 0 0 -1
    outer loop
      vertex 165.334 -131.386 0
      vertex 137 -120 0
      vertex 165.333 -131.385 0
    endloop
  endfacet
  facet normal 0 0 -1
    outer loop
      vertex 161.226 -53.5158 0
      vertex 144.361 -72.5387 0
      vertex 144.361 -72.5369 0
    endloop
  endfacet
  facet normal 0 0 -1
    outer loop
      vertex 161.226 -53.5158 0
      vertex 144.317 -72.9837 0
      vertex 144.361 -72.5387 0
    endloop
  endfacet
  facet normal 0 0 -1
    outer loop
      vertex 161.226 -53.5158 0
      vertex 144.187 -73.4116 0
      vertex 144.317 -72.9837 0
    endloop
  endfacet
  facet normal 0 0 -1
    outer loop
      vertex 161.226 -53.5158 0
      vertex 144.187 -73.4133 0
      vertex 144.187 -73.4116 0
    endloop
  endfacet
  facet normal 0 0 -1
    outer loop
      vertex 165.203 -130.065 0
      vertex 143.976 -73.8076 0
      vertex 144.187 -73.4133 0
    endloop
  endfacet
  facet normal 0 0 -1
    outer loop
      vertex 165.203 -130.065 0
      vertex 143.975 -73.8092 0
      vertex 143.976 -73.8076 0
    endloop
  endfacet
  facet normal 0 0 -1
    outer loop
      vertex 165.203 -130.065 0
      vertex 137 -112 0
      vertex 143.69 -74.1562 0
    endloop
  endfacet
  facet normal 0 0 -1
    outer loop
      vertex 165.203 -130.065 0
      vertex 143.974 -73.8106 0
      vertex 143.975 -73.8092 0
    endloop
  endfacet
  facet normal 0 0 -1
    outer loop
      vertex 165.203 -130.065 0
      vertex 143.69 -74.1562 0
      vertex 143.974 -73.8106 0
    endloop
  endfacet
  facet normal 0 0 -1
    outer loop
      vertex 143.69 -74.1562 0
      vertex 137 -112 0
      vertex 143.345 -74.4399 0
    endloop
  endfacet
  facet normal 0 0 -1
    outer loop
      vertex 143.345 -74.4399 0
      vertex 137 -112 0
      vertex 143.343 -74.441 0
    endloop
  endfacet
  facet normal 0 0 -1
    outer loop
      vertex 143.343 -74.441 0
      vertex 137 -112 0
      vertex 143.342 -74.4419 0
    endloop
  endfacet
  facet normal 0 0 -1
    outer loop
      vertex 143.342 -74.4419 0
      vertex 137 -112 0
      vertex 142.947 -74.6526 0
    endloop
  endfacet
  facet normal 0 0 -1
    outer loop
      vertex 142.947 -74.6526 0
      vertex 137 -112 0
      vertex 142.946 -74.6532 0
    endloop
  endfacet
  facet normal 0 0 -1
    outer loop
      vertex 142.946 -74.6532 0
      vertex 137 -112 0
      vertex 142.518 -74.7829 0
    endloop
  endfacet
  facet normal 0 0 -1
    outer loop
      vertex 142.518 -74.7829 0
      vertex 137 -112 0
      vertex 142.073 -74.8268 0
    endloop
  endfacet
  facet normal 0 0 -1
    outer loop
      vertex 142.073 -74.8268 0
      vertex 137 -112 0
      vertex 142.071 -74.827 0
    endloop
  endfacet
  facet normal -0 0 -1
    outer loop
      vertex 142.071 -74.827 0
      vertex 137 -112 0
      vertex 142.069 -74.8268 0
    endloop
  endfacet
  facet normal -0 0 -1
    outer loop
      vertex 142.069 -74.8268 0
      vertex 137 -112 0
      vertex 141.624 -74.7829 0
    endloop
  endfacet
  facet normal -0 0 -1
    outer loop
      vertex 141.624 -74.7829 0
      vertex 137 -112 0
      vertex 141.196 -74.6532 0
    endloop
  endfacet
  facet normal 0 0 -1
    outer loop
      vertex 135 -112 0
      vertex 141.196 -74.6532 0
      vertex 137 -112 0
    endloop
  endfacet
  facet normal -0 0 -1
    outer loop
      vertex 141.196 -74.6532 0
      vertex 135 -112 0
      vertex 141.195 -74.6526 0
    endloop
  endfacet
  facet normal -0 0 -1
    outer loop
      vertex 141.195 -74.6526 0
      vertex 135 -112 0
      vertex 140.8 -74.4419 0
    endloop
  endfacet
  facet normal -0 0 -1
    outer loop
      vertex 140.8 -74.4419 0
      vertex 135 -112 0
      vertex 140.799 -74.441 0
    endloop
  endfacet
  facet normal -0 0 -1
    outer loop
      vertex 140.799 -74.441 0
      vertex 135 -112 0
      vertex 140.797 -74.4399 0
    endloop
  endfacet
  facet normal -0 0 -1
    outer loop
      vertex 140.797 -74.4399 0
      vertex 135 -112 0
      vertex 140.452 -74.1562 0
    endloop
  endfacet
  facet normal 0 0 -1
    outer loop
      vertex 101 -92 0
      vertex 140.452 -74.1562 0
      vertex 135 -112 0
    endloop
  endfacet
  facet normal -0 0 -1
    outer loop
      vertex 140.452 -74.1562 0
      vertex 101 -92 0
      vertex 140.168 -73.8106 0
    endloop
  endfacet
  facet normal -0 0 -1
    outer loop
      vertex 139.955 -73.4133 0
      vertex 101 -92 0
      vertex 139.955 -73.4116 0
    endloop
  endfacet
  facet normal -0 0 -1
    outer loop
      vertex 140.166 -73.8076 0
      vertex 101 -92 0
      vertex 139.955 -73.4133 0
    endloop
  endfacet
  facet normal -0 0 -1
    outer loop
      vertex 140.167 -73.8092 0
      vertex 101 -92 0
      vertex 140.166 -73.8076 0
    endloop
  endfacet
  facet normal -0 0 -1
    outer loop
      vertex 140.168 -73.8106 0
      vertex 101 -92 0
      vertex 140.167 -73.8092 0
    endloop
  endfacet
  facet normal 0 0 -1
    outer loop
      vertex 165.203 -130.065 0
      vertex 137 -120 0
      vertex 137 -112 0
    endloop
  endfacet
  facet normal 0 0 -1
    outer loop
      vertex 165.333 -131.385 0
      vertex 137 -120 0
      vertex 165.203 -130.957 0
    endloop
  endfacet
  facet normal 0 0 -1
    outer loop
      vertex 126.361 -122.285 0
      vertex 135 -120 0
      vertex 126.361 -122.287 0
    endloop
  endfacet
  facet normal -0 0 -1
    outer loop
      vertex 137 -120 0
      vertex 122.585 -142.506 0
      vertex 135 -120 0
    endloop
  endfacet
  facet normal 0 0 -1
    outer loop
      vertex 135 -120 0
      vertex 126.361 -122.289 0
      vertex 126.361 -122.287 0
    endloop
  endfacet
  facet normal 0 0 -1
    outer loop
      vertex 135 -120 0
      vertex 126.317 -122.734 0
      vertex 126.361 -122.289 0
    endloop
  endfacet
  facet normal 0 0 -1
    outer loop
      vertex 135 -120 0
      vertex 126.187 -123.162 0
      vertex 126.317 -122.734 0
    endloop
  endfacet
  facet normal 0 0 -1
    outer loop
      vertex 135 -120 0
      vertex 126.187 -123.163 0
      vertex 126.187 -123.162 0
    endloop
  endfacet
  facet normal 0 0 -1
    outer loop
      vertex 135 -120 0
      vertex 125.976 -123.558 0
      vertex 126.187 -123.163 0
    endloop
  endfacet
  facet normal 0 0 -1
    outer loop
      vertex 135 -120 0
      vertex 125.975 -123.559 0
      vertex 125.976 -123.558 0
    endloop
  endfacet
  facet normal 0 -0 -1
    outer loop
      vertex 125.69 -123.906 0
      vertex 135 -120 0
      vertex 122.585 -142.506 0
    endloop
  endfacet
  facet normal 0 0 -1
    outer loop
      vertex 135 -120 0
      vertex 125.974 -123.561 0
      vertex 125.975 -123.559 0
    endloop
  endfacet
  facet normal 0 0 -1
    outer loop
      vertex 135 -120 0
      vertex 125.69 -123.906 0
      vertex 125.974 -123.561 0
    endloop
  endfacet
  facet normal 0 0 -1
    outer loop
      vertex 125.69 -123.906 0
      vertex 122.585 -142.506 0
      vertex 125.345 -124.19 0
    endloop
  endfacet
  facet normal 0 0 -1
    outer loop
      vertex 125.345 -124.19 0
      vertex 122.585 -142.506 0
      vertex 125.343 -124.191 0
    endloop
  endfacet
  facet normal 0 0 -1
    outer loop
      vertex 125.343 -124.191 0
      vertex 122.585 -142.506 0
      vertex 125.342 -124.192 0
    endloop
  endfacet
  facet normal 0 0 -1
    outer loop
      vertex 125.342 -124.192 0
      vertex 122.585 -142.506 0
      vertex 124.947 -124.403 0
    endloop
  endfacet
  facet normal -0 0 -1
    outer loop
      vertex 124.947 -124.403 0
      vertex 122.585 -142.506 0
      vertex 124.946 -124.403 0
    endloop
  endfacet
  facet normal 0 0 -1
    outer loop
      vertex 124.946 -124.403 0
      vertex 122.585 -142.506 0
      vertex 124.518 -124.533 0
    endloop
  endfacet
  facet normal 0 0 -1
    outer loop
      vertex 124.518 -124.533 0
      vertex 122.585 -142.506 0
      vertex 124.073 -124.577 0
    endloop
  endfacet
  facet normal -0 0 -1
    outer loop
      vertex 124.073 -124.577 0
      vertex 122.585 -142.506 0
      vertex 124.071 -124.577 0
    endloop
  endfacet
  facet normal 0 0 -1
    outer loop
      vertex 122.416 -142.462 0
      vertex 124.071 -124.577 0
      vertex 122.585 -142.506 0
    endloop
  endfacet
  facet normal -0 0 -1
    outer loop
      vertex 124.071 -124.577 0
      vertex 122.416 -142.462 0
      vertex 124.069 -124.577 0
    endloop
  endfacet
  facet normal -0 0 -1
    outer loop
      vertex 124.069 -124.577 0
      vertex 122.416 -142.462 0
      vertex 123.624 -124.533 0
    endloop
  endfacet
  facet normal -0 0 -1
    outer loop
      vertex 123.624 -124.533 0
      vertex 122.416 -142.462 0
      vertex 123.196 -124.403 0
    endloop
  endfacet
  facet normal -0 0 -1
    outer loop
      vertex 123.196 -124.403 0
      vertex 122.416 -142.462 0
      vertex 123.195 -124.403 0
    endloop
  endfacet
  facet normal -0 0 -1
    outer loop
      vertex 123.195 -124.403 0
      vertex 122.416 -142.462 0
      vertex 122.8 -124.192 0
    endloop
  endfacet
  facet normal -0 0 -1
    outer loop
      vertex 122.8 -124.192 0
      vertex 122.416 -142.462 0
      vertex 122.799 -124.191 0
    endloop
  endfacet
  facet normal 0 0 -1
    outer loop
      vertex 109 -126 0
      vertex 122.799 -124.191 0
      vertex 122.416 -142.462 0
    endloop
  endfacet
  facet normal -0 0 -1
    outer loop
      vertex 122.799 -124.191 0
      vertex 109 -126 0
      vertex 122.797 -124.19 0
    endloop
  endfacet
  facet normal -0 0 -1
    outer loop
      vertex 122.797 -124.19 0
      vertex 109 -126 0
      vertex 122.452 -123.906 0
    endloop
  endfacet
  facet normal -0 0 -1
    outer loop
      vertex 122.452 -123.906 0
      vertex 109 -126 0
      vertex 122.168 -123.561 0
    endloop
  endfacet
  facet normal -0 0 -1
    outer loop
      vertex 122.168 -123.561 0
      vertex 109 -126 0
      vertex 122.167 -123.559 0
    endloop
  endfacet
  facet normal -0 0 -1
    outer loop
      vertex 122.167 -123.559 0
      vertex 109 -126 0
      vertex 122.166 -123.558 0
    endloop
  endfacet
  facet normal -0 0 -1
    outer loop
      vertex 122.166 -123.558 0
      vertex 109 -126 0
      vertex 121.955 -123.163 0
    endloop
  endfacet
  facet normal -0 0 -1
    outer loop
      vertex 121.955 -123.163 0
      vertex 109 -126 0
      vertex 121.955 -123.162 0
    endloop
  endfacet
  facet normal -0 0 -1
    outer loop
      vertex 121.955 -123.162 0
      vertex 109 -126 0
      vertex 121.825 -122.734 0
    endloop
  endfacet
  facet normal -0 0 -1
    outer loop
      vertex 121.825 -122.734 0
      vertex 109 -126 0
      vertex 121.781 -122.289 0
    endloop
  endfacet
  facet normal -0 0 -1
    outer loop
      vertex 121.781 -122.289 0
      vertex 109 -126 0
      vertex 121.781 -122.287 0
    endloop
  endfacet
  facet normal 0 0 -1
    outer loop
      vertex 122.416 -142.462 0
      vertex 107 -126 0
      vertex 109 -126 0
    endloop
  endfacet
  facet normal 0 0 -1
    outer loop
      vertex 81 -116 0
      vertex 107 -126 0
      vertex 90.1508 -137.441 0
    endloop
  endfacet
  facet normal -0 0 -1
    outer loop
      vertex 139.781 -72.5387 0
      vertex 101 -92 0
      vertex 105.375 -45.4268 0
    endloop
  endfacet
  facet normal 0 0 -1
    outer loop
      vertex 88.361 -71.2869 0
      vertex 105.375 -45.4268 0
      vertex 101 -92 0
    endloop
  endfacet
  facet normal 0 0 -1
    outer loop
      vertex 88.3608 -71.2852 0
      vertex 105.375 -45.4268 0
      vertex 88.361 -71.2869 0
    endloop
  endfacet
  facet normal -0 0 -1
    outer loop
      vertex 139.825 -72.9837 0
      vertex 101 -92 0
      vertex 139.781 -72.5387 0
    endloop
  endfacet
  facet normal 0 0 -1
    outer loop
      vertex 107 -118 0
      vertex 99 -100 0
      vertex 101 -100 0
    endloop
  endfacet
  facet normal 0 0 -1
    outer loop
      vertex 107 -126 0
      vertex 81 -116 0
      vertex 107 -118 0
    endloop
  endfacet
  facet normal 0 0 -1
    outer loop
      vertex 81 -116 0
      vertex 90.1508 -137.441 0
      vertex 89.9404 -137.434 0
    endloop
  endfacet
  facet normal 0 0 -1
    outer loop
      vertex 90.1508 -137.441 0
      vertex 107 -126 0
      vertex 122.416 -142.462 0
    endloop
  endfacet
  facet normal 0 0 -1
    outer loop
      vertex 169.696 -130.065 0
      vertex 183.086 -125.66 0
      vertex 169.739 -130.51 0
    endloop
  endfacet
  facet normal 0 0 -1
    outer loop
      vertex 168.326 -132.626 0
      vertex 172.191 -160.739 0
      vertex 171.418 -160.599 0
    endloop
  endfacet
  facet normal 0 0 -1
    outer loop
      vertex 169.695 -130.063 0
      vertex 183.086 -125.66 0
      vertex 169.696 -130.065 0
    endloop
  endfacet
  facet normal 0 0 -1
    outer loop
      vertex 169.566 -129.635 0
      vertex 183.086 -125.66 0
      vertex 169.695 -130.063 0
    endloop
  endfacet
  facet normal 0 0 -1
    outer loop
      vertex 169.565 -129.634 0
      vertex 183.086 -125.66 0
      vertex 169.566 -129.635 0
    endloop
  endfacet
  facet normal -0 0 -1
    outer loop
      vertex 183.086 -125.66 0
      vertex 169.565 -129.634 0
      vertex 183.071 -125.501 0
    endloop
  endfacet
  facet normal 0 0 -1
    outer loop
      vertex 169.564 -129.632 0
      vertex 183.071 -125.501 0
      vertex 169.565 -129.634 0
    endloop
  endfacet
  facet normal 0 0 -1
    outer loop
      vertex 169.354 -129.238 0
      vertex 183.071 -125.501 0
      vertex 169.564 -129.632 0
    endloop
  endfacet
  facet normal 0 0 -1
    outer loop
      vertex 169.352 -129.236 0
      vertex 183.071 -125.501 0
      vertex 169.354 -129.238 0
    endloop
  endfacet
  facet normal 0 0 -1
    outer loop
      vertex 169.069 -128.891 0
      vertex 183.071 -125.501 0
      vertex 169.352 -129.236 0
    endloop
  endfacet
  facet normal 0 0 -1
    outer loop
      vertex 168.723 -128.607 0
      vertex 183.071 -125.501 0
      vertex 169.069 -128.891 0
    endloop
  endfacet
  facet normal 0 0 -1
    outer loop
      vertex 168.722 -128.606 0
      vertex 183.071 -125.501 0
      vertex 168.723 -128.607 0
    endloop
  endfacet
  facet normal 0 0 -1
    outer loop
      vertex 168.72 -128.605 0
      vertex 183.071 -125.501 0
      vertex 168.722 -128.606 0
    endloop
  endfacet
  facet normal 0 0 -1
    outer loop
      vertex 168.326 -128.394 0
      vertex 183.071 -125.501 0
      vertex 168.72 -128.605 0
    endloop
  endfacet
  facet normal 0 0 -1
    outer loop
      vertex 168.324 -128.394 0
      vertex 183.071 -125.501 0
      vertex 168.326 -128.394 0
    endloop
  endfacet
  facet normal 0 0 -1
    outer loop
      vertex 167.896 -128.264 0
      vertex 183.071 -125.501 0
      vertex 168.324 -128.394 0
    endloop
  endfacet
  facet normal 0 0 -1
    outer loop
      vertex 167.451 -128.22 0
      vertex 183.071 -125.501 0
      vertex 167.896 -128.264 0
    endloop
  endfacet
  facet normal 0 0 -1
    outer loop
      vertex 183.071 -125.501 0
      vertex 168.071 -62.9869 0
      vertex 173.071 -62.9869 0
    endloop
  endfacet
  facet normal 0 0 -1
    outer loop
      vertex 167.449 -128.22 0
      vertex 183.071 -125.501 0
      vertex 167.451 -128.22 0
    endloop
  endfacet
  facet normal -0 0 -1
    outer loop
      vertex 183.071 -125.501 0
      vertex 167.449 -128.22 0
      vertex 168.071 -62.9869 0
    endloop
  endfacet
  facet normal 0 0 -1
    outer loop
      vertex 167.448 -128.22 0
      vertex 168.071 -62.9869 0
      vertex 167.449 -128.22 0
    endloop
  endfacet
  facet normal 0 0 -1
    outer loop
      vertex 167.003 -128.264 0
      vertex 168.071 -62.9869 0
      vertex 167.448 -128.22 0
    endloop
  endfacet
  facet normal 0 0 -1
    outer loop
      vertex 166.575 -128.394 0
      vertex 168.071 -62.9869 0
      vertex 167.003 -128.264 0
    endloop
  endfacet
  facet normal 0 0 -1
    outer loop
      vertex 166.573 -128.394 0
      vertex 168.071 -62.9869 0
      vertex 166.575 -128.394 0
    endloop
  endfacet
  facet normal 0 0 -1
    outer loop
      vertex 166.179 -128.605 0
      vertex 168.071 -62.9869 0
      vertex 166.573 -128.394 0
    endloop
  endfacet
  facet normal 0 0 -1
    outer loop
      vertex 166.177 -128.606 0
      vertex 168.071 -62.9869 0
      vertex 166.179 -128.605 0
    endloop
  endfacet
  facet normal 0 0 -1
    outer loop
      vertex 166.176 -128.607 0
      vertex 168.071 -62.9869 0
      vertex 166.177 -128.606 0
    endloop
  endfacet
  facet normal 0 0 -1
    outer loop
      vertex 165.83 -128.891 0
      vertex 168.071 -62.9869 0
      vertex 166.176 -128.607 0
    endloop
  endfacet
  facet normal 0 0 -1
    outer loop
      vertex 165.829 -128.892 0
      vertex 168.071 -62.9869 0
      vertex 165.83 -128.891 0
    endloop
  endfacet
  facet normal 0 0 -1
    outer loop
      vertex 165.545 -129.238 0
      vertex 168.071 -62.9869 0
      vertex 165.829 -128.892 0
    endloop
  endfacet
  facet normal 0 0 -1
    outer loop
      vertex 161.226 -53.5158 0
      vertex 168.071 -62.9869 0
      vertex 165.545 -129.238 0
    endloop
  endfacet
  facet normal 0 0 -1
    outer loop
      vertex 161.226 -53.5158 0
      vertex 165.545 -129.238 0
      vertex 165.335 -129.632 0
    endloop
  endfacet
  facet normal 0 0 -1
    outer loop
      vertex 161.226 -53.5158 0
      vertex 165.335 -129.632 0
      vertex 165.334 -129.634 0
    endloop
  endfacet
  facet normal 0 0 -1
    outer loop
      vertex 161.226 -53.5158 0
      vertex 165.334 -129.634 0
      vertex 165.333 -129.635 0
    endloop
  endfacet
  facet normal 0 0 -1
    outer loop
      vertex 161.226 -53.5158 0
      vertex 165.333 -129.635 0
      vertex 165.203 -130.063 0
    endloop
  endfacet
  facet normal 0 0 -1
    outer loop
      vertex 161.226 -53.5158 0
      vertex 165.203 -130.063 0
      vertex 165.203 -130.065 0
    endloop
  endfacet
  facet normal 0 0 -1
    outer loop
      vertex 137 -120 0
      vertex 165.203 -130.065 0
      vertex 165.159 -130.51 0
    endloop
  endfacet
  facet normal 0 0 -1
    outer loop
      vertex 168.071 -62.9869 0
      vertex 161.418 -53.5371 0
      vertex 168.071 -53.5371 0
    endloop
  endfacet
  facet normal 0 0 -1
    outer loop
      vertex 185.632 -142.775 0
      vertex 185.861 -140.62 0
      vertex 185.866 -141.411 0
    endloop
  endfacet
  facet normal 0 0 -1
    outer loop
      vertex 185.363 -143.52 0
      vertex 185.861 -140.62 0
      vertex 185.632 -142.775 0
    endloop
  endfacet
  facet normal 0 0 -1
    outer loop
      vertex 169.696 -130.955 0
      vertex 185.861 -140.62 0
      vertex 185.363 -143.52 0
    endloop
  endfacet
  facet normal 0 0 -1
    outer loop
      vertex 173.071 -62.9869 0
      vertex 183.071 -57.7871 0
      vertex 183.071 -125.501 0
    endloop
  endfacet
  facet normal 0 -0 -1
    outer loop
      vertex 178.821 -53.5371 0
      vertex 183.071 -57.7871 0
      vertex 173.071 -62.9869 0
    endloop
  endfacet
  facet normal 0 0 -1
    outer loop
      vertex 183.071 -57.7871 0
      vertex 178.821 -53.5371 0
      vertex 182.9 -56.9258 0
    endloop
  endfacet
  facet normal -0 -0 -1
    outer loop
      vertex 179.683 -53.7085 0
      vertex 182.9 -56.9258 0
      vertex 178.821 -53.5371 0
    endloop
  endfacet
  facet normal 0 0 -1
    outer loop
      vertex 182.314 -55.5117 0
      vertex 179.683 -53.7085 0
      vertex 181.097 -54.2944 0
    endloop
  endfacet
  facet normal -0 0 -1
    outer loop
      vertex 176.07 -159.341 0
      vertex 172.191 -160.739 0
      vertex 176.576 -158.739 0
    endloop
  endfacet
  facet normal 0 0 -1
    outer loop
      vertex 169.696 -130.955 0
      vertex 176.576 -158.739 0
      vertex 172.191 -160.739 0
    endloop
  endfacet
  facet normal 0 0 -1
    outer loop
      vertex 169.696 -130.955 0
      vertex 185.363 -143.52 0
      vertex 176.576 -158.739 0
    endloop
  endfacet
  facet normal 0 0 -1
    outer loop
      vertex 172.191 -160.739 0
      vertex 176.07 -159.341 0
      vertex 173.564 -160.745 0
    endloop
  endfacet
  facet normal 0 0 -1
    outer loop
      vertex 173.564 -160.745 0
      vertex 176.07 -159.341 0
      vertex 175.016 -160.221 0
    endloop
  endfacet
  facet normal 0 0 -1
    outer loop
      vertex 169.696 -130.955 0
      vertex 183.086 -125.66 0
      vertex 185.861 -140.62 0
    endloop
  endfacet
  facet normal 0 0 -1
    outer loop
      vertex 182.9 -56.9258 0
      vertex 179.683 -53.7085 0
      vertex 182.314 -55.5117 0
    endloop
  endfacet
  facet normal -0 0 -1
    outer loop
      vertex 178.821 -53.5371 0
      vertex 173.071 -62.9869 0
      vertex 173.071 -53.5371 0
    endloop
  endfacet
  facet normal 0 0 -1
    outer loop
      vertex 144.361 -72.5352 0
      vertex 161.226 -53.5158 0
      vertex 144.361 -72.5369 0
    endloop
  endfacet
  facet normal 0 0 -1
    outer loop
      vertex 144.317 -72.0902 0
      vertex 161.226 -53.5158 0
      vertex 144.361 -72.5352 0
    endloop
  endfacet
  facet normal 0 0 -1
    outer loop
      vertex 144.187 -71.6623 0
      vertex 161.226 -53.5158 0
      vertex 144.317 -72.0902 0
    endloop
  endfacet
  facet normal 0 0 -1
    outer loop
      vertex 144.187 -71.6606 0
      vertex 161.226 -53.5158 0
      vertex 144.187 -71.6623 0
    endloop
  endfacet
  facet normal 0 0 -1
    outer loop
      vertex 143.976 -71.2663 0
      vertex 161.226 -53.5158 0
      vertex 144.187 -71.6606 0
    endloop
  endfacet
  facet normal 0 0 -1
    outer loop
      vertex 143.975 -71.2647 0
      vertex 161.226 -53.5158 0
      vertex 143.976 -71.2663 0
    endloop
  endfacet
  facet normal 0 0 -1
    outer loop
      vertex 143.974 -71.2633 0
      vertex 161.226 -53.5158 0
      vertex 143.975 -71.2647 0
    endloop
  endfacet
  facet normal 0 0 -1
    outer loop
      vertex 143.69 -70.9177 0
      vertex 161.226 -53.5158 0
      vertex 143.974 -71.2633 0
    endloop
  endfacet
  facet normal 0 0 -1
    outer loop
      vertex 143.345 -70.634 0
      vertex 161.226 -53.5158 0
      vertex 143.69 -70.9177 0
    endloop
  endfacet
  facet normal 0 0 -1
    outer loop
      vertex 143.343 -70.6329 0
      vertex 161.226 -53.5158 0
      vertex 143.345 -70.634 0
    endloop
  endfacet
  facet normal 0 0 -1
    outer loop
      vertex 143.342 -70.632 0
      vertex 161.226 -53.5158 0
      vertex 143.343 -70.6329 0
    endloop
  endfacet
  facet normal 0 0 -1
    outer loop
      vertex 142.947 -70.4213 0
      vertex 161.226 -53.5158 0
      vertex 143.342 -70.632 0
    endloop
  endfacet
  facet normal 0 0 -1
    outer loop
      vertex 142.946 -70.4207 0
      vertex 161.226 -53.5158 0
      vertex 142.947 -70.4213 0
    endloop
  endfacet
  facet normal 0 0 -1
    outer loop
      vertex 142.518 -70.2909 0
      vertex 161.226 -53.5158 0
      vertex 142.946 -70.4207 0
    endloop
  endfacet
  facet normal 0 0 -1
    outer loop
      vertex 142.073 -70.2471 0
      vertex 161.226 -53.5158 0
      vertex 142.518 -70.2909 0
    endloop
  endfacet
  facet normal 0 0 -1
    outer loop
      vertex 142.071 -70.2469 0
      vertex 161.226 -53.5158 0
      vertex 142.073 -70.2471 0
    endloop
  endfacet
  facet normal 0 0 -1
    outer loop
      vertex 125.783 -45.5306 0
      vertex 142.071 -70.2469 0
      vertex 142.069 -70.2471 0
    endloop
  endfacet
  facet normal 0 0 -1
    outer loop
      vertex 125.783 -45.5306 0
      vertex 142.069 -70.2471 0
      vertex 141.624 -70.2909 0
    endloop
  endfacet
  facet normal 0 0 -1
    outer loop
      vertex 125.783 -45.5306 0
      vertex 141.624 -70.2909 0
      vertex 141.196 -70.4207 0
    endloop
  endfacet
  facet normal 0 0 -1
    outer loop
      vertex 125.783 -45.5306 0
      vertex 141.196 -70.4207 0
      vertex 141.195 -70.4213 0
    endloop
  endfacet
  facet normal 0 0 -1
    outer loop
      vertex 125.783 -45.5306 0
      vertex 141.195 -70.4213 0
      vertex 140.8 -70.632 0
    endloop
  endfacet
  facet normal 0 0 -1
    outer loop
      vertex 125.783 -45.5306 0
      vertex 140.8 -70.632 0
      vertex 140.799 -70.6329 0
    endloop
  endfacet
  facet normal 0 0 -1
    outer loop
      vertex 125.783 -45.5306 0
      vertex 140.799 -70.6329 0
      vertex 140.797 -70.634 0
    endloop
  endfacet
  facet normal 0 0 -1
    outer loop
      vertex 125.783 -45.5306 0
      vertex 140.797 -70.634 0
      vertex 140.452 -70.9177 0
    endloop
  endfacet
  facet normal 0 0 -1
    outer loop
      vertex 125.783 -45.5306 0
      vertex 140.168 -71.2633 0
      vertex 140.167 -71.2647 0
    endloop
  endfacet
  facet normal 0 0 -1
    outer loop
      vertex 125.783 -45.5306 0
      vertex 140.166 -71.2663 0
      vertex 139.955 -71.6606 0
    endloop
  endfacet
  facet normal -0 0 -1
    outer loop
      vertex 139.955 -73.4116 0
      vertex 101 -92 0
      vertex 139.825 -72.9837 0
    endloop
  endfacet
  facet normal 0 0 -1
    outer loop
      vertex 123.624 -120.041 0
      vertex 101 -100 0
      vertex 135 -112 0
    endloop
  endfacet
  facet normal 0 0 -1
    outer loop
      vertex 101 -100 0
      vertex 109 -118 0
      vertex 107 -118 0
    endloop
  endfacet
  facet normal 0 0 -1
    outer loop
      vertex 101 -92 0
      vertex 135 -112 0
      vertex 101 -100 0
    endloop
  endfacet
  facet normal 0 0 -1
    outer loop
      vertex 126.317 -121.84 0
      vertex 135 -120 0
      vertex 126.361 -122.285 0
    endloop
  endfacet
  facet normal 0 0 -1
    outer loop
      vertex 126.187 -121.412 0
      vertex 135 -120 0
      vertex 126.317 -121.84 0
    endloop
  endfacet
  facet normal 0 0 -1
    outer loop
      vertex 126.187 -121.411 0
      vertex 135 -120 0
      vertex 126.187 -121.412 0
    endloop
  endfacet
  facet normal 0 0 -1
    outer loop
      vertex 125.976 -121.016 0
      vertex 135 -120 0
      vertex 126.187 -121.411 0
    endloop
  endfacet
  facet normal 0 0 -1
    outer loop
      vertex 125.975 -121.015 0
      vertex 135 -120 0
      vertex 125.976 -121.016 0
    endloop
  endfacet
  facet normal 0 0 -1
    outer loop
      vertex 125.974 -121.013 0
      vertex 135 -120 0
      vertex 125.975 -121.015 0
    endloop
  endfacet
  facet normal 0 0 -1
    outer loop
      vertex 125.69 -120.668 0
      vertex 135 -120 0
      vertex 125.974 -121.013 0
    endloop
  endfacet
  facet normal -0 0 -1
    outer loop
      vertex 135 -120 0
      vertex 125.69 -120.668 0
      vertex 135 -112 0
    endloop
  endfacet
  facet normal 0 0 -1
    outer loop
      vertex 142.071 -70.2469 0
      vertex 125.783 -45.5306 0
      vertex 161.226 -53.5158 0
    endloop
  endfacet
  facet normal 0 0 -1
    outer loop
      vertex 140.168 -71.2633 0
      vertex 125.783 -45.5306 0
      vertex 140.452 -70.9177 0
    endloop
  endfacet
  facet normal 0 0 -1
    outer loop
      vertex 140.166 -71.2663 0
      vertex 125.783 -45.5306 0
      vertex 140.167 -71.2647 0
    endloop
  endfacet
  facet normal 0 0 -1
    outer loop
      vertex 124.849 -45.4268 0
      vertex 139.955 -71.6606 0
      vertex 139.955 -71.6623 0
    endloop
  endfacet
  facet normal 0 0 -1
    outer loop
      vertex 124.849 -45.4268 0
      vertex 139.955 -71.6623 0
      vertex 139.825 -72.0902 0
    endloop
  endfacet
  facet normal 0 0 -1
    outer loop
      vertex 125.345 -120.384 0
      vertex 135 -112 0
      vertex 125.69 -120.668 0
    endloop
  endfacet
  facet normal 0 0 -1
    outer loop
      vertex 125.343 -120.383 0
      vertex 135 -112 0
      vertex 125.345 -120.384 0
    endloop
  endfacet
  facet normal 0 0 -1
    outer loop
      vertex 125.342 -120.382 0
      vertex 135 -112 0
      vertex 125.343 -120.383 0
    endloop
  endfacet
  facet normal 0 0 -1
    outer loop
      vertex 124.947 -120.171 0
      vertex 135 -112 0
      vertex 125.342 -120.382 0
    endloop
  endfacet
  facet normal 0 0 -1
    outer loop
      vertex 124.946 -120.171 0
      vertex 135 -112 0
      vertex 124.947 -120.171 0
    endloop
  endfacet
  facet normal 0 0 -1
    outer loop
      vertex 124.518 -120.041 0
      vertex 135 -112 0
      vertex 124.946 -120.171 0
    endloop
  endfacet
  facet normal 0 0 -1
    outer loop
      vertex 124.073 -119.997 0
      vertex 135 -112 0
      vertex 124.518 -120.041 0
    endloop
  endfacet
  facet normal 0 0 -1
    outer loop
      vertex 124.071 -119.997 0
      vertex 135 -112 0
      vertex 124.073 -119.997 0
    endloop
  endfacet
  facet normal 0 0 -1
    outer loop
      vertex 124.069 -119.997 0
      vertex 135 -112 0
      vertex 124.071 -119.997 0
    endloop
  endfacet
  facet normal 0 0 -1
    outer loop
      vertex 123.624 -120.041 0
      vertex 135 -112 0
      vertex 124.069 -119.997 0
    endloop
  endfacet
  facet normal 0 0 -1
    outer loop
      vertex 139.955 -71.6606 0
      vertex 124.849 -45.4268 0
      vertex 125.783 -45.5306 0
    endloop
  endfacet
  facet normal 0 0 -1
    outer loop
      vertex 125.783 -45.5306 0
      vertex 124.849 -45.4268 0
      vertex 125.537 -45.4893 0
    endloop
  endfacet
  facet normal 0 0 -1
    outer loop
      vertex 125.537 -45.4893 0
      vertex 124.849 -45.4268 0
      vertex 125.097 -45.4405 0
    endloop
  endfacet
  facet normal 0 0 -1
    outer loop
      vertex 101 -100 0
      vertex 123.624 -120.041 0
      vertex 109 -118 0
    endloop
  endfacet
  facet normal 0 0 -1
    outer loop
      vertex 139.781 -72.5387 0
      vertex 105.375 -45.4268 0
      vertex 139.781 -72.5369 0
    endloop
  endfacet
  facet normal 0 0 -1
    outer loop
      vertex 109 -118 0
      vertex 123.624 -120.041 0
      vertex 123.196 -120.171 0
    endloop
  endfacet
  facet normal 0 0 -1
    outer loop
      vertex 109 -118 0
      vertex 123.196 -120.171 0
      vertex 123.195 -120.171 0
    endloop
  endfacet
  facet normal 0 0 -1
    outer loop
      vertex 109 -118 0
      vertex 123.195 -120.171 0
      vertex 122.8 -120.382 0
    endloop
  endfacet
  facet normal 0 0 -1
    outer loop
      vertex 109 -118 0
      vertex 122.8 -120.382 0
      vertex 122.799 -120.383 0
    endloop
  endfacet
  facet normal 0 0 -1
    outer loop
      vertex 109 -118 0
      vertex 122.799 -120.383 0
      vertex 122.797 -120.384 0
    endloop
  endfacet
  facet normal 0 0 -1
    outer loop
      vertex 109 -118 0
      vertex 122.797 -120.384 0
      vertex 122.452 -120.668 0
    endloop
  endfacet
  facet normal 0 0 -1
    outer loop
      vertex 109 -118 0
      vertex 122.452 -120.668 0
      vertex 122.168 -121.013 0
    endloop
  endfacet
  facet normal 0 0 -1
    outer loop
      vertex 109 -118 0
      vertex 122.168 -121.013 0
      vertex 122.167 -121.015 0
    endloop
  endfacet
  facet normal 0 0 -1
    outer loop
      vertex 109 -118 0
      vertex 122.167 -121.015 0
      vertex 122.166 -121.016 0
    endloop
  endfacet
  facet normal 0 0 -1
    outer loop
      vertex 109 -118 0
      vertex 122.166 -121.016 0
      vertex 121.955 -121.411 0
    endloop
  endfacet
  facet normal 0 0 -1
    outer loop
      vertex 109 -118 0
      vertex 121.955 -121.411 0
      vertex 121.955 -121.412 0
    endloop
  endfacet
  facet normal 0 0 -1
    outer loop
      vertex 109 -118 0
      vertex 121.955 -121.412 0
      vertex 121.825 -121.84 0
    endloop
  endfacet
  facet normal 0 0 -1
    outer loop
      vertex 109 -118 0
      vertex 121.825 -121.84 0
      vertex 121.781 -122.285 0
    endloop
  endfacet
  facet normal 0 0 -1
    outer loop
      vertex 109 -118 0
      vertex 121.781 -122.285 0
      vertex 121.781 -122.287 0
    endloop
  endfacet
  facet normal 0 0 -1
    outer loop
      vertex 109 -118 0
      vertex 121.781 -122.287 0
      vertex 109 -126 0
    endloop
  endfacet
  facet normal 0 0 -1
    outer loop
      vertex 139.781 -72.5369 0
      vertex 105.375 -45.4268 0
      vertex 139.781 -72.5352 0
    endloop
  endfacet
  facet normal 0 0 -1
    outer loop
      vertex 139.781 -72.5352 0
      vertex 105.375 -45.4268 0
      vertex 139.825 -72.0902 0
    endloop
  endfacet
  facet normal 0 0 -1
    outer loop
      vertex 139.825 -72.0902 0
      vertex 105.375 -45.4268 0
      vertex 124.849 -45.4268 0
    endloop
  endfacet
  facet normal 0 0 -1
    outer loop
      vertex 88.317 -70.8402 0
      vertex 105.375 -45.4268 0
      vertex 88.3608 -71.2852 0
    endloop
  endfacet
  facet normal 0 0 -1
    outer loop
      vertex 88.3608 -71.2887 0
      vertex 101 -92 0
      vertex 99 -92 0
    endloop
  endfacet
  facet normal 0 0 -1
    outer loop
      vertex 107 -118 0
      vertex 81 -116 0
      vertex 99 -100 0
    endloop
  endfacet
  facet normal 0 0 -1
    outer loop
      vertex 88.3608 -71.2887 0
      vertex 99 -92 0
      vertex 99 -100 0
    endloop
  endfacet
  facet normal 0 -0 -1
    outer loop
      vertex 104.111 -45.6195 0
      vertex 105.375 -45.4268 0
      vertex 88.317 -70.8402 0
    endloop
  endfacet
  facet normal 0 0 -1
    outer loop
      vertex 105.375 -45.4268 0
      vertex 104.111 -45.6195 0
      vertex 105.035 -45.4525 0
    endloop
  endfacet
  facet normal 0 0 -1
    outer loop
      vertex 105.035 -45.4525 0
      vertex 104.111 -45.6195 0
      vertex 104.441 -45.5434 0
    endloop
  endfacet
  facet normal 0 0 -1
    outer loop
      vertex 88.1872 -70.4123 0
      vertex 104.111 -45.6195 0
      vertex 88.317 -70.8402 0
    endloop
  endfacet
  facet normal 0 0 -1
    outer loop
      vertex 88.1867 -70.4106 0
      vertex 104.111 -45.6195 0
      vertex 88.1872 -70.4123 0
    endloop
  endfacet
  facet normal 0 0 -1
    outer loop
      vertex 87.9759 -70.0163 0
      vertex 104.111 -45.6195 0
      vertex 88.1867 -70.4106 0
    endloop
  endfacet
  facet normal 0 0 -1
    outer loop
      vertex 87.975 -70.0147 0
      vertex 104.111 -45.6195 0
      vertex 87.9759 -70.0163 0
    endloop
  endfacet
  facet normal 0 0 -1
    outer loop
      vertex 87.9739 -70.0133 0
      vertex 104.111 -45.6195 0
      vertex 87.975 -70.0147 0
    endloop
  endfacet
  facet normal 0 0 -1
    outer loop
      vertex 87.6902 -69.6677 0
      vertex 104.111 -45.6195 0
      vertex 87.9739 -70.0133 0
    endloop
  endfacet
  facet normal 0 0 -1
    outer loop
      vertex 86.6332 -51.0668 0
      vertex 87.6902 -69.6677 0
      vertex 87.3446 -69.384 0
    endloop
  endfacet
  facet normal 0 0 -1
    outer loop
      vertex 86.6332 -51.0668 0
      vertex 87.3446 -69.384 0
      vertex 87.3432 -69.3829 0
    endloop
  endfacet
  facet normal 0 0 -1
    outer loop
      vertex 86.6332 -51.0668 0
      vertex 87.3432 -69.3829 0
      vertex 87.3416 -69.382 0
    endloop
  endfacet
  facet normal 0 0 -1
    outer loop
      vertex 86.6332 -51.0668 0
      vertex 87.3416 -69.382 0
      vertex 86.9473 -69.1713 0
    endloop
  endfacet
  facet normal 0 0 -1
    outer loop
      vertex 85.6996 -51.4864 0
      vertex 86.9473 -69.1713 0
      vertex 86.9456 -69.1707 0
    endloop
  endfacet
  facet normal 0 0 -1
    outer loop
      vertex 87.6902 -69.6677 0
      vertex 86.6332 -51.0668 0
      vertex 104.111 -45.6195 0
    endloop
  endfacet
  facet normal 0 0 -1
    outer loop
      vertex 85.6996 -51.4864 0
      vertex 86.9456 -69.1707 0
      vertex 86.5177 -69.0409 0
    endloop
  endfacet
  facet normal 0 0 -1
    outer loop
      vertex 86.9473 -69.1713 0
      vertex 85.6996 -51.4864 0
      vertex 86.6332 -51.0668 0
    endloop
  endfacet
  facet normal 0 0 -1
    outer loop
      vertex 85.6996 -51.4864 0
      vertex 86.5177 -69.0409 0
      vertex 86.0728 -68.9971 0
    endloop
  endfacet
  facet normal 0 0 -1
    outer loop
      vertex 85.6996 -51.4864 0
      vertex 86.0728 -68.9971 0
      vertex 86.071 -68.9969 0
    endloop
  endfacet
  facet normal 0 0 -1
    outer loop
      vertex 85.6996 -51.4864 0
      vertex 86.071 -68.9969 0
      vertex 86.0692 -68.9971 0
    endloop
  endfacet
  facet normal 0 0 -1
    outer loop
      vertex 86.6332 -51.0668 0
      vertex 85.6996 -51.4864 0
      vertex 86.3813 -51.1622 0
    endloop
  endfacet
  facet normal 0 0 -1
    outer loop
      vertex 86.3813 -51.1622 0
      vertex 85.6996 -51.4864 0
      vertex 85.9419 -51.3594 0
    endloop
  endfacet
  facet normal 0 0 -1
    outer loop
      vertex 85.6242 -69.0409 0
      vertex 85.6996 -51.4864 0
      vertex 86.0692 -68.9971 0
    endloop
  endfacet
  facet normal 0 0 -1
    outer loop
      vertex 85.1963 -69.1707 0
      vertex 85.6996 -51.4864 0
      vertex 85.6242 -69.0409 0
    endloop
  endfacet
  facet normal 0 0 -1
    outer loop
      vertex 85.1946 -69.1713 0
      vertex 85.6996 -51.4864 0
      vertex 85.1963 -69.1707 0
    endloop
  endfacet
  facet normal 0 0 -1
    outer loop
      vertex 84.8003 -69.382 0
      vertex 85.6996 -51.4864 0
      vertex 85.1946 -69.1713 0
    endloop
  endfacet
  facet normal 0 0 -1
    outer loop
      vertex 84.7987 -69.3829 0
      vertex 85.6996 -51.4864 0
      vertex 84.8003 -69.382 0
    endloop
  endfacet
  facet normal 0 0 -1
    outer loop
      vertex 84.7973 -69.384 0
      vertex 85.6996 -51.4864 0
      vertex 84.7987 -69.3829 0
    endloop
  endfacet
  facet normal 0 0 -1
    outer loop
      vertex 84.4517 -69.6677 0
      vertex 85.6996 -51.4864 0
      vertex 84.7973 -69.384 0
    endloop
  endfacet
  facet normal 0 0 -1
    outer loop
      vertex 63.5512 -64.8702 0
      vertex 84.4517 -69.6677 0
      vertex 84.168 -70.0133 0
    endloop
  endfacet
  facet normal 0 0 -1
    outer loop
      vertex 63.5512 -64.8702 0
      vertex 84.168 -70.0133 0
      vertex 84.1669 -70.0147 0
    endloop
  endfacet
  facet normal 0 0 -1
    outer loop
      vertex 63.5512 -64.8702 0
      vertex 84.1669 -70.0147 0
      vertex 84.1661 -70.0163 0
    endloop
  endfacet
  facet normal 0 0 -1
    outer loop
      vertex 63.5512 -64.8702 0
      vertex 84.1661 -70.0163 0
      vertex 83.9553 -70.4106 0
    endloop
  endfacet
  facet normal 0 0 -1
    outer loop
      vertex 63.5512 -64.8702 0
      vertex 83.9553 -70.4106 0
      vertex 83.9548 -70.4123 0
    endloop
  endfacet
  facet normal 0 0 -1
    outer loop
      vertex 63.5512 -64.8702 0
      vertex 83.9548 -70.4123 0
      vertex 83.825 -70.8402 0
    endloop
  endfacet
  facet normal 0 0 -1
    outer loop
      vertex 63.5512 -64.8702 0
      vertex 83.825 -70.8402 0
      vertex 83.7811 -71.2852 0
    endloop
  endfacet
  facet normal 0 0 -1
    outer loop
      vertex 63.5512 -64.8702 0
      vertex 83.7811 -71.2852 0
      vertex 83.781 -71.2869 0
    endloop
  endfacet
  facet normal 0 0 -1
    outer loop
      vertex 83.9553 -72.1633 0
      vertex 63.5512 -64.8702 0
      vertex 83.9548 -72.1616 0
    endloop
  endfacet
  facet normal 0 0 -1
    outer loop
      vertex 83.9548 -72.1616 0
      vertex 63.5512 -64.8702 0
      vertex 83.825 -71.7337 0
    endloop
  endfacet
  facet normal 0 0 -1
    outer loop
      vertex 83.825 -71.7337 0
      vertex 63.5512 -64.8702 0
      vertex 83.7811 -71.2887 0
    endloop
  endfacet
  facet normal 0 0 -1
    outer loop
      vertex 71.8724 -118.437 0
      vertex 79 -116 0
      vertex 71.8726 -118.439 0
    endloop
  endfacet
  facet normal 0 0 -1
    outer loop
      vertex 71.8719 -118.436 0
      vertex 79 -116 0
      vertex 71.8724 -118.437 0
    endloop
  endfacet
  facet normal 0 0 -1
    outer loop
      vertex 71.7421 -118.008 0
      vertex 79 -116 0
      vertex 71.8719 -118.436 0
    endloop
  endfacet
  facet normal 0 0 -1
    outer loop
      vertex 71.7412 -118.006 0
      vertex 79 -116 0
      vertex 71.7421 -118.008 0
    endloop
  endfacet
  facet normal 0 0 -1
    outer loop
      vertex 71.5304 -117.612 0
      vertex 79 -116 0
      vertex 71.7412 -118.006 0
    endloop
  endfacet
  facet normal 0 0 -1
    outer loop
      vertex 71.2468 -117.266 0
      vertex 79 -116 0
      vertex 71.5304 -117.612 0
    endloop
  endfacet
  facet normal 0 0 -1
    outer loop
      vertex 71.2457 -117.265 0
      vertex 79 -116 0
      vertex 71.2468 -117.266 0
    endloop
  endfacet
  facet normal 0 0 -1
    outer loop
      vertex 71.2443 -117.264 0
      vertex 79 -116 0
      vertex 71.2457 -117.265 0
    endloop
  endfacet
  facet normal 0 0 -1
    outer loop
      vertex 70.8986 -116.98 0
      vertex 79 -116 0
      vertex 71.2443 -117.264 0
    endloop
  endfacet
  facet normal -0 0 -1
    outer loop
      vertex 79 -116 0
      vertex 70.8986 -116.98 0
      vertex 79 -108 0
    endloop
  endfacet
  facet normal 0 0 -1
    outer loop
      vertex 70.5043 -116.769 0
      vertex 79 -108 0
      vertex 70.8986 -116.98 0
    endloop
  endfacet
  facet normal 0 0 -1
    outer loop
      vertex 70.5027 -116.768 0
      vertex 79 -108 0
      vertex 70.5043 -116.769 0
    endloop
  endfacet
  facet normal 0 0 -1
    outer loop
      vertex 70.0749 -116.639 0
      vertex 79 -108 0
      vertex 70.5027 -116.768 0
    endloop
  endfacet
  facet normal 0 0 -1
    outer loop
      vertex 70.0731 -116.638 0
      vertex 79 -108 0
      vertex 70.0749 -116.639 0
    endloop
  endfacet
  facet normal 0 0 -1
    outer loop
      vertex 69.6282 -116.594 0
      vertex 79 -108 0
      vertex 70.0731 -116.638 0
    endloop
  endfacet
  facet normal 0 0 -1
    outer loop
      vertex 69.6264 -116.594 0
      vertex 79 -108 0
      vertex 69.6282 -116.594 0
    endloop
  endfacet
  facet normal 0 0 -1
    outer loop
      vertex 69.6246 -116.594 0
      vertex 79 -108 0
      vertex 69.6264 -116.594 0
    endloop
  endfacet
  facet normal 0 0 -1
    outer loop
      vertex 69.1796 -116.638 0
      vertex 79 -108 0
      vertex 69.6246 -116.594 0
    endloop
  endfacet
  facet normal 0 0 -1
    outer loop
      vertex 68.7517 -116.768 0
      vertex 79 -108 0
      vertex 69.1796 -116.638 0
    endloop
  endfacet
  facet normal 0 0 -1
    outer loop
      vertex 68.75 -116.768 0
      vertex 79 -108 0
      vertex 68.7517 -116.768 0
    endloop
  endfacet
  facet normal 0 0 -1
    outer loop
      vertex 63.1818 -64.9911 0
      vertex 79 -108 0
      vertex 68.75 -116.768 0
    endloop
  endfacet
  facet normal 0 0 -1
    outer loop
      vertex 63.1818 -64.9911 0
      vertex 68.75 -116.768 0
      vertex 68.7484 -116.769 0
    endloop
  endfacet
  facet normal 0 0 -1
    outer loop
      vertex 63.1818 -64.9911 0
      vertex 68.7484 -116.769 0
      vertex 68.3541 -116.98 0
    endloop
  endfacet
  facet normal 0 0 -1
    outer loop
      vertex 63.1818 -64.9911 0
      vertex 68.3541 -116.98 0
      vertex 68.0085 -117.264 0
    endloop
  endfacet
  facet normal 0 0 -1
    outer loop
      vertex 63.1818 -64.9911 0
      vertex 68.0085 -117.264 0
      vertex 68.0071 -117.265 0
    endloop
  endfacet
  facet normal 0 0 -1
    outer loop
      vertex 63.1818 -64.9911 0
      vertex 68.0071 -117.265 0
      vertex 68.006 -117.266 0
    endloop
  endfacet
  facet normal 0 0 -1
    outer loop
      vertex 63.1818 -64.9911 0
      vertex 68.006 -117.266 0
      vertex 67.7223 -117.612 0
    endloop
  endfacet
  facet normal 0 0 -1
    outer loop
      vertex 63.1818 -64.9911 0
      vertex 67.7223 -117.612 0
      vertex 67.7215 -117.613 0
    endloop
  endfacet
  facet normal 0 0 -1
    outer loop
      vertex 63.1818 -64.9911 0
      vertex 67.7215 -117.613 0
      vertex 67.5107 -118.008 0
    endloop
  endfacet
  facet normal 0 0 -1
    outer loop
      vertex 63.1818 -64.9911 0
      vertex 67.5107 -118.008 0
      vertex 67.3809 -118.436 0
    endloop
  endfacet
  facet normal 0 0 -1
    outer loop
      vertex 63.1818 -64.9911 0
      vertex 67.3809 -118.436 0
      vertex 67.3804 -118.437 0
    endloop
  endfacet
  facet normal 0 0 -1
    outer loop
      vertex 49.8513 -136.676 0
      vertex 67.3802 -118.439 0
      vertex 67.3364 -118.884 0
    endloop
  endfacet
  facet normal 0 0 -1
    outer loop
      vertex 84.4517 -69.6677 0
      vertex 63.5512 -64.8702 0
      vertex 85.6996 -51.4864 0
    endloop
  endfacet
  facet normal -0 0 -1
    outer loop
      vertex 67.3802 -118.439 0
      vertex 49.8513 -136.676 0
      vertex 67.3804 -118.437 0
    endloop
  endfacet
  facet normal 0 0 1
    outer loop
      vertex 163.571 -55.5371 2
      vertex 161.308 -55.5371 2
      vertex 163.571 -74.5869 2
    endloop
  endfacet
  facet normal 0 0 1
    outer loop
      vertex 178.821 -55.5371 2
      vertex 181.071 -57.7871 2
      vertex 181.052 -57.6914 2
    endloop
  endfacet
  facet normal 0 0 1
    outer loop
      vertex 183.894 -140.985 2
      vertex 183.66 -142.437 2
      vertex 183.895 -141.073 2
    endloop
  endfacet
  facet normal 0 0 1
    outer loop
      vertex 183.894 -140.985 2
      vertex 183.631 -142.52 2
      vertex 183.66 -142.437 2
    endloop
  endfacet
  facet normal -0 0 1
    outer loop
      vertex 168.466 -130.931 2
      vertex 183.894 -140.985 2
      vertex 181.102 -125.934 2
    endloop
  endfacet
  facet normal 0 0 1
    outer loop
      vertex 178.917 -55.5562 2
      vertex 181.052 -57.6914 2
      vertex 180.466 -56.2773 2
    endloop
  endfacet
  facet normal 0 0 1
    outer loop
      vertex 178.917 -55.5562 2
      vertex 180.466 -56.2773 2
      vertex 180.331 -56.1421 2
    endloop
  endfacet
  facet normal 0 0 1
    outer loop
      vertex 178.821 -55.5371 2
      vertex 181.052 -57.6914 2
      vertex 178.917 -55.5562 2
    endloop
  endfacet
  facet normal 0 0 1
    outer loop
      vertex 181.071 -57.7871 2
      vertex 178.821 -55.5371 2
      vertex 177.571 -55.5371 2
    endloop
  endfacet
  facet normal 0 0 1
    outer loop
      vertex 181.071 -57.7871 2
      vertex 177.571 -55.5371 2
      vertex 177.571 -74.5869 2
    endloop
  endfacet
  facet normal 0 0 1
    outer loop
      vertex 181.071 -57.7871 2
      vertex 177.571 -74.5869 2
      vertex 181.071 -125.592 2
    endloop
  endfacet
  facet normal -0 0 1
    outer loop
      vertex 168.364 -131.121 2
      vertex 183.894 -140.985 2
      vertex 168.466 -130.931 2
    endloop
  endfacet
  facet normal 0 0 1
    outer loop
      vertex 168.364 -129.899 2
      vertex 181.102 -125.934 2
      vertex 181.071 -125.592 2
    endloop
  endfacet
  facet normal -0 0 1
    outer loop
      vertex 163.571 -74.5869 2
      vertex 181.071 -125.592 2
      vertex 177.571 -74.5869 2
    endloop
  endfacet
  facet normal 0 0 1
    outer loop
      vertex 181.102 -125.934 2
      vertex 168.549 -130.51 2
      vertex 168.528 -130.725 2
    endloop
  endfacet
  facet normal 0 0 1
    outer loop
      vertex 181.102 -125.934 2
      vertex 168.528 -130.725 2
      vertex 168.466 -130.931 2
    endloop
  endfacet
  facet normal -0 0 1
    outer loop
      vertex 168.227 -131.288 2
      vertex 183.894 -140.985 2
      vertex 168.364 -131.121 2
    endloop
  endfacet
  facet normal -0 0 1
    outer loop
      vertex 168.061 -131.425 2
      vertex 183.894 -140.985 2
      vertex 168.227 -131.288 2
    endloop
  endfacet
  facet normal 0 0 1
    outer loop
      vertex 183.894 -140.985 2
      vertex 168.061 -131.425 2
      vertex 183.631 -142.52 2
    endloop
  endfacet
  facet normal -0 0 1
    outer loop
      vertex 167.87 -131.526 2
      vertex 183.631 -142.52 2
      vertex 168.061 -131.425 2
    endloop
  endfacet
  facet normal 0 0 1
    outer loop
      vertex 181.102 -125.934 2
      vertex 168.528 -130.295 2
      vertex 168.549 -130.51 2
    endloop
  endfacet
  facet normal 0 0 1
    outer loop
      vertex 181.102 -125.934 2
      vertex 168.466 -130.089 2
      vertex 168.528 -130.295 2
    endloop
  endfacet
  facet normal 0 0 1
    outer loop
      vertex 181.102 -125.934 2
      vertex 168.364 -129.899 2
      vertex 168.466 -130.089 2
    endloop
  endfacet
  facet normal 0 0 1
    outer loop
      vertex 181.071 -125.592 2
      vertex 168.227 -129.732 2
      vertex 168.364 -129.899 2
    endloop
  endfacet
  facet normal 0 0 1
    outer loop
      vertex 181.071 -125.592 2
      vertex 168.061 -129.595 2
      vertex 168.227 -129.732 2
    endloop
  endfacet
  facet normal 0 0 1
    outer loop
      vertex 181.071 -125.592 2
      vertex 167.87 -129.494 2
      vertex 168.061 -129.595 2
    endloop
  endfacet
  facet normal 0 0 1
    outer loop
      vertex 181.071 -125.592 2
      vertex 167.664 -129.431 2
      vertex 167.87 -129.494 2
    endloop
  endfacet
  facet normal 0 0 1
    outer loop
      vertex 181.071 -125.592 2
      vertex 167.449 -129.41 2
      vertex 167.664 -129.431 2
    endloop
  endfacet
  facet normal 0 0 1
    outer loop
      vertex 181.071 -125.592 2
      vertex 163.571 -74.5869 2
      vertex 167.449 -129.41 2
    endloop
  endfacet
  facet normal 0 0 1
    outer loop
      vertex 167.449 -129.41 2
      vertex 163.571 -74.5869 2
      vertex 167.235 -129.431 2
    endloop
  endfacet
  facet normal -0 0 1
    outer loop
      vertex 137 -112 2
      vertex 167.235 -129.431 2
      vertex 163.571 -74.5869 2
    endloop
  endfacet
  facet normal 0 0 1
    outer loop
      vertex 167.235 -129.431 2
      vertex 137 -112 2
      vertex 167.029 -129.494 2
    endloop
  endfacet
  facet normal 0 0 1
    outer loop
      vertex 167.029 -129.494 2
      vertex 137 -112 2
      vertex 166.838 -129.595 2
    endloop
  endfacet
  facet normal 0 0 1
    outer loop
      vertex 166.838 -129.595 2
      vertex 137 -112 2
      vertex 166.672 -129.732 2
    endloop
  endfacet
  facet normal -0 0 1
    outer loop
      vertex 137 -120 2
      vertex 166.672 -129.732 2
      vertex 137 -112 2
    endloop
  endfacet
  facet normal 0 0 1
    outer loop
      vertex 166.535 -129.899 2
      vertex 137 -120 2
      vertex 166.433 -130.089 2
    endloop
  endfacet
  facet normal 0 0 1
    outer loop
      vertex 166.672 -129.732 2
      vertex 137 -120 2
      vertex 166.535 -129.899 2
    endloop
  endfacet
  facet normal 0 0 1
    outer loop
      vertex 105.375 -47.4268 2
      vertex 87.1498 -71.0723 2
      vertex 87.171 -71.2869 2
    endloop
  endfacet
  facet normal 0 0 1
    outer loop
      vertex 87.2283 -52.9762 2
      vertex 87.0872 -70.866 2
      vertex 87.1498 -71.0723 2
    endloop
  endfacet
  facet normal 0 0 1
    outer loop
      vertex 87.2283 -52.9762 2
      vertex 86.9856 -70.6758 2
      vertex 87.0872 -70.866 2
    endloop
  endfacet
  facet normal 0 0 1
    outer loop
      vertex 87.2283 -52.9762 2
      vertex 86.8488 -70.5091 2
      vertex 86.9856 -70.6758 2
    endloop
  endfacet
  facet normal 0 0 1
    outer loop
      vertex 86.734 -53.1981 2
      vertex 87.2003 -52.9868 2
      vertex 86.7609 -53.184 2
    endloop
  endfacet
  facet normal 0 0 1
    outer loop
      vertex 87.2283 -52.9762 2
      vertex 86.734 -53.1981 2
      vertex 86.4919 -70.2707 2
    endloop
  endfacet
  facet normal 0 0 1
    outer loop
      vertex 87.2283 -52.9762 2
      vertex 86.6821 -70.3723 2
      vertex 86.8488 -70.5091 2
    endloop
  endfacet
  facet normal 0 0 1
    outer loop
      vertex 87.2283 -52.9762 2
      vertex 86.4919 -70.2707 2
      vertex 86.6821 -70.3723 2
    endloop
  endfacet
  facet normal 0 0 1
    outer loop
      vertex 86.734 -53.1981 2
      vertex 86.2856 -70.2081 2
      vertex 86.4919 -70.2707 2
    endloop
  endfacet
  facet normal 0 0 1
    outer loop
      vertex 86.734 -53.1981 2
      vertex 86.071 -70.187 2
      vertex 86.2856 -70.2081 2
    endloop
  endfacet
  facet normal 0 0 1
    outer loop
      vertex 86.734 -53.1981 2
      vertex 85.8564 -70.2081 2
      vertex 86.071 -70.187 2
    endloop
  endfacet
  facet normal 0 0 1
    outer loop
      vertex 86.734 -53.1981 2
      vertex 85.65 -70.2707 2
      vertex 85.8564 -70.2081 2
    endloop
  endfacet
  facet normal 0 0 1
    outer loop
      vertex 86.734 -53.1981 2
      vertex 85.4598 -70.3723 2
      vertex 85.65 -70.2707 2
    endloop
  endfacet
  facet normal 0 0 1
    outer loop
      vertex 86.734 -53.1981 2
      vertex 85.2932 -70.5091 2
      vertex 85.4598 -70.3723 2
    endloop
  endfacet
  facet normal -0 0 1
    outer loop
      vertex 64.3902 -66.7 2
      vertex 85.2932 -70.5091 2
      vertex 86.734 -53.1981 2
    endloop
  endfacet
  facet normal 0 0 1
    outer loop
      vertex 85.2932 -70.5091 2
      vertex 64.3902 -66.7 2
      vertex 85.1564 -70.6758 2
    endloop
  endfacet
  facet normal 0 0 1
    outer loop
      vertex 85.1564 -70.6758 2
      vertex 64.3902 -66.7 2
      vertex 85.0547 -70.866 2
    endloop
  endfacet
  facet normal 0 0 1
    outer loop
      vertex 85.0547 -70.866 2
      vertex 64.3902 -66.7 2
      vertex 84.9921 -71.0723 2
    endloop
  endfacet
  facet normal 0 0 1
    outer loop
      vertex 84.9921 -71.0723 2
      vertex 64.3902 -66.7 2
      vertex 84.971 -71.2869 2
    endloop
  endfacet
  facet normal -0 0 1
    outer loop
      vertex 63.5854 -66.9634 2
      vertex 84.971 -71.2869 2
      vertex 64.3902 -66.7 2
    endloop
  endfacet
  facet normal 0 0 1
    outer loop
      vertex 70.2375 -117.969 2
      vertex 79 -116 2
      vertex 79 -108 2
    endloop
  endfacet
  facet normal 0 0 1
    outer loop
      vertex 84.971 -71.2869 2
      vertex 79 -108 2
      vertex 81 -108 2
    endloop
  endfacet
  facet normal 0 0 1
    outer loop
      vertex 79 -116 2
      vertex 70.7052 -118.669 2
      vertex 70.7264 -118.884 2
    endloop
  endfacet
  facet normal 0 0 1
    outer loop
      vertex 79 -116 2
      vertex 70.6426 -118.463 2
      vertex 70.7052 -118.669 2
    endloop
  endfacet
  facet normal 0 0 1
    outer loop
      vertex 79 -116 2
      vertex 70.541 -118.273 2
      vertex 70.6426 -118.463 2
    endloop
  endfacet
  facet normal 0 0 1
    outer loop
      vertex 79 -116 2
      vertex 70.4042 -118.106 2
      vertex 70.541 -118.273 2
    endloop
  endfacet
  facet normal 0 0 1
    outer loop
      vertex 79 -116 2
      vertex 70.2375 -117.969 2
      vertex 70.4042 -118.106 2
    endloop
  endfacet
  facet normal 0 0 1
    outer loop
      vertex 84.971 -71.2869 2
      vertex 63.5854 -66.9634 2
      vertex 79 -108 2
    endloop
  endfacet
  facet normal 0 0 1
    outer loop
      vertex 79 -108 2
      vertex 70.0473 -117.868 2
      vertex 70.2375 -117.969 2
    endloop
  endfacet
  facet normal 0 0 1
    outer loop
      vertex 79 -108 2
      vertex 69.841 -117.805 2
      vertex 70.0473 -117.868 2
    endloop
  endfacet
  facet normal 0 0 1
    outer loop
      vertex 79 -108 2
      vertex 69.6264 -117.784 2
      vertex 69.841 -117.805 2
    endloop
  endfacet
  facet normal -0 0 1
    outer loop
      vertex 46.0918 -70.7523 2
      vertex 79 -108 2
      vertex 63.5854 -66.9634 2
    endloop
  endfacet
  facet normal 0 0 1
    outer loop
      vertex 79 -108 2
      vertex 69.4118 -117.805 2
      vertex 69.6264 -117.784 2
    endloop
  endfacet
  facet normal 0 0 1
    outer loop
      vertex 79 -108 2
      vertex 69.2054 -117.868 2
      vertex 69.4118 -117.805 2
    endloop
  endfacet
  facet normal 0 -0 1
    outer loop
      vertex 69.0153 -117.969 2
      vertex 79 -108 2
      vertex 46.0918 -70.7523 2
    endloop
  endfacet
  facet normal 0 0 1
    outer loop
      vertex 79 -108 2
      vertex 69.0153 -117.969 2
      vertex 69.2054 -117.868 2
    endloop
  endfacet
  facet normal 0 0 1
    outer loop
      vertex 69.0153 -117.969 2
      vertex 46.0918 -70.7523 2
      vertex 68.8486 -118.106 2
    endloop
  endfacet
  facet normal 0 0 1
    outer loop
      vertex 68.7118 -118.273 2
      vertex 46.0918 -70.7523 2
      vertex 68.6101 -118.463 2
    endloop
  endfacet
  facet normal 0 0 1
    outer loop
      vertex 68.8486 -118.106 2
      vertex 46.0918 -70.7523 2
      vertex 68.7118 -118.273 2
    endloop
  endfacet
  facet normal 0 0 1
    outer loop
      vertex 105.375 -47.4268 2
      vertex 87.171 -71.2869 2
      vertex 101 -92 2
    endloop
  endfacet
  facet normal 0 0 1
    outer loop
      vertex 81 -108 2
      vertex 99 -100 2
      vertex 99 -92 2
    endloop
  endfacet
  facet normal -0 0 1
    outer loop
      vertex 87.1498 -71.5015 2
      vertex 101 -92 2
      vertex 87.171 -71.2869 2
    endloop
  endfacet
  facet normal -0 0 1
    outer loop
      vertex 86.9856 -71.8981 2
      vertex 99 -92 2
      vertex 87.0872 -71.7079 2
    endloop
  endfacet
  facet normal 0 0 1
    outer loop
      vertex 87.1498 -71.0723 2
      vertex 104.706 -47.5289 2
      vertex 87.2283 -52.9762 2
    endloop
  endfacet
  facet normal 0 0 1
    outer loop
      vertex 86.734 -53.1981 2
      vertex 87.2283 -52.9762 2
      vertex 87.2003 -52.9868 2
    endloop
  endfacet
  facet normal -0 0 1
    outer loop
      vertex 87.0872 -71.7079 2
      vertex 101 -92 2
      vertex 87.1498 -71.5015 2
    endloop
  endfacet
  facet normal 0 0 1
    outer loop
      vertex 101 -92 2
      vertex 87.0872 -71.7079 2
      vertex 99 -92 2
    endloop
  endfacet
  facet normal 0 0 1
    outer loop
      vertex 99 -100 2
      vertex 81 -108 2
      vertex 81 -116 2
    endloop
  endfacet
  facet normal -0 0 1
    outer loop
      vertex 86.8488 -72.0648 2
      vertex 99 -92 2
      vertex 86.9856 -71.8981 2
    endloop
  endfacet
  facet normal -0 0 1
    outer loop
      vertex 86.6821 -72.2016 2
      vertex 99 -92 2
      vertex 86.8488 -72.0648 2
    endloop
  endfacet
  facet normal -0 0 1
    outer loop
      vertex 86.4919 -72.3032 2
      vertex 99 -92 2
      vertex 86.6821 -72.2016 2
    endloop
  endfacet
  facet normal -0 0 1
    outer loop
      vertex 86.2856 -72.3658 2
      vertex 99 -92 2
      vertex 86.4919 -72.3032 2
    endloop
  endfacet
  facet normal -0 0 1
    outer loop
      vertex 86.071 -72.3869 2
      vertex 99 -92 2
      vertex 86.2856 -72.3658 2
    endloop
  endfacet
  facet normal 0 0 1
    outer loop
      vertex 85.8564 -72.3658 2
      vertex 99 -92 2
      vertex 86.071 -72.3869 2
    endloop
  endfacet
  facet normal 0 0 1
    outer loop
      vertex 99 -92 2
      vertex 85.8564 -72.3658 2
      vertex 81 -108 2
    endloop
  endfacet
  facet normal 0 0 1
    outer loop
      vertex 81 -108 2
      vertex 85.8564 -72.3658 2
      vertex 85.65 -72.3032 2
    endloop
  endfacet
  facet normal 0 0 1
    outer loop
      vertex 81 -108 2
      vertex 85.65 -72.3032 2
      vertex 85.4598 -72.2016 2
    endloop
  endfacet
  facet normal 0 0 1
    outer loop
      vertex 81 -108 2
      vertex 85.4598 -72.2016 2
      vertex 85.2932 -72.0648 2
    endloop
  endfacet
  facet normal 0 0 1
    outer loop
      vertex 81 -108 2
      vertex 85.2932 -72.0648 2
      vertex 85.1564 -71.8981 2
    endloop
  endfacet
  facet normal 0 0 1
    outer loop
      vertex 81 -108 2
      vertex 85.1564 -71.8981 2
      vertex 85.0547 -71.7079 2
    endloop
  endfacet
  facet normal 0 0 1
    outer loop
      vertex 81 -108 2
      vertex 85.0547 -71.7079 2
      vertex 84.9921 -71.5015 2
    endloop
  endfacet
  facet normal 0 0 1
    outer loop
      vertex 81 -108 2
      vertex 84.9921 -71.5015 2
      vertex 84.971 -71.2869 2
    endloop
  endfacet
  facet normal 0 0 1
    outer loop
      vertex 99 -100 2
      vertex 81 -116 2
      vertex 90.3397 -135.447 2
    endloop
  endfacet
  facet normal 0 0 1
    outer loop
      vertex 90.3397 -135.447 2
      vertex 81 -116 2
      vertex 89.8876 -135.431 2
    endloop
  endfacet
  facet normal -0 0 1
    outer loop
      vertex 79 -116 2
      vertex 89.8876 -135.431 2
      vertex 81 -116 2
    endloop
  endfacet
  facet normal 0 0 1
    outer loop
      vertex 70.7052 -119.099 2
      vertex 79 -116 2
      vertex 70.7264 -118.884 2
    endloop
  endfacet
  facet normal 0 0 1
    outer loop
      vertex 70.6426 -119.305 2
      vertex 79 -116 2
      vertex 70.7052 -119.099 2
    endloop
  endfacet
  facet normal 0 0 1
    outer loop
      vertex 70.541 -119.495 2
      vertex 79 -116 2
      vertex 70.6426 -119.305 2
    endloop
  endfacet
  facet normal 0 0 1
    outer loop
      vertex 70.4042 -119.662 2
      vertex 79 -116 2
      vertex 70.541 -119.495 2
    endloop
  endfacet
  facet normal 0 0 1
    outer loop
      vertex 79 -116 2
      vertex 70.4042 -119.662 2
      vertex 89.8876 -135.431 2
    endloop
  endfacet
  facet normal -0 0 1
    outer loop
      vertex 70.2375 -119.799 2
      vertex 89.8876 -135.431 2
      vertex 70.4042 -119.662 2
    endloop
  endfacet
  facet normal -0 0 1
    outer loop
      vertex 70.0473 -119.9 2
      vertex 89.8876 -135.431 2
      vertex 70.2375 -119.799 2
    endloop
  endfacet
  facet normal -0 0 1
    outer loop
      vertex 69.841 -119.963 2
      vertex 89.8876 -135.431 2
      vertex 70.0473 -119.9 2
    endloop
  endfacet
  facet normal 0 0 1
    outer loop
      vertex 54.2816 -138.546 2
      vertex 69.841 -119.963 2
      vertex 69.6264 -119.984 2
    endloop
  endfacet
  facet normal 0 0 1
    outer loop
      vertex 54.2816 -138.546 2
      vertex 69.6264 -119.984 2
      vertex 69.4118 -119.963 2
    endloop
  endfacet
  facet normal 0 0 1
    outer loop
      vertex 54.2816 -138.546 2
      vertex 69.4118 -119.963 2
      vertex 69.2054 -119.9 2
    endloop
  endfacet
  facet normal 0 0 1
    outer loop
      vertex 54.2816 -138.546 2
      vertex 69.2054 -119.9 2
      vertex 69.0153 -119.799 2
    endloop
  endfacet
  facet normal 0 -0 1
    outer loop
      vertex 51.8437 -136.501 2
      vertex 68.6101 -118.463 2
      vertex 46.0918 -70.7523 2
    endloop
  endfacet
  facet normal 0 0 1
    outer loop
      vertex 69.841 -119.963 2
      vertex 54.2816 -138.546 2
      vertex 89.8876 -135.431 2
    endloop
  endfacet
  facet normal 0 0 1
    outer loop
      vertex 68.8486 -119.662 2
      vertex 54.2816 -138.546 2
      vertex 69.0153 -119.799 2
    endloop
  endfacet
  facet normal 0 0 1
    outer loop
      vertex 51.8437 -136.501 2
      vertex 68.8486 -119.662 2
      vertex 68.7118 -119.495 2
    endloop
  endfacet
  facet normal 0 0 1
    outer loop
      vertex 51.8437 -136.501 2
      vertex 68.7118 -119.495 2
      vertex 68.6101 -119.305 2
    endloop
  endfacet
  facet normal 0 0 1
    outer loop
      vertex 51.8437 -136.501 2
      vertex 68.6101 -119.305 2
      vertex 68.5475 -119.099 2
    endloop
  endfacet
  facet normal 0 0 1
    outer loop
      vertex 51.8437 -136.501 2
      vertex 68.5475 -119.099 2
      vertex 68.5264 -118.884 2
    endloop
  endfacet
  facet normal 0 0 1
    outer loop
      vertex 68.6101 -118.463 2
      vertex 51.8437 -136.501 2
      vertex 68.5475 -118.669 2
    endloop
  endfacet
  facet normal 0 0 1
    outer loop
      vertex 68.8486 -119.662 2
      vertex 51.8437 -136.501 2
      vertex 54.2816 -138.546 2
    endloop
  endfacet
  facet normal 0 0 1
    outer loop
      vertex 54.2816 -138.546 2
      vertex 51.8437 -136.501 2
      vertex 54.1846 -138.535 2
    endloop
  endfacet
  facet normal -0 -0 1
    outer loop
      vertex 51.871 -136.595 2
      vertex 54.1846 -138.535 2
      vertex 51.8437 -136.501 2
    endloop
  endfacet
  facet normal 0 0 1
    outer loop
      vertex 54.1846 -138.535 2
      vertex 51.871 -136.595 2
      vertex 52.7247 -138.075 2
    endloop
  endfacet
  facet normal 0 0 1
    outer loop
      vertex 52.7247 -138.075 2
      vertex 51.871 -136.595 2
      vertex 52.5781 -137.952 2
    endloop
  endfacet
  facet normal 0 0 1
    outer loop
      vertex 46.0918 -70.7523 2
      vertex 63.5854 -66.9634 2
      vertex 48.1374 -68.3144 2
    endloop
  endfacet
  facet normal 0 0 1
    outer loop
      vertex 46.0918 -70.7523 2
      vertex 48.1374 -68.3144 2
      vertex 48.0438 -68.3417 2
    endloop
  endfacet
  facet normal 0 0 1
    outer loop
      vertex 46.1024 -70.6553 2
      vertex 48.0438 -68.3417 2
      vertex 46.6854 -69.0488 2
    endloop
  endfacet
  facet normal 0 0 1
    outer loop
      vertex 46.1024 -70.6553 2
      vertex 46.6854 -69.0488 2
      vertex 46.5623 -69.1954 2
    endloop
  endfacet
  facet normal 0 0 1
    outer loop
      vertex 48.0438 -68.3417 2
      vertex 46.1024 -70.6553 2
      vertex 46.0918 -70.7523 2
    endloop
  endfacet
  facet normal 0 0 1
    outer loop
      vertex 68.5475 -118.669 2
      vertex 51.8437 -136.501 2
      vertex 68.5264 -118.884 2
    endloop
  endfacet
  facet normal 0 0 1
    outer loop
      vertex 135 -120 2
      vertex 125.15 -122.072 2
      vertex 125.171 -122.287 2
    endloop
  endfacet
  facet normal 0 0 1
    outer loop
      vertex 140.971 -72.5369 2
      vertex 125.087 -121.866 2
      vertex 125.15 -122.072 2
    endloop
  endfacet
  facet normal 0 0 1
    outer loop
      vertex 140.971 -72.5369 2
      vertex 124.986 -121.676 2
      vertex 125.087 -121.866 2
    endloop
  endfacet
  facet normal 0 0 1
    outer loop
      vertex 124.849 -47.4268 2
      vertex 125.316 -47.4771 2
      vertex 124.876 -47.4283 2
    endloop
  endfacet
  facet normal 0 0 1
    outer loop
      vertex 140.971 -72.5369 2
      vertex 124.849 -121.509 2
      vertex 124.986 -121.676 2
    endloop
  endfacet
  facet normal 0 0 1
    outer loop
      vertex 140.971 -72.5369 2
      vertex 124.849 -47.4268 2
      vertex 101 -92 2
    endloop
  endfacet
  facet normal 0 0 1
    outer loop
      vertex 140.971 -72.5369 2
      vertex 124.682 -121.372 2
      vertex 124.849 -121.509 2
    endloop
  endfacet
  facet normal 0 0 1
    outer loop
      vertex 140.971 -72.5369 2
      vertex 124.492 -121.271 2
      vertex 124.682 -121.372 2
    endloop
  endfacet
  facet normal 0 -0 1
    outer loop
      vertex 124.286 -121.208 2
      vertex 140.971 -72.5369 2
      vertex 101 -92 2
    endloop
  endfacet
  facet normal 0 0 1
    outer loop
      vertex 140.971 -72.5369 2
      vertex 124.286 -121.208 2
      vertex 124.492 -121.271 2
    endloop
  endfacet
  facet normal 0 0 1
    outer loop
      vertex 124.286 -121.208 2
      vertex 101 -92 2
      vertex 124.071 -121.187 2
    endloop
  endfacet
  facet normal -0 0 1
    outer loop
      vertex 101 -100 2
      vertex 124.071 -121.187 2
      vertex 101 -92 2
    endloop
  endfacet
  facet normal 0 0 1
    outer loop
      vertex 124.071 -121.187 2
      vertex 101 -100 2
      vertex 123.856 -121.208 2
    endloop
  endfacet
  facet normal -0 -0 1
    outer loop
      vertex 109 -118 2
      vertex 123.856 -121.208 2
      vertex 101 -100 2
    endloop
  endfacet
  facet normal 0 0 1
    outer loop
      vertex 123.856 -121.208 2
      vertex 109 -118 2
      vertex 123.65 -121.271 2
    endloop
  endfacet
  facet normal 0 0 1
    outer loop
      vertex 123.65 -121.271 2
      vertex 109 -118 2
      vertex 123.46 -121.372 2
    endloop
  endfacet
  facet normal 0 0 1
    outer loop
      vertex 123.46 -121.372 2
      vertex 109 -118 2
      vertex 123.293 -121.509 2
    endloop
  endfacet
  facet normal 0 0 1
    outer loop
      vertex 123.293 -121.509 2
      vertex 109 -118 2
      vertex 123.156 -121.676 2
    endloop
  endfacet
  facet normal 0 0 1
    outer loop
      vertex 123.055 -122.708 2
      vertex 109 -126 2
      vertex 123.156 -122.898 2
    endloop
  endfacet
  facet normal 0 0 1
    outer loop
      vertex 123.156 -121.676 2
      vertex 109 -118 2
      vertex 123.055 -121.866 2
    endloop
  endfacet
  facet normal 0 0 1
    outer loop
      vertex 123.055 -121.866 2
      vertex 109 -118 2
      vertex 122.992 -122.072 2
    endloop
  endfacet
  facet normal 0 0 1
    outer loop
      vertex 122.992 -122.072 2
      vertex 109 -118 2
      vertex 122.971 -122.287 2
    endloop
  endfacet
  facet normal 0 0 1
    outer loop
      vertex 101 -92 2
      vertex 124.849 -47.4268 2
      vertex 105.375 -47.4268 2
    endloop
  endfacet
  facet normal 0 0 1
    outer loop
      vertex 123.156 -122.898 2
      vertex 109 -126 2
      vertex 122.821 -140.501 2
    endloop
  endfacet
  facet normal -0 0 1
    outer loop
      vertex 107 -126 2
      vertex 122.821 -140.501 2
      vertex 109 -126 2
    endloop
  endfacet
  facet normal 0 0 1
    outer loop
      vertex 104.706 -47.5289 2
      vertex 105.375 -47.4268 2
      vertex 105.337 -47.4296 2
    endloop
  endfacet
  facet normal 0 0 1
    outer loop
      vertex 104.706 -47.5289 2
      vertex 105.337 -47.4296 2
      vertex 104.743 -47.5204 2
    endloop
  endfacet
  facet normal 0 0 1
    outer loop
      vertex 87.1498 -71.0723 2
      vertex 105.375 -47.4268 2
      vertex 104.706 -47.5289 2
    endloop
  endfacet
  facet normal 0 0 1
    outer loop
      vertex 109 -118 2
      vertex 101 -100 2
      vertex 107 -118 2
    endloop
  endfacet
  facet normal -0 0 1
    outer loop
      vertex 99 -100 2
      vertex 107 -118 2
      vertex 101 -100 2
    endloop
  endfacet
  facet normal 0 0 1
    outer loop
      vertex 90.3397 -135.447 2
      vertex 107 -118 2
      vertex 99 -100 2
    endloop
  endfacet
  facet normal 0 0 1
    outer loop
      vertex 107 -126 2
      vertex 90.3397 -135.447 2
      vertex 122.821 -140.501 2
    endloop
  endfacet
  facet normal 0 0 1
    outer loop
      vertex 107 -118 2
      vertex 90.3397 -135.447 2
      vertex 107 -126 2
    endloop
  endfacet
  facet normal 0 0 1
    outer loop
      vertex 163.571 -74.5869 2
      vertex 143.15 -72.3223 2
      vertex 143.171 -72.5369 2
    endloop
  endfacet
  facet normal 0 0 1
    outer loop
      vertex 163.571 -74.5869 2
      vertex 143.087 -72.116 2
      vertex 143.15 -72.3223 2
    endloop
  endfacet
  facet normal 0 0 1
    outer loop
      vertex 160.895 -55.4913 2
      vertex 142.986 -71.9258 2
      vertex 143.087 -72.116 2
    endloop
  endfacet
  facet normal 0 0 1
    outer loop
      vertex 160.895 -55.4913 2
      vertex 142.849 -71.7591 2
      vertex 142.986 -71.9258 2
    endloop
  endfacet
  facet normal 0 0 1
    outer loop
      vertex 160.895 -55.4913 2
      vertex 142.682 -71.6223 2
      vertex 142.849 -71.7591 2
    endloop
  endfacet
  facet normal 0 0 1
    outer loop
      vertex 160.895 -55.4913 2
      vertex 142.492 -71.5207 2
      vertex 142.682 -71.6223 2
    endloop
  endfacet
  facet normal 0 0 1
    outer loop
      vertex 160.895 -55.4913 2
      vertex 142.286 -71.4581 2
      vertex 142.492 -71.5207 2
    endloop
  endfacet
  facet normal 0 0 1
    outer loop
      vertex 160.895 -55.4913 2
      vertex 142.071 -71.437 2
      vertex 142.286 -71.4581 2
    endloop
  endfacet
  facet normal 0 0 1
    outer loop
      vertex 125.343 -47.4817 2
      vertex 142.071 -71.437 2
      vertex 160.895 -55.4913 2
    endloop
  endfacet
  facet normal 0 0 1
    outer loop
      vertex 142.071 -71.437 2
      vertex 125.343 -47.4817 2
      vertex 141.856 -71.4581 2
    endloop
  endfacet
  facet normal 0 0 1
    outer loop
      vertex 141.856 -71.4581 2
      vertex 125.343 -47.4817 2
      vertex 141.65 -71.5207 2
    endloop
  endfacet
  facet normal 0 0 1
    outer loop
      vertex 141.65 -71.5207 2
      vertex 125.343 -47.4817 2
      vertex 141.46 -71.6223 2
    endloop
  endfacet
  facet normal 0 0 1
    outer loop
      vertex 141.055 -72.116 2
      vertex 124.849 -47.4268 2
      vertex 140.992 -72.3223 2
    endloop
  endfacet
  facet normal 0 0 1
    outer loop
      vertex 140.971 -72.5369 2
      vertex 135 -112 2
      vertex 137 -112 2
    endloop
  endfacet
  facet normal 0 0 1
    outer loop
      vertex 140.992 -72.3223 2
      vertex 124.849 -47.4268 2
      vertex 140.971 -72.5369 2
    endloop
  endfacet
  facet normal 0 0 1
    outer loop
      vertex 124.849 -47.4268 2
      vertex 125.343 -47.4817 2
      vertex 125.316 -47.4771 2
    endloop
  endfacet
  facet normal 0 0 1
    outer loop
      vertex 124.849 -47.4268 2
      vertex 141.055 -72.116 2
      vertex 125.343 -47.4817 2
    endloop
  endfacet
  facet normal 0 0 1
    outer loop
      vertex 141.156 -71.9258 2
      vertex 125.343 -47.4817 2
      vertex 141.055 -72.116 2
    endloop
  endfacet
  facet normal 0 0 1
    outer loop
      vertex 141.293 -71.7591 2
      vertex 125.343 -47.4817 2
      vertex 141.156 -71.9258 2
    endloop
  endfacet
  facet normal 0 0 1
    outer loop
      vertex 141.46 -71.6223 2
      vertex 125.343 -47.4817 2
      vertex 141.293 -71.7591 2
    endloop
  endfacet
  facet normal -0 0 1
    outer loop
      vertex 167.664 -131.589 2
      vertex 183.631 -142.52 2
      vertex 167.87 -131.526 2
    endloop
  endfacet
  facet normal 0 0 1
    outer loop
      vertex 183.631 -142.52 2
      vertex 167.664 -131.589 2
      vertex 174.843 -157.739 2
    endloop
  endfacet
  facet normal 0 -0 1
    outer loop
      vertex 172.113 -158.724 2
      vertex 174.843 -157.739 2
      vertex 167.664 -131.589 2
    endloop
  endfacet
  facet normal 0 -0 1
    outer loop
      vertex 172.199 -158.739 2
      vertex 174.787 -157.806 2
      vertex 172.113 -158.724 2
    endloop
  endfacet
  facet normal 0 0 1
    outer loop
      vertex 173.734 -158.687 2
      vertex 172.199 -158.739 2
      vertex 173.572 -158.745 2
    endloop
  endfacet
  facet normal 0 0 1
    outer loop
      vertex 174.787 -157.806 2
      vertex 172.199 -158.739 2
      vertex 173.734 -158.687 2
    endloop
  endfacet
  facet normal 0 0 1
    outer loop
      vertex 174.843 -157.739 2
      vertex 172.113 -158.724 2
      vertex 174.787 -157.806 2
    endloop
  endfacet
  facet normal -0 0 1
    outer loop
      vertex 167.449 -131.61 2
      vertex 172.113 -158.724 2
      vertex 167.664 -131.589 2
    endloop
  endfacet
  facet normal 0 0 1
    outer loop
      vertex 167.235 -131.589 2
      vertex 172.113 -158.724 2
      vertex 167.449 -131.61 2
    endloop
  endfacet
  facet normal 0 0 1
    outer loop
      vertex 167.029 -131.526 2
      vertex 172.113 -158.724 2
      vertex 167.235 -131.589 2
    endloop
  endfacet
  facet normal 0 0 1
    outer loop
      vertex 166.838 -131.425 2
      vertex 172.113 -158.724 2
      vertex 167.029 -131.526 2
    endloop
  endfacet
  facet normal 0 0 1
    outer loop
      vertex 166.672 -131.288 2
      vertex 172.113 -158.724 2
      vertex 166.838 -131.425 2
    endloop
  endfacet
  facet normal 0 0 1
    outer loop
      vertex 123.185 -140.595 2
      vertex 166.672 -131.288 2
      vertex 166.535 -131.121 2
    endloop
  endfacet
  facet normal 0 0 1
    outer loop
      vertex 123.185 -140.595 2
      vertex 166.535 -131.121 2
      vertex 166.433 -130.931 2
    endloop
  endfacet
  facet normal 0 0 1
    outer loop
      vertex 137 -120 2
      vertex 166.433 -130.931 2
      vertex 166.371 -130.725 2
    endloop
  endfacet
  facet normal 0 0 1
    outer loop
      vertex 160.895 -55.4913 2
      vertex 163.571 -74.5869 2
      vertex 161.308 -55.5371 2
    endloop
  endfacet
  facet normal -0 0 1
    outer loop
      vertex 143.087 -72.116 2
      vertex 163.571 -74.5869 2
      vertex 160.895 -55.4913 2
    endloop
  endfacet
  facet normal 0 0 1
    outer loop
      vertex 163.571 -74.5869 2
      vertex 143.171 -72.5369 2
      vertex 143.15 -72.7515 2
    endloop
  endfacet
  facet normal 0 0 1
    outer loop
      vertex 163.571 -74.5869 2
      vertex 143.15 -72.7515 2
      vertex 143.087 -72.9579 2
    endloop
  endfacet
  facet normal -0 0 1
    outer loop
      vertex 142.986 -73.1481 2
      vertex 163.571 -74.5869 2
      vertex 143.087 -72.9579 2
    endloop
  endfacet
  facet normal -0 0 1
    outer loop
      vertex 142.849 -73.3148 2
      vertex 163.571 -74.5869 2
      vertex 142.986 -73.1481 2
    endloop
  endfacet
  facet normal -0 0 1
    outer loop
      vertex 142.682 -73.4516 2
      vertex 163.571 -74.5869 2
      vertex 142.849 -73.3148 2
    endloop
  endfacet
  facet normal 0 0 1
    outer loop
      vertex 166.433 -130.089 2
      vertex 137 -120 2
      vertex 166.371 -130.295 2
    endloop
  endfacet
  facet normal 0 0 1
    outer loop
      vertex 166.371 -130.295 2
      vertex 137 -120 2
      vertex 166.349 -130.51 2
    endloop
  endfacet
  facet normal -0 0 1
    outer loop
      vertex 142.492 -73.5532 2
      vertex 163.571 -74.5869 2
      vertex 142.682 -73.4516 2
    endloop
  endfacet
  facet normal 0 0 1
    outer loop
      vertex 163.571 -74.5869 2
      vertex 142.492 -73.5532 2
      vertex 137 -112 2
    endloop
  endfacet
  facet normal 0 0 1
    outer loop
      vertex 137 -112 2
      vertex 142.492 -73.5532 2
      vertex 142.286 -73.6158 2
    endloop
  endfacet
  facet normal 0 0 1
    outer loop
      vertex 137 -112 2
      vertex 142.286 -73.6158 2
      vertex 142.071 -73.6369 2
    endloop
  endfacet
  facet normal 0 0 1
    outer loop
      vertex 137 -112 2
      vertex 142.071 -73.6369 2
      vertex 141.856 -73.6158 2
    endloop
  endfacet
  facet normal 0 0 1
    outer loop
      vertex 137 -112 2
      vertex 141.856 -73.6158 2
      vertex 141.65 -73.5532 2
    endloop
  endfacet
  facet normal 0 0 1
    outer loop
      vertex 137 -112 2
      vertex 141.65 -73.5532 2
      vertex 141.46 -73.4516 2
    endloop
  endfacet
  facet normal 0 0 1
    outer loop
      vertex 137 -112 2
      vertex 141.46 -73.4516 2
      vertex 141.293 -73.3148 2
    endloop
  endfacet
  facet normal 0 0 1
    outer loop
      vertex 137 -112 2
      vertex 141.293 -73.3148 2
      vertex 141.156 -73.1481 2
    endloop
  endfacet
  facet normal 0 0 1
    outer loop
      vertex 137 -112 2
      vertex 141.156 -73.1481 2
      vertex 141.055 -72.9579 2
    endloop
  endfacet
  facet normal 0 0 1
    outer loop
      vertex 137 -112 2
      vertex 140.992 -72.7515 2
      vertex 140.971 -72.5369 2
    endloop
  endfacet
  facet normal 0 0 1
    outer loop
      vertex 137 -112 2
      vertex 141.055 -72.9579 2
      vertex 140.992 -72.7515 2
    endloop
  endfacet
  facet normal 0 0 1
    outer loop
      vertex 166.349 -130.51 2
      vertex 137 -120 2
      vertex 166.371 -130.725 2
    endloop
  endfacet
  facet normal 0 0 1
    outer loop
      vertex 166.433 -130.931 2
      vertex 137 -120 2
      vertex 123.185 -140.595 2
    endloop
  endfacet
  facet normal 0 0 1
    outer loop
      vertex 123.185 -140.595 2
      vertex 137 -120 2
      vertex 135 -120 2
    endloop
  endfacet
  facet normal 0 0 1
    outer loop
      vertex 125.15 -122.072 2
      vertex 135 -112 2
      vertex 140.971 -72.5369 2
    endloop
  endfacet
  facet normal 0 0 1
    outer loop
      vertex 125.15 -122.072 2
      vertex 135 -120 2
      vertex 135 -112 2
    endloop
  endfacet
  facet normal 0 0 1
    outer loop
      vertex 125.15 -122.502 2
      vertex 135 -120 2
      vertex 125.171 -122.287 2
    endloop
  endfacet
  facet normal 0 0 1
    outer loop
      vertex 125.087 -122.708 2
      vertex 135 -120 2
      vertex 125.15 -122.502 2
    endloop
  endfacet
  facet normal 0 0 1
    outer loop
      vertex 124.986 -122.898 2
      vertex 135 -120 2
      vertex 125.087 -122.708 2
    endloop
  endfacet
  facet normal 0 0 1
    outer loop
      vertex 124.849 -123.065 2
      vertex 135 -120 2
      vertex 124.986 -122.898 2
    endloop
  endfacet
  facet normal 0 0 1
    outer loop
      vertex 135 -120 2
      vertex 124.849 -123.065 2
      vertex 123.185 -140.595 2
    endloop
  endfacet
  facet normal 0 0 1
    outer loop
      vertex 123.185 -140.595 2
      vertex 124.849 -123.065 2
      vertex 124.682 -123.202 2
    endloop
  endfacet
  facet normal 0 0 1
    outer loop
      vertex 123.185 -140.595 2
      vertex 124.682 -123.202 2
      vertex 124.492 -123.303 2
    endloop
  endfacet
  facet normal 0 0 1
    outer loop
      vertex 123.185 -140.595 2
      vertex 124.492 -123.303 2
      vertex 124.286 -123.366 2
    endloop
  endfacet
  facet normal 0 0 1
    outer loop
      vertex 122.821 -140.501 2
      vertex 124.286 -123.366 2
      vertex 124.071 -123.387 2
    endloop
  endfacet
  facet normal 0 0 1
    outer loop
      vertex 122.821 -140.501 2
      vertex 124.071 -123.387 2
      vertex 123.856 -123.366 2
    endloop
  endfacet
  facet normal 0 0 1
    outer loop
      vertex 122.821 -140.501 2
      vertex 123.856 -123.366 2
      vertex 123.65 -123.303 2
    endloop
  endfacet
  facet normal 0 0 1
    outer loop
      vertex 122.821 -140.501 2
      vertex 123.65 -123.303 2
      vertex 123.46 -123.202 2
    endloop
  endfacet
  facet normal 0 0 1
    outer loop
      vertex 166.672 -131.288 2
      vertex 123.185 -140.595 2
      vertex 172.113 -158.724 2
    endloop
  endfacet
  facet normal 0 0 1
    outer loop
      vertex 122.821 -140.501 2
      vertex 123.46 -123.202 2
      vertex 123.293 -123.065 2
    endloop
  endfacet
  facet normal 0 0 1
    outer loop
      vertex 122.821 -140.501 2
      vertex 123.293 -123.065 2
      vertex 123.156 -122.898 2
    endloop
  endfacet
  facet normal 0 0 1
    outer loop
      vertex 122.992 -122.502 2
      vertex 109 -126 2
      vertex 123.055 -122.708 2
    endloop
  endfacet
  facet normal 0 0 1
    outer loop
      vertex 122.971 -122.287 2
      vertex 109 -126 2
      vertex 122.992 -122.502 2
    endloop
  endfacet
  facet normal 0 0 1
    outer loop
      vertex 109 -126 2
      vertex 122.971 -122.287 2
      vertex 109 -118 2
    endloop
  endfacet
  facet normal 0 0 1
    outer loop
      vertex 124.286 -123.366 2
      vertex 122.821 -140.501 2
      vertex 123.185 -140.595 2
    endloop
  endfacet
  facet normal 0 0 1
    outer loop
      vertex 163.571 -55.5371 2
      vertex 168.071 -53.5371 2
      vertex 163.571 -53.5371 2
    endloop
  endfacet
  facet normal -0 0 1
    outer loop
      vertex 173.071 -53.5371 2
      vertex 177.571 -55.5371 2
      vertex 177.571 -53.5371 2
    endloop
  endfacet
  facet normal 0 0 1
    outer loop
      vertex 177.571 -55.5371 2
      vertex 173.071 -53.5371 2
      vertex 173.071 -62.9869 2
    endloop
  endfacet
  facet normal 0 0 1
    outer loop
      vertex 177.571 -55.5371 2
      vertex 173.071 -62.9869 2
      vertex 177.571 -74.5869 2
    endloop
  endfacet
  facet normal -0 0 1
    outer loop
      vertex 168.071 -62.9869 2
      vertex 177.571 -74.5869 2
      vertex 173.071 -62.9869 2
    endloop
  endfacet
  facet normal 0 0 1
    outer loop
      vertex 168.071 -53.5371 2
      vertex 163.571 -55.5371 2
      vertex 168.071 -62.9869 2
    endloop
  endfacet
  facet normal 0 0 1
    outer loop
      vertex 168.071 -62.9869 2
      vertex 163.571 -74.5869 2
      vertex 177.571 -74.5869 2
    endloop
  endfacet
  facet normal 0 0 1
    outer loop
      vertex 163.571 -74.5869 2
      vertex 168.071 -62.9869 2
      vertex 163.571 -55.5371 2
    endloop
  endfacet
  facet normal 0.6409 -0.767624 0
    outer loop
      vertex 175.016 -160.221 0
      vertex 176.07 -159.341 9
      vertex 175.016 -160.221 9
    endloop
  endfacet
  facet normal 0.6409 -0.767624 0
    outer loop
      vertex 176.07 -159.341 9
      vertex 175.016 -160.221 0
      vertex 176.07 -159.341 0
    endloop
  endfacet
  facet normal 0.765504 -0.643431 0
    outer loop
      vertex 176.07 -159.341 9
      vertex 176.576 -158.739 0
      vertex 176.576 -158.739 9
    endloop
  endfacet
  facet normal 0.765504 -0.643431 0
    outer loop
      vertex 176.576 -158.739 0
      vertex 176.07 -159.341 9
      vertex 176.07 -159.341 0
    endloop
  endfacet
  facet normal 0.866018 -0.500013 0
    outer loop
      vertex 176.576 -158.739 9
      vertex 185.363 -143.52 0
      vertex 185.363 -143.52 9
    endloop
  endfacet
  facet normal 0.866018 -0.500013 0
    outer loop
      vertex 185.363 -143.52 0
      vertex 176.576 -158.739 9
      vertex 176.576 -158.739 0
    endloop
  endfacet
  facet normal 0.940565 -0.339613 0
    outer loop
      vertex 185.363 -143.52 9
      vertex 185.632 -142.775 0
      vertex 185.632 -142.775 9
    endloop
  endfacet
  facet normal 0.940565 -0.339613 0
    outer loop
      vertex 185.632 -142.775 0
      vertex 185.363 -143.52 9
      vertex 185.363 -143.52 0
    endloop
  endfacet
  facet normal 0.985602 -0.169084 0
    outer loop
      vertex 185.632 -142.775 9
      vertex 185.866 -141.411 0
      vertex 185.866 -141.411 9
    endloop
  endfacet
  facet normal 0.985602 -0.169084 0
    outer loop
      vertex 185.866 -141.411 0
      vertex 185.632 -142.775 9
      vertex 185.632 -142.775 0
    endloop
  endfacet
  facet normal 0.99998 0.00632099 0
    outer loop
      vertex 185.866 -141.411 9
      vertex 185.861 -140.62 0
      vertex 185.861 -140.62 9
    endloop
  endfacet
  facet normal 0.99998 0.00632099 0
    outer loop
      vertex 185.861 -140.62 0
      vertex 185.866 -141.411 9
      vertex 185.866 -141.411 0
    endloop
  endfacet
  facet normal 0.983227 0.182383 0
    outer loop
      vertex 185.861 -140.62 9
      vertex 183.086 -125.66 0
      vertex 183.086 -125.66 9
    endloop
  endfacet
  facet normal 0.983227 0.182383 0
    outer loop
      vertex 183.086 -125.66 0
      vertex 185.861 -140.62 9
      vertex 185.861 -140.62 0
    endloop
  endfacet
  facet normal 0.99558 0.0939226 0
    outer loop
      vertex 183.086 -125.66 9
      vertex 183.071 -125.501 0
      vertex 183.071 -125.501 9
    endloop
  endfacet
  facet normal 0.99558 0.0939226 0
    outer loop
      vertex 183.071 -125.501 0
      vertex 183.086 -125.66 9
      vertex 183.086 -125.66 0
    endloop
  endfacet
  facet normal 1 -0 0
    outer loop
      vertex 183.071 -125.501 9
      vertex 183.071 -57.7871 0
      vertex 183.071 -57.7871 9
    endloop
  endfacet
  facet normal 1 0 0
    outer loop
      vertex 183.071 -57.7871 0
      vertex 183.071 -125.501 9
      vertex 183.071 -125.501 0
    endloop
  endfacet
  facet normal 0.980856 0.194736 0
    outer loop
      vertex 183.071 -57.7871 9
      vertex 182.9 -56.9258 0
      vertex 182.9 -56.9258 9
    endloop
  endfacet
  facet normal 0.980856 0.194736 0
    outer loop
      vertex 182.9 -56.9258 0
      vertex 183.071 -57.7871 9
      vertex 183.071 -57.7871 0
    endloop
  endfacet
  facet normal 0.923819 0.382829 0
    outer loop
      vertex 182.9 -56.9258 9
      vertex 182.314 -55.5117 0
      vertex 182.314 -55.5117 9
    endloop
  endfacet
  facet normal 0.923819 0.382829 0
    outer loop
      vertex 182.314 -55.5117 0
      vertex 182.9 -56.9258 9
      vertex 182.9 -56.9258 0
    endloop
  endfacet
  facet normal 0.707194 0.70702 0
    outer loop
      vertex 182.314 -55.5117 9
      vertex 181.097 -54.2944 0
      vertex 181.097 -54.2944 9
    endloop
  endfacet
  facet normal 0.707194 0.70702 0
    outer loop
      vertex 181.097 -54.2944 0
      vertex 182.314 -55.5117 9
      vertex 182.314 -55.5117 0
    endloop
  endfacet
  facet normal 0.382796 0.923833 -0
    outer loop
      vertex 181.097 -54.2944 0
      vertex 179.683 -53.7085 9
      vertex 181.097 -54.2944 9
    endloop
  endfacet
  facet normal 0.382796 0.923833 0
    outer loop
      vertex 179.683 -53.7085 9
      vertex 181.097 -54.2944 0
      vertex 179.683 -53.7085 0
    endloop
  endfacet
  facet normal 0.195022 0.980799 -0
    outer loop
      vertex 179.683 -53.7085 0
      vertex 178.821 -53.5371 9
      vertex 179.683 -53.7085 9
    endloop
  endfacet
  facet normal 0.195022 0.980799 0
    outer loop
      vertex 178.821 -53.5371 9
      vertex 179.683 -53.7085 0
      vertex 178.821 -53.5371 0
    endloop
  endfacet
  facet normal 0 1 0
    outer loop
      vertex 178.821 -53.5371 9
      vertex 177.571 -53.5371 2
      vertex 177.571 -53.5371 9
    endloop
  endfacet
  facet normal 0 1 -0
    outer loop
      vertex 178.821 -53.5371 0
      vertex 177.571 -53.5371 2
      vertex 178.821 -53.5371 9
    endloop
  endfacet
  facet normal 0 1 0
    outer loop
      vertex 173.071 -53.5371 0
      vertex 177.571 -53.5371 2
      vertex 178.821 -53.5371 0
    endloop
  endfacet
  facet normal 0 1 0
    outer loop
      vertex 177.571 -53.5371 2
      vertex 173.071 -53.5371 0
      vertex 173.071 -53.5371 2
    endloop
  endfacet
  facet normal 0 1 0
    outer loop
      vertex 168.071 -53.5371 2
      vertex 168.071 -53.5371 0
      vertex 163.571 -53.5371 2
    endloop
  endfacet
  facet normal 0 1 -0
    outer loop
      vertex 163.571 -53.5371 2
      vertex 161.418 -53.5371 9
      vertex 163.571 -53.5371 9
    endloop
  endfacet
  facet normal 0 1 0
    outer loop
      vertex 163.571 -53.5371 2
      vertex 161.418 -53.5371 0
      vertex 161.418 -53.5371 9
    endloop
  endfacet
  facet normal 0 1 0
    outer loop
      vertex 161.418 -53.5371 0
      vertex 163.571 -53.5371 2
      vertex 168.071 -53.5371 0
    endloop
  endfacet
  facet normal 0.110261 0.993903 -0
    outer loop
      vertex 161.418 -53.5371 0
      vertex 161.226 -53.5158 9
      vertex 161.418 -53.5371 9
    endloop
  endfacet
  facet normal 0.110261 0.993903 0
    outer loop
      vertex 161.226 -53.5158 9
      vertex 161.418 -53.5371 0
      vertex 161.226 -53.5158 0
    endloop
  endfacet
  facet normal 0.219788 0.975548 -0
    outer loop
      vertex 161.226 -53.5158 0
      vertex 125.783 -45.5306 9
      vertex 161.226 -53.5158 9
    endloop
  endfacet
  facet normal 0.219788 0.975548 0
    outer loop
      vertex 125.783 -45.5306 9
      vertex 161.226 -53.5158 0
      vertex 125.783 -45.5306 0
    endloop
  endfacet
  facet normal 0.165569 0.986198 -0
    outer loop
      vertex 125.783 -45.5306 0
      vertex 125.537 -45.4893 9
      vertex 125.783 -45.5306 9
    endloop
  endfacet
  facet normal 0.165569 0.986198 0
    outer loop
      vertex 125.537 -45.4893 9
      vertex 125.783 -45.5306 0
      vertex 125.537 -45.4893 0
    endloop
  endfacet
  facet normal 0.110233 0.993906 -0
    outer loop
      vertex 125.537 -45.4893 0
      vertex 125.097 -45.4405 9
      vertex 125.537 -45.4893 9
    endloop
  endfacet
  facet normal 0.110233 0.993906 0
    outer loop
      vertex 125.097 -45.4405 9
      vertex 125.537 -45.4893 0
      vertex 125.097 -45.4405 0
    endloop
  endfacet
  facet normal 0.0551578 0.998478 -0
    outer loop
      vertex 125.097 -45.4405 0
      vertex 124.849 -45.4268 9
      vertex 125.097 -45.4405 9
    endloop
  endfacet
  facet normal 0.0551578 0.998478 0
    outer loop
      vertex 124.849 -45.4268 9
      vertex 125.097 -45.4405 0
      vertex 124.849 -45.4268 0
    endloop
  endfacet
  facet normal 0 1 -0
    outer loop
      vertex 124.849 -45.4268 0
      vertex 105.375 -45.4268 9
      vertex 124.849 -45.4268 9
    endloop
  endfacet
  facet normal 0 1 0
    outer loop
      vertex 105.375 -45.4268 9
      vertex 124.849 -45.4268 0
      vertex 105.375 -45.4268 0
    endloop
  endfacet
  facet normal -0.0753732 0.997155 0
    outer loop
      vertex 105.375 -45.4268 0
      vertex 105.035 -45.4525 9
      vertex 105.375 -45.4268 9
    endloop
  endfacet
  facet normal -0.0753732 0.997155 0
    outer loop
      vertex 105.035 -45.4525 9
      vertex 105.375 -45.4268 0
      vertex 105.035 -45.4525 0
    endloop
  endfacet
  facet normal -0.151269 0.988493 0
    outer loop
      vertex 105.035 -45.4525 0
      vertex 104.441 -45.5434 9
      vertex 105.035 -45.4525 9
    endloop
  endfacet
  facet normal -0.151269 0.988493 0
    outer loop
      vertex 104.441 -45.5434 9
      vertex 105.035 -45.4525 0
      vertex 104.441 -45.5434 0
    endloop
  endfacet
  facet normal -0.224709 0.974426 0
    outer loop
      vertex 104.441 -45.5434 0
      vertex 104.111 -45.6195 9
      vertex 104.441 -45.5434 9
    endloop
  endfacet
  facet normal -0.224709 0.974426 0
    outer loop
      vertex 104.111 -45.6195 9
      vertex 104.441 -45.5434 0
      vertex 104.111 -45.6195 0
    endloop
  endfacet
  facet normal -0.297553 0.954705 0
    outer loop
      vertex 104.111 -45.6195 0
      vertex 86.6332 -51.0668 9
      vertex 104.111 -45.6195 9
    endloop
  endfacet
  facet normal -0.297553 0.954705 0
    outer loop
      vertex 86.6332 -51.0668 9
      vertex 104.111 -45.6195 0
      vertex 86.6332 -51.0668 0
    endloop
  endfacet
  facet normal -0.354173 0.93518 0
    outer loop
      vertex 86.6332 -51.0668 0
      vertex 86.3813 -51.1622 9
      vertex 86.6332 -51.0668 9
    endloop
  endfacet
  facet normal -0.354173 0.93518 0
    outer loop
      vertex 86.3813 -51.1622 9
      vertex 86.6332 -51.0668 0
      vertex 86.3813 -51.1622 0
    endloop
  endfacet
  facet normal -0.409449 0.912333 0
    outer loop
      vertex 86.3813 -51.1622 0
      vertex 85.9419 -51.3594 9
      vertex 86.3813 -51.1622 9
    endloop
  endfacet
  facet normal -0.409449 0.912333 0
    outer loop
      vertex 85.9419 -51.3594 9
      vertex 86.3813 -51.1622 0
      vertex 85.9419 -51.3594 0
    endloop
  endfacet
  facet normal -0.464239 0.88571 0
    outer loop
      vertex 85.9419 -51.3594 0
      vertex 85.6996 -51.4864 9
      vertex 85.9419 -51.3594 9
    endloop
  endfacet
  facet normal -0.464239 0.88571 0
    outer loop
      vertex 85.6996 -51.4864 9
      vertex 85.9419 -51.3594 0
      vertex 85.6996 -51.4864 0
    endloop
  endfacet
  facet normal -0.517186 0.855873 0
    outer loop
      vertex 85.6996 -51.4864 0
      vertex 63.5512 -64.8702 9
      vertex 85.6996 -51.4864 9
    endloop
  endfacet
  facet normal -0.517186 0.855873 0
    outer loop
      vertex 63.5512 -64.8702 9
      vertex 85.6996 -51.4864 0
      vertex 63.5512 -64.8702 0
    endloop
  endfacet
  facet normal -0.311052 0.950393 0
    outer loop
      vertex 63.5512 -64.8702 0
      vertex 63.1818 -64.9911 9
      vertex 63.5512 -64.8702 9
    endloop
  endfacet
  facet normal -0.311052 0.950393 0
    outer loop
      vertex 63.1818 -64.9911 9
      vertex 63.5512 -64.8702 0
      vertex 63.1818 -64.9911 0
    endloop
  endfacet
  facet normal -0.0871197 0.996198 0
    outer loop
      vertex 63.1818 -64.9911 0
      vertex 47.9632 -66.322 9
      vertex 63.1818 -64.9911 9
    endloop
  endfacet
  facet normal -0.0871197 0.996198 0
    outer loop
      vertex 47.9632 -66.322 9
      vertex 63.1818 -64.9911 0
      vertex 47.9632 -66.322 0
    endloop
  endfacet
  facet normal -0.279773 0.960066 0
    outer loop
      vertex 47.9632 -66.322 0
      vertex 47.1204 -66.5676 9
      vertex 47.9632 -66.322 9
    endloop
  endfacet
  facet normal -0.279773 0.960066 0
    outer loop
      vertex 47.1204 -66.5676 9
      vertex 47.9632 -66.322 0
      vertex 47.1204 -66.5676 0
    endloop
  endfacet
  facet normal -0.461729 0.887021 0
    outer loop
      vertex 47.1204 -66.5676 0
      vertex 45.762 -67.2747 9
      vertex 47.1204 -66.5676 9
    endloop
  endfacet
  facet normal -0.461729 0.887021 0
    outer loop
      vertex 45.762 -67.2747 9
      vertex 47.1204 -66.5676 0
      vertex 45.762 -67.2747 0
    endloop
  endfacet
  facet normal -0.76609 0.642733 0
    outer loop
      vertex 44.6548 -68.5944 0
      vertex 45.762 -67.2747 9
      vertex 45.762 -67.2747 0
    endloop
  endfacet
  facet normal -0.76609 0.642733 0
    outer loop
      vertex 45.762 -67.2747 9
      vertex 44.6548 -68.5944 0
      vertex 44.6548 -68.5944 9
    endloop
  endfacet
  facet normal -0.95378 0.300506 0
    outer loop
      vertex 44.1948 -70.0544 0
      vertex 44.6548 -68.5944 9
      vertex 44.6548 -68.5944 0
    endloop
  endfacet
  facet normal -0.95378 0.300506 0
    outer loop
      vertex 44.6548 -68.5944 9
      vertex 44.1948 -70.0544 0
      vertex 44.1948 -70.0544 9
    endloop
  endfacet
  facet normal -0.994071 0.10873 0
    outer loop
      vertex 44.0994 -70.9266 0
      vertex 44.1948 -70.0544 9
      vertex 44.1948 -70.0544 0
    endloop
  endfacet
  facet normal -0.994071 0.10873 0
    outer loop
      vertex 44.1948 -70.0544 9
      vertex 44.0994 -70.9266 0
      vertex 44.0994 -70.9266 9
    endloop
  endfacet
  facet normal -0.996195 -0.0871493 0
    outer loop
      vertex 49.8513 -136.676 0
      vertex 44.0994 -70.9266 9
      vertex 44.0994 -70.9266 0
    endloop
  endfacet
  facet normal -0.996195 -0.0871493 0
    outer loop
      vertex 44.0994 -70.9266 9
      vertex 49.8513 -136.676 0
      vertex 49.8513 -136.676 9
    endloop
  endfacet
  facet normal -0.959992 -0.280026 0
    outer loop
      vertex 50.0972 -137.519 0
      vertex 49.8513 -136.676 9
      vertex 49.8513 -136.676 0
    endloop
  endfacet
  facet normal -0.959992 -0.280026 0
    outer loop
      vertex 49.8513 -136.676 9
      vertex 50.0972 -137.519 0
      vertex 50.0972 -137.519 9
    endloop
  endfacet
  facet normal -0.886826 -0.462104 0
    outer loop
      vertex 50.8043 -138.876 0
      vertex 50.0972 -137.519 9
      vertex 50.0972 -137.519 0
    endloop
  endfacet
  facet normal -0.886826 -0.462104 0
    outer loop
      vertex 50.0972 -137.519 9
      vertex 50.8043 -138.876 0
      vertex 50.8043 -138.876 9
    endloop
  endfacet
  facet normal -0.642751 -0.766075 0
    outer loop
      vertex 50.8043 -138.876 0
      vertex 52.1237 -139.983 9
      vertex 50.8043 -138.876 9
    endloop
  endfacet
  facet normal -0.642751 -0.766075 -0
    outer loop
      vertex 52.1237 -139.983 9
      vertex 50.8043 -138.876 0
      vertex 52.1237 -139.983 0
    endloop
  endfacet
  facet normal -0.300506 -0.95378 0
    outer loop
      vertex 52.1237 -139.983 0
      vertex 53.5837 -140.443 9
      vertex 52.1237 -139.983 9
    endloop
  endfacet
  facet normal -0.300506 -0.95378 -0
    outer loop
      vertex 53.5837 -140.443 9
      vertex 52.1237 -139.983 0
      vertex 53.5837 -140.443 0
    endloop
  endfacet
  facet normal -0.10828 -0.99412 0
    outer loop
      vertex 53.5837 -140.443 0
      vertex 54.4559 -140.538 9
      vertex 53.5837 -140.443 9
    endloop
  endfacet
  facet normal -0.10828 -0.99412 -0
    outer loop
      vertex 54.4559 -140.538 9
      vertex 53.5837 -140.443 0
      vertex 54.4559 -140.538 0
    endloop
  endfacet
  facet normal 0.087142 -0.996196 0
    outer loop
      vertex 54.4559 -140.538 0
      vertex 89.9404 -137.434 9
      vertex 54.4559 -140.538 9
    endloop
  endfacet
  facet normal 0.087142 -0.996196 0
    outer loop
      vertex 89.9404 -137.434 9
      vertex 54.4559 -140.538 0
      vertex 89.9404 -137.434 0
    endloop
  endfacet
  facet normal -0.0332516 -0.999447 0
    outer loop
      vertex 89.9404 -137.434 0
      vertex 90.1508 -137.441 9
      vertex 89.9404 -137.434 9
    endloop
  endfacet
  facet normal -0.0332516 -0.999447 -0
    outer loop
      vertex 90.1508 -137.441 9
      vertex 89.9404 -137.434 0
      vertex 90.1508 -137.441 0
    endloop
  endfacet
  facet normal -0.153766 -0.988107 0
    outer loop
      vertex 90.1508 -137.441 0
      vertex 122.416 -142.462 9
      vertex 90.1508 -137.441 9
    endloop
  endfacet
  facet normal -0.153766 -0.988107 -0
    outer loop
      vertex 122.416 -142.462 9
      vertex 90.1508 -137.441 0
      vertex 122.416 -142.462 0
    endloop
  endfacet
  facet normal -0.251956 -0.967739 0
    outer loop
      vertex 122.416 -142.462 0
      vertex 122.585 -142.506 9
      vertex 122.416 -142.462 9
    endloop
  endfacet
  facet normal -0.251956 -0.967739 -0
    outer loop
      vertex 122.585 -142.506 9
      vertex 122.416 -142.462 0
      vertex 122.585 -142.506 0
    endloop
  endfacet
  facet normal -0.347428 -0.937707 0
    outer loop
      vertex 122.585 -142.506 0
      vertex 171.418 -160.599 9
      vertex 122.585 -142.506 9
    endloop
  endfacet
  facet normal -0.347428 -0.937707 -0
    outer loop
      vertex 171.418 -160.599 9
      vertex 122.585 -142.506 0
      vertex 171.418 -160.599 0
    endloop
  endfacet
  facet normal -0.178213 -0.983992 0
    outer loop
      vertex 171.418 -160.599 0
      vertex 172.191 -160.739 9
      vertex 171.418 -160.599 9
    endloop
  endfacet
  facet normal -0.178213 -0.983992 -0
    outer loop
      vertex 172.191 -160.739 9
      vertex 171.418 -160.599 0
      vertex 172.191 -160.739 0
    endloop
  endfacet
  facet normal -0.00436995 -0.99999 0
    outer loop
      vertex 172.191 -160.739 0
      vertex 173.564 -160.745 9
      vertex 172.191 -160.739 9
    endloop
  endfacet
  facet normal -0.00436995 -0.99999 -0
    outer loop
      vertex 173.564 -160.745 9
      vertex 172.191 -160.739 0
      vertex 173.564 -160.745 0
    endloop
  endfacet
  facet normal 0.339453 -0.940623 0
    outer loop
      vertex 173.564 -160.745 0
      vertex 175.016 -160.221 9
      vertex 173.564 -160.745 9
    endloop
  endfacet
  facet normal 0.339453 -0.940623 0
    outer loop
      vertex 175.016 -160.221 9
      vertex 173.564 -160.745 0
      vertex 175.016 -160.221 0
    endloop
  endfacet
  facet normal -0 0 1
    outer loop
      vertex 161.418 -53.5371 9
      vertex 163.571 -55.5371 9
      vertex 163.571 -53.5371 9
    endloop
  endfacet
  facet normal 0 0 1
    outer loop
      vertex 161.418 -53.5371 9
      vertex 161.308 -55.5371 9
      vertex 163.571 -55.5371 9
    endloop
  endfacet
  facet normal 0 0 1
    outer loop
      vertex 161.226 -53.5158 9
      vertex 161.308 -55.5371 9
      vertex 161.418 -53.5371 9
    endloop
  endfacet
  facet normal 0 0 1
    outer loop
      vertex 161.226 -53.5158 9
      vertex 160.895 -55.4913 9
      vertex 161.308 -55.5371 9
    endloop
  endfacet
  facet normal -0 0 1
    outer loop
      vertex 125.343 -47.4817 9
      vertex 161.226 -53.5158 9
      vertex 125.783 -45.5306 9
    endloop
  endfacet
  facet normal 0 0 1
    outer loop
      vertex 125.343 -47.4817 9
      vertex 125.783 -45.5306 9
      vertex 125.537 -45.4893 9
    endloop
  endfacet
  facet normal 0 0 1
    outer loop
      vertex 161.226 -53.5158 9
      vertex 125.343 -47.4817 9
      vertex 160.895 -55.4913 9
    endloop
  endfacet
  facet normal 0 0 1
    outer loop
      vertex 125.537 -45.4893 9
      vertex 125.316 -47.4771 9
      vertex 125.343 -47.4817 9
    endloop
  endfacet
  facet normal 0 0 1
    outer loop
      vertex 125.097 -45.4405 9
      vertex 125.316 -47.4771 9
      vertex 125.537 -45.4893 9
    endloop
  endfacet
  facet normal 0 0 1
    outer loop
      vertex 125.097 -45.4405 9
      vertex 124.876 -47.4283 9
      vertex 125.316 -47.4771 9
    endloop
  endfacet
  facet normal 0 0 1
    outer loop
      vertex 124.849 -45.4268 9
      vertex 124.876 -47.4283 9
      vertex 125.097 -45.4405 9
    endloop
  endfacet
  facet normal 0 0 1
    outer loop
      vertex 124.849 -45.4268 9
      vertex 124.849 -47.4268 9
      vertex 124.876 -47.4283 9
    endloop
  endfacet
  facet normal -0 0 1
    outer loop
      vertex 105.375 -45.4268 9
      vertex 124.849 -47.4268 9
      vertex 124.849 -45.4268 9
    endloop
  endfacet
  facet normal 0 0 1
    outer loop
      vertex 105.375 -45.4268 9
      vertex 105.375 -47.4268 9
      vertex 124.849 -47.4268 9
    endloop
  endfacet
  facet normal 0 0 1
    outer loop
      vertex 105.375 -45.4268 9
      vertex 105.337 -47.4296 9
      vertex 105.375 -47.4268 9
    endloop
  endfacet
  facet normal -0 0 1
    outer loop
      vertex 105.035 -45.4525 9
      vertex 105.337 -47.4296 9
      vertex 105.375 -45.4268 9
    endloop
  endfacet
  facet normal 0 0 1
    outer loop
      vertex 105.035 -45.4525 9
      vertex 104.743 -47.5204 9
      vertex 105.337 -47.4296 9
    endloop
  endfacet
  facet normal -0 0 1
    outer loop
      vertex 104.441 -45.5434 9
      vertex 104.743 -47.5204 9
      vertex 105.035 -45.4525 9
    endloop
  endfacet
  facet normal 0 0 1
    outer loop
      vertex 104.743 -47.5204 9
      vertex 104.441 -45.5434 9
      vertex 104.706 -47.5289 9
    endloop
  endfacet
  facet normal -0 0 1
    outer loop
      vertex 104.111 -45.6195 9
      vertex 104.706 -47.5289 9
      vertex 104.441 -45.5434 9
    endloop
  endfacet
  facet normal 0 0 1
    outer loop
      vertex 104.111 -45.6195 9
      vertex 87.2283 -52.9762 9
      vertex 104.706 -47.5289 9
    endloop
  endfacet
  facet normal -0 0 1
    outer loop
      vertex 86.6332 -51.0668 9
      vertex 87.2283 -52.9762 9
      vertex 104.111 -45.6195 9
    endloop
  endfacet
  facet normal 0 0 1
    outer loop
      vertex 87.2283 -52.9762 9
      vertex 86.6332 -51.0668 9
      vertex 87.2003 -52.9868 9
    endloop
  endfacet
  facet normal -0 0 1
    outer loop
      vertex 86.3813 -51.1622 9
      vertex 87.2003 -52.9868 9
      vertex 86.6332 -51.0668 9
    endloop
  endfacet
  facet normal 0 0 1
    outer loop
      vertex 87.2003 -52.9868 9
      vertex 86.3813 -51.1622 9
      vertex 86.7609 -53.184 9
    endloop
  endfacet
  facet normal -0 0 1
    outer loop
      vertex 85.9419 -51.3594 9
      vertex 86.7609 -53.184 9
      vertex 86.3813 -51.1622 9
    endloop
  endfacet
  facet normal 0 0 1
    outer loop
      vertex 86.7609 -53.184 9
      vertex 85.9419 -51.3594 9
      vertex 86.734 -53.1981 9
    endloop
  endfacet
  facet normal -0 0 1
    outer loop
      vertex 85.6996 -51.4864 9
      vertex 86.734 -53.1981 9
      vertex 85.9419 -51.3594 9
    endloop
  endfacet
  facet normal 0 0 1
    outer loop
      vertex 63.5512 -64.8702 9
      vertex 86.734 -53.1981 9
      vertex 85.6996 -51.4864 9
    endloop
  endfacet
  facet normal 0 0 1
    outer loop
      vertex 86.734 -53.1981 9
      vertex 63.5512 -64.8702 9
      vertex 64.3902 -66.7 9
    endloop
  endfacet
  facet normal 0 0 1
    outer loop
      vertex 64.3902 -66.7 9
      vertex 63.5512 -64.8702 9
      vertex 63.5854 -66.9634 9
    endloop
  endfacet
  facet normal -0 0 1
    outer loop
      vertex 63.1818 -64.9911 9
      vertex 63.5854 -66.9634 9
      vertex 63.5512 -64.8702 9
    endloop
  endfacet
  facet normal 0 0 1
    outer loop
      vertex 63.1818 -64.9911 9
      vertex 48.1374 -68.3144 9
      vertex 63.5854 -66.9634 9
    endloop
  endfacet
  facet normal -0 0 1
    outer loop
      vertex 47.9632 -66.322 9
      vertex 48.1374 -68.3144 9
      vertex 63.1818 -64.9911 9
    endloop
  endfacet
  facet normal 0 0 1
    outer loop
      vertex 47.9632 -66.322 9
      vertex 48.0438 -68.3417 9
      vertex 48.1374 -68.3144 9
    endloop
  endfacet
  facet normal -0 0 1
    outer loop
      vertex 47.1204 -66.5676 9
      vertex 48.0438 -68.3417 9
      vertex 47.9632 -66.322 9
    endloop
  endfacet
  facet normal 0 0 1
    outer loop
      vertex 47.1204 -66.5676 9
      vertex 46.6854 -69.0488 9
      vertex 48.0438 -68.3417 9
    endloop
  endfacet
  facet normal -0 0 1
    outer loop
      vertex 45.762 -67.2747 9
      vertex 46.6854 -69.0488 9
      vertex 47.1204 -66.5676 9
    endloop
  endfacet
  facet normal 0 0 1
    outer loop
      vertex 46.6854 -69.0488 9
      vertex 45.762 -67.2747 9
      vertex 46.5623 -69.1954 9
    endloop
  endfacet
  facet normal 0 0 1
    outer loop
      vertex 46.5623 -69.1954 9
      vertex 44.6548 -68.5944 9
      vertex 46.1024 -70.6553 9
    endloop
  endfacet
  facet normal -0 0 1
    outer loop
      vertex 44.6548 -68.5944 9
      vertex 46.5623 -69.1954 9
      vertex 45.762 -67.2747 9
    endloop
  endfacet
  facet normal 0 0 1
    outer loop
      vertex 181.071 -57.7871 9
      vertex 183.071 -57.7871 9
      vertex 182.9 -56.9258 9
    endloop
  endfacet
  facet normal -0 0 1
    outer loop
      vertex 183.895 -141.073 9
      vertex 185.866 -141.411 9
      vertex 185.861 -140.62 9
    endloop
  endfacet
  facet normal 0 0 1
    outer loop
      vertex 185.866 -141.411 9
      vertex 183.895 -141.073 9
      vertex 185.632 -142.775 9
    endloop
  endfacet
  facet normal -0 0 1
    outer loop
      vertex 183.66 -142.437 9
      vertex 185.632 -142.775 9
      vertex 183.895 -141.073 9
    endloop
  endfacet
  facet normal 0 0 1
    outer loop
      vertex 185.861 -140.62 9
      vertex 183.894 -140.985 9
      vertex 183.895 -141.073 9
    endloop
  endfacet
  facet normal 0 0 1
    outer loop
      vertex 183.086 -125.66 9
      vertex 183.894 -140.985 9
      vertex 185.861 -140.62 9
    endloop
  endfacet
  facet normal 0 0 1
    outer loop
      vertex 181.102 -125.934 9
      vertex 183.086 -125.66 9
      vertex 183.071 -125.501 9
    endloop
  endfacet
  facet normal 0 0 1
    outer loop
      vertex 181.052 -57.6914 9
      vertex 182.9 -56.9258 9
      vertex 182.314 -55.5117 9
    endloop
  endfacet
  facet normal 0 0 1
    outer loop
      vertex 183.086 -125.66 9
      vertex 181.102 -125.934 9
      vertex 183.894 -140.985 9
    endloop
  endfacet
  facet normal 0 0 1
    outer loop
      vertex 183.071 -57.7871 9
      vertex 181.071 -57.7871 9
      vertex 183.071 -125.501 9
    endloop
  endfacet
  facet normal 0 0 1
    outer loop
      vertex 180.466 -56.2773 9
      vertex 182.314 -55.5117 9
      vertex 181.097 -54.2944 9
    endloop
  endfacet
  facet normal 0 0 1
    outer loop
      vertex 183.071 -125.501 9
      vertex 181.071 -57.7871 9
      vertex 181.071 -125.592 9
    endloop
  endfacet
  facet normal 0 0 1
    outer loop
      vertex 183.071 -125.501 9
      vertex 181.071 -125.592 9
      vertex 181.102 -125.934 9
    endloop
  endfacet
  facet normal 0 0 1
    outer loop
      vertex 185.632 -142.775 9
      vertex 183.66 -142.437 9
      vertex 185.363 -143.52 9
    endloop
  endfacet
  facet normal -0 0 1
    outer loop
      vertex 183.631 -142.52 9
      vertex 185.363 -143.52 9
      vertex 183.66 -142.437 9
    endloop
  endfacet
  facet normal 0 0 1
    outer loop
      vertex 183.631 -142.52 9
      vertex 176.576 -158.739 9
      vertex 185.363 -143.52 9
    endloop
  endfacet
  facet normal -0 0 1
    outer loop
      vertex 174.843 -157.739 9
      vertex 176.576 -158.739 9
      vertex 183.631 -142.52 9
    endloop
  endfacet
  facet normal 0 0 1
    outer loop
      vertex 176.576 -158.739 9
      vertex 174.843 -157.739 9
      vertex 176.07 -159.341 9
    endloop
  endfacet
  facet normal -0 0 1
    outer loop
      vertex 174.787 -157.806 9
      vertex 176.07 -159.341 9
      vertex 174.843 -157.739 9
    endloop
  endfacet
  facet normal 0 0 1
    outer loop
      vertex 176.07 -159.341 9
      vertex 174.787 -157.806 9
      vertex 175.016 -160.221 9
    endloop
  endfacet
  facet normal -0 0 1
    outer loop
      vertex 173.734 -158.687 9
      vertex 175.016 -160.221 9
      vertex 174.787 -157.806 9
    endloop
  endfacet
  facet normal -0 0 1
    outer loop
      vertex 173.572 -158.745 9
      vertex 175.016 -160.221 9
      vertex 173.734 -158.687 9
    endloop
  endfacet
  facet normal 0 0 1
    outer loop
      vertex 173.572 -158.745 9
      vertex 173.564 -160.745 9
      vertex 175.016 -160.221 9
    endloop
  endfacet
  facet normal 0 0 1
    outer loop
      vertex 172.199 -158.739 9
      vertex 173.564 -160.745 9
      vertex 173.572 -158.745 9
    endloop
  endfacet
  facet normal 0 0 1
    outer loop
      vertex 172.199 -158.739 9
      vertex 172.191 -160.739 9
      vertex 173.564 -160.745 9
    endloop
  endfacet
  facet normal 0 0 1
    outer loop
      vertex 172.113 -158.724 9
      vertex 172.191 -160.739 9
      vertex 172.199 -158.739 9
    endloop
  endfacet
  facet normal 0 0 1
    outer loop
      vertex 172.113 -158.724 9
      vertex 171.418 -160.599 9
      vertex 172.191 -160.739 9
    endloop
  endfacet
  facet normal -0 0 1
    outer loop
      vertex 122.585 -142.506 9
      vertex 172.113 -158.724 9
      vertex 123.185 -140.595 9
    endloop
  endfacet
  facet normal 0 0 1
    outer loop
      vertex 122.585 -142.506 9
      vertex 123.185 -140.595 9
      vertex 122.821 -140.501 9
    endloop
  endfacet
  facet normal 0 0 1
    outer loop
      vertex 172.113 -158.724 9
      vertex 122.585 -142.506 9
      vertex 171.418 -160.599 9
    endloop
  endfacet
  facet normal 0 0 1
    outer loop
      vertex 122.821 -140.501 9
      vertex 122.416 -142.462 9
      vertex 122.585 -142.506 9
    endloop
  endfacet
  facet normal -0 0 1
    outer loop
      vertex 90.1508 -137.441 9
      vertex 122.821 -140.501 9
      vertex 90.3397 -135.447 9
    endloop
  endfacet
  facet normal 0 0 1
    outer loop
      vertex 122.821 -140.501 9
      vertex 90.1508 -137.441 9
      vertex 122.416 -142.462 9
    endloop
  endfacet
  facet normal 0 0 1
    outer loop
      vertex 90.3397 -135.447 9
      vertex 89.9404 -137.434 9
      vertex 90.1508 -137.441 9
    endloop
  endfacet
  facet normal 0 0 1
    outer loop
      vertex 89.8876 -135.431 9
      vertex 89.9404 -137.434 9
      vertex 90.3397 -135.447 9
    endloop
  endfacet
  facet normal 0 0 1
    outer loop
      vertex 54.2816 -138.546 9
      vertex 89.9404 -137.434 9
      vertex 89.8876 -135.431 9
    endloop
  endfacet
  facet normal 0 0 1
    outer loop
      vertex 89.9404 -137.434 9
      vertex 54.2816 -138.546 9
      vertex 54.4559 -140.538 9
    endloop
  endfacet
  facet normal 0 0 1
    outer loop
      vertex 54.1846 -138.535 9
      vertex 54.4559 -140.538 9
      vertex 54.2816 -138.546 9
    endloop
  endfacet
  facet normal 0 0 1
    outer loop
      vertex 54.1846 -138.535 9
      vertex 53.5837 -140.443 9
      vertex 54.4559 -140.538 9
    endloop
  endfacet
  facet normal 0 0 1
    outer loop
      vertex 52.7247 -138.075 9
      vertex 53.5837 -140.443 9
      vertex 54.1846 -138.535 9
    endloop
  endfacet
  facet normal 0 0 1
    outer loop
      vertex 52.1237 -139.983 9
      vertex 52.7247 -138.075 9
      vertex 52.5781 -137.952 9
    endloop
  endfacet
  facet normal 0 0 1
    outer loop
      vertex 52.7247 -138.075 9
      vertex 52.1237 -139.983 9
      vertex 53.5837 -140.443 9
    endloop
  endfacet
  facet normal 0 0 1
    outer loop
      vertex 50.8043 -138.876 9
      vertex 52.5781 -137.952 9
      vertex 51.871 -136.595 9
    endloop
  endfacet
  facet normal 0 0 1
    outer loop
      vertex 50.0972 -137.519 9
      vertex 51.871 -136.595 9
      vertex 51.8437 -136.501 9
    endloop
  endfacet
  facet normal 0 0 1
    outer loop
      vertex 52.5781 -137.952 9
      vertex 50.8043 -138.876 9
      vertex 52.1237 -139.983 9
    endloop
  endfacet
  facet normal 0 0 1
    outer loop
      vertex 51.871 -136.595 9
      vertex 50.0972 -137.519 9
      vertex 50.8043 -138.876 9
    endloop
  endfacet
  facet normal 0 0 1
    outer loop
      vertex 51.8437 -136.501 9
      vertex 49.8513 -136.676 9
      vertex 50.0972 -137.519 9
    endloop
  endfacet
  facet normal 0 0 1
    outer loop
      vertex 46.0918 -70.7523 9
      vertex 49.8513 -136.676 9
      vertex 51.8437 -136.501 9
    endloop
  endfacet
  facet normal -0 0 1
    outer loop
      vertex 44.1948 -70.0544 9
      vertex 46.1024 -70.6553 9
      vertex 44.6548 -68.5944 9
    endloop
  endfacet
  facet normal 0 0 1
    outer loop
      vertex 46.1024 -70.6553 9
      vertex 44.1948 -70.0544 9
      vertex 46.0918 -70.7523 9
    endloop
  endfacet
  facet normal 0 0 1
    outer loop
      vertex 46.0918 -70.7523 9
      vertex 44.1948 -70.0544 9
      vertex 44.0994 -70.9266 9
    endloop
  endfacet
  facet normal 0 0 1
    outer loop
      vertex 46.0918 -70.7523 9
      vertex 44.0994 -70.9266 9
      vertex 49.8513 -136.676 9
    endloop
  endfacet
  facet normal 0 0 1
    outer loop
      vertex 182.9 -56.9258 9
      vertex 181.052 -57.6914 9
      vertex 181.071 -57.7871 9
    endloop
  endfacet
  facet normal 0 0 1
    outer loop
      vertex 182.314 -55.5117 9
      vertex 180.466 -56.2773 9
      vertex 181.052 -57.6914 9
    endloop
  endfacet
  facet normal 0 0 1
    outer loop
      vertex 181.097 -54.2944 9
      vertex 180.331 -56.1421 9
      vertex 180.466 -56.2773 9
    endloop
  endfacet
  facet normal 0 0 1
    outer loop
      vertex 179.683 -53.7085 9
      vertex 180.331 -56.1421 9
      vertex 181.097 -54.2944 9
    endloop
  endfacet
  facet normal 0 0 1
    outer loop
      vertex 179.683 -53.7085 9
      vertex 178.917 -55.5562 9
      vertex 180.331 -56.1421 9
    endloop
  endfacet
  facet normal 0 0 1
    outer loop
      vertex 178.821 -53.5371 9
      vertex 178.917 -55.5562 9
      vertex 179.683 -53.7085 9
    endloop
  endfacet
  facet normal 0 0 1
    outer loop
      vertex 178.821 -53.5371 9
      vertex 178.821 -55.5371 9
      vertex 178.917 -55.5562 9
    endloop
  endfacet
  facet normal -0 0 1
    outer loop
      vertex 177.571 -53.5371 9
      vertex 178.821 -55.5371 9
      vertex 178.821 -53.5371 9
    endloop
  endfacet
  facet normal 0 0 1
    outer loop
      vertex 178.821 -55.5371 9
      vertex 177.571 -53.5371 9
      vertex 177.571 -55.5371 9
    endloop
  endfacet
  facet normal 0.171825 0.985128 -0
    outer loop
      vertex 172.199 -158.739 2
      vertex 172.113 -158.724 9
      vertex 172.199 -158.739 9
    endloop
  endfacet
  facet normal 0.171825 0.985128 0
    outer loop
      vertex 172.113 -158.724 9
      vertex 172.199 -158.739 2
      vertex 172.113 -158.724 2
    endloop
  endfacet
  facet normal 0.347441 0.937702 -0
    outer loop
      vertex 172.113 -158.724 2
      vertex 123.185 -140.595 9
      vertex 172.113 -158.724 9
    endloop
  endfacet
  facet normal 0.347441 0.937702 0
    outer loop
      vertex 123.185 -140.595 9
      vertex 172.113 -158.724 2
      vertex 123.185 -140.595 2
    endloop
  endfacet
  facet normal 0.250039 0.968236 -0
    outer loop
      vertex 123.185 -140.595 2
      vertex 122.821 -140.501 9
      vertex 123.185 -140.595 9
    endloop
  endfacet
  facet normal 0.250039 0.968236 0
    outer loop
      vertex 122.821 -140.501 9
      vertex 123.185 -140.595 2
      vertex 122.821 -140.501 2
    endloop
  endfacet
  facet normal 0.153747 0.98811 -0
    outer loop
      vertex 122.821 -140.501 2
      vertex 90.3397 -135.447 9
      vertex 122.821 -140.501 9
    endloop
  endfacet
  facet normal 0.153747 0.98811 0
    outer loop
      vertex 90.3397 -135.447 9
      vertex 122.821 -140.501 2
      vertex 90.3397 -135.447 2
    endloop
  endfacet
  facet normal 0.0353683 0.999374 -0
    outer loop
      vertex 90.3397 -135.447 2
      vertex 89.8876 -135.431 9
      vertex 90.3397 -135.447 9
    endloop
  endfacet
  facet normal 0.0353683 0.999374 0
    outer loop
      vertex 89.8876 -135.431 9
      vertex 90.3397 -135.447 2
      vertex 89.8876 -135.431 2
    endloop
  endfacet
  facet normal -0.0871524 0.996195 0
    outer loop
      vertex 89.8876 -135.431 2
      vertex 54.2816 -138.546 9
      vertex 89.8876 -135.431 9
    endloop
  endfacet
  facet normal -0.0871524 0.996195 0
    outer loop
      vertex 54.2816 -138.546 9
      vertex 89.8876 -135.431 2
      vertex 54.2816 -138.546 2
    endloop
  endfacet
  facet normal 0.11268 0.993631 -0
    outer loop
      vertex 54.2816 -138.546 2
      vertex 54.1846 -138.535 9
      vertex 54.2816 -138.546 9
    endloop
  endfacet
  facet normal 0.11268 0.993631 0
    outer loop
      vertex 54.1846 -138.535 9
      vertex 54.2816 -138.546 2
      vertex 54.1846 -138.535 2
    endloop
  endfacet
  facet normal 0.300525 0.953774 -0
    outer loop
      vertex 54.1846 -138.535 2
      vertex 52.7247 -138.075 9
      vertex 54.1846 -138.535 9
    endloop
  endfacet
  facet normal 0.300525 0.953774 0
    outer loop
      vertex 52.7247 -138.075 9
      vertex 54.1846 -138.535 2
      vertex 52.7247 -138.075 2
    endloop
  endfacet
  facet normal 0.642751 0.766075 -0
    outer loop
      vertex 52.7247 -138.075 2
      vertex 52.5781 -137.952 9
      vertex 52.7247 -138.075 9
    endloop
  endfacet
  facet normal 0.642751 0.766075 0
    outer loop
      vertex 52.5781 -137.952 9
      vertex 52.7247 -138.075 2
      vertex 52.5781 -137.952 2
    endloop
  endfacet
  facet normal 0.886826 0.462104 0
    outer loop
      vertex 52.5781 -137.952 9
      vertex 51.871 -136.595 2
      vertex 51.871 -136.595 9
    endloop
  endfacet
  facet normal 0.886826 0.462104 0
    outer loop
      vertex 51.871 -136.595 2
      vertex 52.5781 -137.952 9
      vertex 52.5781 -137.952 2
    endloop
  endfacet
  facet normal 0.96032 0.278901 0
    outer loop
      vertex 51.871 -136.595 9
      vertex 51.8437 -136.501 2
      vertex 51.8437 -136.501 9
    endloop
  endfacet
  facet normal 0.96032 0.278901 0
    outer loop
      vertex 51.8437 -136.501 2
      vertex 51.871 -136.595 9
      vertex 51.871 -136.595 2
    endloop
  endfacet
  facet normal 0.996195 0.0871502 0
    outer loop
      vertex 51.8437 -136.501 9
      vertex 46.0918 -70.7523 2
      vertex 46.0918 -70.7523 9
    endloop
  endfacet
  facet normal 0.996195 0.0871502 0
    outer loop
      vertex 46.0918 -70.7523 2
      vertex 51.8437 -136.501 9
      vertex 51.8437 -136.501 2
    endloop
  endfacet
  facet normal 0.994082 -0.108632 0
    outer loop
      vertex 46.0918 -70.7523 9
      vertex 46.1024 -70.6553 2
      vertex 46.1024 -70.6553 9
    endloop
  endfacet
  facet normal 0.994082 -0.108632 0
    outer loop
      vertex 46.1024 -70.6553 2
      vertex 46.0918 -70.7523 9
      vertex 46.0918 -70.7523 2
    endloop
  endfacet
  facet normal 0.953793 -0.300465 0
    outer loop
      vertex 46.1024 -70.6553 9
      vertex 46.5623 -69.1954 2
      vertex 46.5623 -69.1954 9
    endloop
  endfacet
  facet normal 0.953793 -0.300465 0
    outer loop
      vertex 46.5623 -69.1954 2
      vertex 46.1024 -70.6553 9
      vertex 46.1024 -70.6553 2
    endloop
  endfacet
  facet normal 0.765818 -0.643057 0
    outer loop
      vertex 46.5623 -69.1954 9
      vertex 46.6854 -69.0488 2
      vertex 46.6854 -69.0488 9
    endloop
  endfacet
  facet normal 0.765818 -0.643057 0
    outer loop
      vertex 46.6854 -69.0488 2
      vertex 46.5623 -69.1954 9
      vertex 46.5623 -69.1954 2
    endloop
  endfacet
  facet normal 0.461729 -0.887021 0
    outer loop
      vertex 46.6854 -69.0488 2
      vertex 48.0438 -68.3417 9
      vertex 46.6854 -69.0488 9
    endloop
  endfacet
  facet normal 0.461729 -0.887021 0
    outer loop
      vertex 48.0438 -68.3417 9
      vertex 46.6854 -69.0488 2
      vertex 48.0438 -68.3417 2
    endloop
  endfacet
  facet normal 0.28 -0.96 0
    outer loop
      vertex 48.0438 -68.3417 2
      vertex 48.1374 -68.3144 9
      vertex 48.0438 -68.3417 9
    endloop
  endfacet
  facet normal 0.28 -0.96 0
    outer loop
      vertex 48.1374 -68.3144 9
      vertex 48.0438 -68.3417 2
      vertex 48.1374 -68.3144 2
    endloop
  endfacet
  facet normal 0.0871222 -0.996198 0
    outer loop
      vertex 48.1374 -68.3144 2
      vertex 63.5854 -66.9634 9
      vertex 48.1374 -68.3144 9
    endloop
  endfacet
  facet normal 0.0871222 -0.996198 0
    outer loop
      vertex 63.5854 -66.9634 9
      vertex 48.1374 -68.3144 2
      vertex 63.5854 -66.9634 2
    endloop
  endfacet
  facet normal 0.311051 -0.950393 0
    outer loop
      vertex 63.5854 -66.9634 2
      vertex 64.3902 -66.7 9
      vertex 63.5854 -66.9634 9
    endloop
  endfacet
  facet normal 0.311051 -0.950393 0
    outer loop
      vertex 64.3902 -66.7 9
      vertex 63.5854 -66.9634 2
      vertex 64.3902 -66.7 2
    endloop
  endfacet
  facet normal 0.517186 -0.855873 0
    outer loop
      vertex 64.3902 -66.7 2
      vertex 86.734 -53.1981 9
      vertex 64.3902 -66.7 9
    endloop
  endfacet
  facet normal 0.517186 -0.855873 0
    outer loop
      vertex 86.734 -53.1981 9
      vertex 64.3902 -66.7 2
      vertex 86.734 -53.1981 2
    endloop
  endfacet
  facet normal 0.464253 -0.885703 0
    outer loop
      vertex 86.734 -53.1981 2
      vertex 86.7609 -53.184 9
      vertex 86.734 -53.1981 9
    endloop
  endfacet
  facet normal 0.464253 -0.885703 0
    outer loop
      vertex 86.7609 -53.184 9
      vertex 86.734 -53.1981 2
      vertex 86.7609 -53.184 2
    endloop
  endfacet
  facet normal 0.409449 -0.912333 0
    outer loop
      vertex 86.7609 -53.184 2
      vertex 87.2003 -52.9868 9
      vertex 86.7609 -53.184 9
    endloop
  endfacet
  facet normal 0.409449 -0.912333 0
    outer loop
      vertex 87.2003 -52.9868 9
      vertex 86.7609 -53.184 2
      vertex 87.2003 -52.9868 2
    endloop
  endfacet
  facet normal 0.35405 -0.935226 0
    outer loop
      vertex 87.2003 -52.9868 2
      vertex 87.2283 -52.9762 9
      vertex 87.2003 -52.9868 9
    endloop
  endfacet
  facet normal 0.35405 -0.935226 0
    outer loop
      vertex 87.2283 -52.9762 9
      vertex 87.2003 -52.9868 2
      vertex 87.2283 -52.9762 2
    endloop
  endfacet
  facet normal 0.297554 -0.954705 0
    outer loop
      vertex 87.2283 -52.9762 2
      vertex 104.706 -47.5289 9
      vertex 87.2283 -52.9762 9
    endloop
  endfacet
  facet normal 0.297554 -0.954705 0
    outer loop
      vertex 104.706 -47.5289 9
      vertex 87.2283 -52.9762 2
      vertex 104.706 -47.5289 2
    endloop
  endfacet
  facet normal 0.223898 -0.974613 0
    outer loop
      vertex 104.706 -47.5289 2
      vertex 104.743 -47.5204 9
      vertex 104.706 -47.5289 9
    endloop
  endfacet
  facet normal 0.223898 -0.974613 0
    outer loop
      vertex 104.743 -47.5204 9
      vertex 104.706 -47.5289 2
      vertex 104.743 -47.5204 2
    endloop
  endfacet
  facet normal 0.151107 -0.988517 0
    outer loop
      vertex 104.743 -47.5204 2
      vertex 105.337 -47.4296 9
      vertex 104.743 -47.5204 9
    endloop
  endfacet
  facet normal 0.151107 -0.988517 0
    outer loop
      vertex 105.337 -47.4296 9
      vertex 104.743 -47.5204 2
      vertex 105.337 -47.4296 2
    endloop
  endfacet
  facet normal 0.073485 -0.997296 0
    outer loop
      vertex 105.337 -47.4296 2
      vertex 105.375 -47.4268 9
      vertex 105.337 -47.4296 9
    endloop
  endfacet
  facet normal 0.073485 -0.997296 0
    outer loop
      vertex 105.375 -47.4268 9
      vertex 105.337 -47.4296 2
      vertex 105.375 -47.4268 2
    endloop
  endfacet
  facet normal 0 -1 0
    outer loop
      vertex 105.375 -47.4268 2
      vertex 124.849 -47.4268 9
      vertex 105.375 -47.4268 9
    endloop
  endfacet
  facet normal 0 -1 -0
    outer loop
      vertex 124.849 -47.4268 9
      vertex 105.375 -47.4268 2
      vertex 124.849 -47.4268 2
    endloop
  endfacet
  facet normal -0.05547 -0.99846 0
    outer loop
      vertex 124.849 -47.4268 2
      vertex 124.876 -47.4283 9
      vertex 124.849 -47.4268 9
    endloop
  endfacet
  facet normal -0.05547 -0.99846 -0
    outer loop
      vertex 124.876 -47.4283 9
      vertex 124.849 -47.4268 2
      vertex 124.876 -47.4283 2
    endloop
  endfacet
  facet normal -0.110233 -0.993906 0
    outer loop
      vertex 124.876 -47.4283 2
      vertex 125.316 -47.4771 9
      vertex 124.876 -47.4283 9
    endloop
  endfacet
  facet normal -0.110233 -0.993906 -0
    outer loop
      vertex 125.316 -47.4771 9
      vertex 124.876 -47.4283 2
      vertex 125.316 -47.4771 2
    endloop
  endfacet
  facet normal -0.16795 -0.985795 0
    outer loop
      vertex 125.316 -47.4771 2
      vertex 125.343 -47.4817 9
      vertex 125.316 -47.4771 9
    endloop
  endfacet
  facet normal -0.16795 -0.985795 -0
    outer loop
      vertex 125.343 -47.4817 9
      vertex 125.316 -47.4771 2
      vertex 125.343 -47.4817 2
    endloop
  endfacet
  facet normal -0.219784 -0.975549 0
    outer loop
      vertex 125.343 -47.4817 2
      vertex 160.895 -55.4913 9
      vertex 125.343 -47.4817 9
    endloop
  endfacet
  facet normal -0.219784 -0.975549 -0
    outer loop
      vertex 160.895 -55.4913 9
      vertex 125.343 -47.4817 2
      vertex 160.895 -55.4913 2
    endloop
  endfacet
  facet normal -0.11022 -0.993907 0
    outer loop
      vertex 160.895 -55.4913 2
      vertex 161.308 -55.5371 9
      vertex 160.895 -55.4913 9
    endloop
  endfacet
  facet normal -0.11022 -0.993907 -0
    outer loop
      vertex 161.308 -55.5371 9
      vertex 160.895 -55.4913 2
      vertex 161.308 -55.5371 2
    endloop
  endfacet
  facet normal 0 -1 0
    outer loop
      vertex 177.571 -55.5371 2
      vertex 178.821 -55.5371 9
      vertex 177.571 -55.5371 9
    endloop
  endfacet
  facet normal 0 -1 -0
    outer loop
      vertex 178.821 -55.5371 9
      vertex 177.571 -55.5371 2
      vertex 178.821 -55.5371 2
    endloop
  endfacet
  facet normal 0 -1 0
    outer loop
      vertex 161.308 -55.5371 2
      vertex 163.571 -55.5371 9
      vertex 161.308 -55.5371 9
    endloop
  endfacet
  facet normal 0 -1 -0
    outer loop
      vertex 163.571 -55.5371 9
      vertex 161.308 -55.5371 2
      vertex 163.571 -55.5371 2
    endloop
  endfacet
  facet normal -0.195134 -0.980777 0
    outer loop
      vertex 178.821 -55.5371 2
      vertex 178.917 -55.5562 9
      vertex 178.821 -55.5371 9
    endloop
  endfacet
  facet normal -0.195134 -0.980777 -0
    outer loop
      vertex 178.917 -55.5562 9
      vertex 178.821 -55.5371 2
      vertex 178.917 -55.5562 2
    endloop
  endfacet
  facet normal -0.382796 -0.923833 0
    outer loop
      vertex 178.917 -55.5562 2
      vertex 180.331 -56.1421 9
      vertex 178.917 -55.5562 9
    endloop
  endfacet
  facet normal -0.382796 -0.923833 -0
    outer loop
      vertex 180.331 -56.1421 9
      vertex 178.917 -55.5562 2
      vertex 180.331 -56.1421 2
    endloop
  endfacet
  facet normal -0.70763 -0.706583 0
    outer loop
      vertex 180.466 -56.2773 2
      vertex 180.331 -56.1421 9
      vertex 180.331 -56.1421 2
    endloop
  endfacet
  facet normal -0.70763 -0.706583 0
    outer loop
      vertex 180.331 -56.1421 9
      vertex 180.466 -56.2773 2
      vertex 180.466 -56.2773 9
    endloop
  endfacet
  facet normal -0.923819 -0.382829 0
    outer loop
      vertex 181.052 -57.6914 2
      vertex 180.466 -56.2773 9
      vertex 180.466 -56.2773 2
    endloop
  endfacet
  facet normal -0.923819 -0.382829 0
    outer loop
      vertex 180.466 -56.2773 9
      vertex 181.052 -57.6914 2
      vertex 181.052 -57.6914 9
    endloop
  endfacet
  facet normal -0.980856 -0.194736 0
    outer loop
      vertex 181.071 -57.7871 2
      vertex 181.052 -57.6914 9
      vertex 181.052 -57.6914 2
    endloop
  endfacet
  facet normal -0.980856 -0.194736 0
    outer loop
      vertex 181.052 -57.6914 9
      vertex 181.071 -57.7871 2
      vertex 181.071 -57.7871 9
    endloop
  endfacet
  facet normal -1 0 0
    outer loop
      vertex 181.071 -125.592 2
      vertex 181.071 -57.7871 9
      vertex 181.071 -57.7871 2
    endloop
  endfacet
  facet normal -1 -0 0
    outer loop
      vertex 181.071 -57.7871 9
      vertex 181.071 -125.592 2
      vertex 181.071 -125.592 9
    endloop
  endfacet
  facet normal -0.995917 -0.0902732 0
    outer loop
      vertex 181.102 -125.934 2
      vertex 181.071 -125.592 9
      vertex 181.071 -125.592 2
    endloop
  endfacet
  facet normal -0.995917 -0.0902732 0
    outer loop
      vertex 181.071 -125.592 9
      vertex 181.102 -125.934 2
      vertex 181.102 -125.934 9
    endloop
  endfacet
  facet normal -0.983226 -0.182391 0
    outer loop
      vertex 183.894 -140.985 2
      vertex 181.102 -125.934 9
      vertex 181.102 -125.934 2
    endloop
  endfacet
  facet normal -0.983226 -0.182391 0
    outer loop
      vertex 181.102 -125.934 9
      vertex 183.894 -140.985 2
      vertex 183.894 -140.985 9
    endloop
  endfacet
  facet normal -0.999935 -0.0113629 0
    outer loop
      vertex 183.895 -141.073 2
      vertex 183.894 -140.985 9
      vertex 183.894 -140.985 2
    endloop
  endfacet
  facet normal -0.999935 -0.0113629 0
    outer loop
      vertex 183.894 -140.985 9
      vertex 183.895 -141.073 2
      vertex 183.895 -141.073 9
    endloop
  endfacet
  facet normal -0.985481 0.169786 0
    outer loop
      vertex 183.66 -142.437 2
      vertex 183.895 -141.073 9
      vertex 183.895 -141.073 2
    endloop
  endfacet
  facet normal -0.985481 0.169786 0
    outer loop
      vertex 183.895 -141.073 9
      vertex 183.66 -142.437 2
      vertex 183.66 -142.437 9
    endloop
  endfacet
  facet normal -0.944036 0.329844 0
    outer loop
      vertex 183.631 -142.52 2
      vertex 183.66 -142.437 9
      vertex 183.66 -142.437 2
    endloop
  endfacet
  facet normal -0.944036 0.329844 0
    outer loop
      vertex 183.66 -142.437 9
      vertex 183.631 -142.52 2
      vertex 183.631 -142.52 9
    endloop
  endfacet
  facet normal -0.865993 0.500056 0
    outer loop
      vertex 174.843 -157.739 2
      vertex 183.631 -142.52 9
      vertex 183.631 -142.52 2
    endloop
  endfacet
  facet normal -0.865993 0.500056 0
    outer loop
      vertex 183.631 -142.52 9
      vertex 174.843 -157.739 2
      vertex 174.843 -157.739 9
    endloop
  endfacet
  facet normal -0.767282 0.64131 0
    outer loop
      vertex 174.787 -157.806 2
      vertex 174.843 -157.739 9
      vertex 174.843 -157.739 2
    endloop
  endfacet
  facet normal -0.767282 0.64131 0
    outer loop
      vertex 174.843 -157.739 9
      vertex 174.787 -157.806 2
      vertex 174.787 -157.806 9
    endloop
  endfacet
  facet normal -0.641688 0.766966 0
    outer loop
      vertex 174.787 -157.806 2
      vertex 173.734 -158.687 9
      vertex 174.787 -157.806 9
    endloop
  endfacet
  facet normal -0.641688 0.766966 0
    outer loop
      vertex 173.734 -158.687 9
      vertex 174.787 -157.806 2
      vertex 173.734 -158.687 2
    endloop
  endfacet
  facet normal -0.337073 0.941479 0
    outer loop
      vertex 173.734 -158.687 2
      vertex 173.572 -158.745 9
      vertex 173.734 -158.687 9
    endloop
  endfacet
  facet normal -0.337073 0.941479 0
    outer loop
      vertex 173.572 -158.745 9
      vertex 173.734 -158.687 2
      vertex 173.572 -158.745 2
    endloop
  endfacet
  facet normal 0.00436995 0.99999 -0
    outer loop
      vertex 173.572 -158.745 2
      vertex 172.199 -158.739 9
      vertex 173.572 -158.745 9
    endloop
  endfacet
  facet normal 0.00436995 0.99999 0
    outer loop
      vertex 172.199 -158.739 9
      vertex 173.572 -158.745 2
      vertex 172.199 -158.739 2
    endloop
  endfacet
  facet normal 0.471166 -0.882045 0
    outer loop
      vertex 85.4598 -70.3723 1.19
      vertex 85.65 -70.2707 2
      vertex 85.4598 -70.3723 2
    endloop
  endfacet
  facet normal 0.471166 -0.882045 0
    outer loop
      vertex 85.65 -70.2707 2
      vertex 85.4598 -70.3723 1.19
      vertex 85.65 -70.2707 1.19
    endloop
  endfacet
  facet normal 0.881852 -0.471526 0
    outer loop
      vertex 85.0547 -70.866 2
      vertex 85.1564 -70.6758 1.19
      vertex 85.1564 -70.6758 2
    endloop
  endfacet
  facet normal 0.881852 -0.471526 0
    outer loop
      vertex 85.1564 -70.6758 1.19
      vertex 85.0547 -70.866 2
      vertex 85.0547 -70.866 1.19
    endloop
  endfacet
  facet normal -0.290368 0.956915 0
    outer loop
      vertex 86.4919 -72.3032 1.19
      vertex 86.2856 -72.3658 2
      vertex 86.4919 -72.3032 2
    endloop
  endfacet
  facet normal -0.290368 0.956915 0
    outer loop
      vertex 86.2856 -72.3658 2
      vertex 86.4919 -72.3032 1.19
      vertex 86.2856 -72.3658 1.19
    endloop
  endfacet
  facet normal -0.995156 -0.0983099 0
    outer loop
      vertex 87.171 -71.2869 1.19
      vertex 87.1498 -71.0723 2
      vertex 87.1498 -71.0723 1.19
    endloop
  endfacet
  facet normal -0.995156 -0.0983099 0
    outer loop
      vertex 87.1498 -71.0723 2
      vertex 87.171 -71.2869 1.19
      vertex 87.171 -71.2869 2
    endloop
  endfacet
  facet normal -0.773027 0.634373 0
    outer loop
      vertex 86.8488 -72.0648 1.19
      vertex 86.9856 -71.8981 2
      vertex 86.9856 -71.8981 1.19
    endloop
  endfacet
  facet normal -0.773027 0.634373 0
    outer loop
      vertex 86.9856 -71.8981 2
      vertex 86.8488 -72.0648 1.19
      vertex 86.8488 -72.0648 2
    endloop
  endfacet
  facet normal -0.995156 0.0983099 0
    outer loop
      vertex 87.1498 -71.5015 1.19
      vertex 87.171 -71.2869 2
      vertex 87.171 -71.2869 1.19
    endloop
  endfacet
  facet normal -0.995156 0.0983099 0
    outer loop
      vertex 87.171 -71.2869 2
      vertex 87.1498 -71.5015 1.19
      vertex 87.1498 -71.5015 2
    endloop
  endfacet
  facet normal -0.634373 0.773027 0
    outer loop
      vertex 86.8488 -72.0648 1.19
      vertex 86.6821 -72.2016 2
      vertex 86.8488 -72.0648 2
    endloop
  endfacet
  facet normal -0.634373 0.773027 0
    outer loop
      vertex 86.6821 -72.2016 2
      vertex 86.8488 -72.0648 1.19
      vertex 86.6821 -72.2016 1.19
    endloop
  endfacet
  facet normal -0.0978506 0.995201 0
    outer loop
      vertex 86.2856 -72.3658 1.19
      vertex 86.071 -72.3869 2
      vertex 86.2856 -72.3658 2
    endloop
  endfacet
  facet normal -0.0978506 0.995201 0
    outer loop
      vertex 86.071 -72.3869 2
      vertex 86.2856 -72.3658 1.19
      vertex 86.071 -72.3869 1.19
    endloop
  endfacet
  facet normal 0.471166 0.882045 -0
    outer loop
      vertex 85.65 -72.3032 1.19
      vertex 85.4598 -72.2016 2
      vertex 85.65 -72.3032 2
    endloop
  endfacet
  facet normal 0.471166 0.882045 0
    outer loop
      vertex 85.4598 -72.2016 2
      vertex 85.65 -72.3032 1.19
      vertex 85.4598 -72.2016 1.19
    endloop
  endfacet
  facet normal -0.956915 -0.290368 0
    outer loop
      vertex 87.1498 -71.0723 1.19
      vertex 87.0872 -70.866 2
      vertex 87.0872 -70.866 1.19
    endloop
  endfacet
  facet normal -0.956915 -0.290368 0
    outer loop
      vertex 87.0872 -70.866 2
      vertex 87.1498 -71.0723 1.19
      vertex 87.1498 -71.0723 2
    endloop
  endfacet
  facet normal -0.0978506 -0.995201 0
    outer loop
      vertex 86.071 -70.187 1.19
      vertex 86.2856 -70.2081 2
      vertex 86.071 -70.187 2
    endloop
  endfacet
  facet normal -0.0978506 -0.995201 -0
    outer loop
      vertex 86.2856 -70.2081 2
      vertex 86.071 -70.187 1.19
      vertex 86.2856 -70.2081 1.19
    endloop
  endfacet
  facet normal 0.995201 -0.0978506 0
    outer loop
      vertex 84.971 -71.2869 2
      vertex 84.9921 -71.0723 1.19
      vertex 84.9921 -71.0723 2
    endloop
  endfacet
  facet normal 0.995201 -0.0978506 0
    outer loop
      vertex 84.9921 -71.0723 1.19
      vertex 84.971 -71.2869 2
      vertex 84.971 -71.2869 1.19
    endloop
  endfacet
  facet normal -0.471166 -0.882045 0
    outer loop
      vertex 86.4919 -70.2707 1.19
      vertex 86.6821 -70.3723 2
      vertex 86.4919 -70.2707 2
    endloop
  endfacet
  facet normal -0.471166 -0.882045 -0
    outer loop
      vertex 86.6821 -70.3723 2
      vertex 86.4919 -70.2707 1.19
      vertex 86.6821 -70.3723 1.19
    endloop
  endfacet
  facet normal 0.634601 0.77284 -0
    outer loop
      vertex 85.4598 -72.2016 1.19
      vertex 85.2932 -72.0648 2
      vertex 85.4598 -72.2016 2
    endloop
  endfacet
  facet normal 0.634601 0.77284 0
    outer loop
      vertex 85.2932 -72.0648 2
      vertex 85.4598 -72.2016 1.19
      vertex 85.2932 -72.0648 1.19
    endloop
  endfacet
  facet normal 0.0978506 -0.995201 0
    outer loop
      vertex 85.8564 -70.2081 1.19
      vertex 86.071 -70.187 2
      vertex 85.8564 -70.2081 2
    endloop
  endfacet
  facet normal 0.0978506 -0.995201 0
    outer loop
      vertex 86.071 -70.187 2
      vertex 85.8564 -70.2081 1.19
      vertex 86.071 -70.187 1.19
    endloop
  endfacet
  facet normal 0.995201 0.0978506 0
    outer loop
      vertex 84.9921 -71.5015 2
      vertex 84.971 -71.2869 1.19
      vertex 84.971 -71.2869 2
    endloop
  endfacet
  facet normal 0.995201 0.0978506 0
    outer loop
      vertex 84.971 -71.2869 1.19
      vertex 84.9921 -71.5015 2
      vertex 84.9921 -71.5015 1.19
    endloop
  endfacet
  facet normal -0.882045 0.471166 0
    outer loop
      vertex 86.9856 -71.8981 1.19
      vertex 87.0872 -71.7079 2
      vertex 87.0872 -71.7079 1.19
    endloop
  endfacet
  facet normal -0.882045 0.471166 0
    outer loop
      vertex 87.0872 -71.7079 2
      vertex 86.9856 -71.8981 1.19
      vertex 86.9856 -71.8981 2
    endloop
  endfacet
  facet normal 0.290239 0.956954 -0
    outer loop
      vertex 85.8564 -72.3658 1.19
      vertex 85.65 -72.3032 2
      vertex 85.8564 -72.3658 2
    endloop
  endfacet
  facet normal 0.290239 0.956954 0
    outer loop
      vertex 85.65 -72.3032 2
      vertex 85.8564 -72.3658 1.19
      vertex 85.65 -72.3032 1.19
    endloop
  endfacet
  facet normal 0.290239 -0.956954 0
    outer loop
      vertex 85.65 -70.2707 1.19
      vertex 85.8564 -70.2081 2
      vertex 85.65 -70.2707 2
    endloop
  endfacet
  facet normal 0.290239 -0.956954 0
    outer loop
      vertex 85.8564 -70.2081 2
      vertex 85.65 -70.2707 1.19
      vertex 85.8564 -70.2081 1.19
    endloop
  endfacet
  facet normal -0.290368 -0.956915 0
    outer loop
      vertex 86.2856 -70.2081 1.19
      vertex 86.4919 -70.2707 2
      vertex 86.2856 -70.2081 2
    endloop
  endfacet
  facet normal -0.290368 -0.956915 -0
    outer loop
      vertex 86.4919 -70.2707 2
      vertex 86.2856 -70.2081 1.19
      vertex 86.4919 -70.2707 1.19
    endloop
  endfacet
  facet normal -0.773027 -0.634373 0
    outer loop
      vertex 86.9856 -70.6758 1.19
      vertex 86.8488 -70.5091 2
      vertex 86.8488 -70.5091 1.19
    endloop
  endfacet
  facet normal -0.773027 -0.634373 0
    outer loop
      vertex 86.8488 -70.5091 2
      vertex 86.9856 -70.6758 1.19
      vertex 86.9856 -70.6758 2
    endloop
  endfacet
  facet normal -0.471166 0.882045 0
    outer loop
      vertex 86.6821 -72.2016 1.19
      vertex 86.4919 -72.3032 2
      vertex 86.6821 -72.2016 2
    endloop
  endfacet
  facet normal -0.471166 0.882045 0
    outer loop
      vertex 86.4919 -72.3032 2
      vertex 86.6821 -72.2016 1.19
      vertex 86.4919 -72.3032 1.19
    endloop
  endfacet
  facet normal -0.882045 -0.471166 0
    outer loop
      vertex 87.0872 -70.866 1.19
      vertex 86.9856 -70.6758 2
      vertex 86.9856 -70.6758 1.19
    endloop
  endfacet
  facet normal -0.882045 -0.471166 0
    outer loop
      vertex 86.9856 -70.6758 2
      vertex 87.0872 -70.866 1.19
      vertex 87.0872 -70.866 2
    endloop
  endfacet
  facet normal -0.956954 0.290239 0
    outer loop
      vertex 87.0872 -71.7079 1.19
      vertex 87.1498 -71.5015 2
      vertex 87.1498 -71.5015 1.19
    endloop
  endfacet
  facet normal -0.956954 0.290239 0
    outer loop
      vertex 87.1498 -71.5015 2
      vertex 87.0872 -71.7079 1.19
      vertex 87.0872 -71.7079 2
    endloop
  endfacet
  facet normal 0.634601 -0.77284 0
    outer loop
      vertex 85.2932 -70.5091 1.19
      vertex 85.4598 -70.3723 2
      vertex 85.2932 -70.5091 2
    endloop
  endfacet
  facet normal 0.634601 -0.77284 0
    outer loop
      vertex 85.4598 -70.3723 2
      vertex 85.2932 -70.5091 1.19
      vertex 85.4598 -70.3723 1.19
    endloop
  endfacet
  facet normal -0.634373 -0.773027 0
    outer loop
      vertex 86.6821 -70.3723 1.19
      vertex 86.8488 -70.5091 2
      vertex 86.6821 -70.3723 2
    endloop
  endfacet
  facet normal -0.634373 -0.773027 -0
    outer loop
      vertex 86.8488 -70.5091 2
      vertex 86.6821 -70.3723 1.19
      vertex 86.8488 -70.5091 1.19
    endloop
  endfacet
  facet normal 0.956915 -0.290368 0
    outer loop
      vertex 84.9921 -71.0723 2
      vertex 85.0547 -70.866 1.19
      vertex 85.0547 -70.866 2
    endloop
  endfacet
  facet normal 0.956915 -0.290368 0
    outer loop
      vertex 85.0547 -70.866 1.19
      vertex 84.9921 -71.0723 2
      vertex 84.9921 -71.0723 1.19
    endloop
  endfacet
  facet normal 0.773027 -0.634373 0
    outer loop
      vertex 85.1564 -70.6758 2
      vertex 85.2932 -70.5091 1.19
      vertex 85.2932 -70.5091 2
    endloop
  endfacet
  facet normal 0.773027 -0.634373 0
    outer loop
      vertex 85.2932 -70.5091 1.19
      vertex 85.1564 -70.6758 2
      vertex 85.1564 -70.6758 1.19
    endloop
  endfacet
  facet normal 0.881852 0.471526 0
    outer loop
      vertex 85.1564 -71.8981 2
      vertex 85.0547 -71.7079 1.19
      vertex 85.0547 -71.7079 2
    endloop
  endfacet
  facet normal 0.881852 0.471526 0
    outer loop
      vertex 85.0547 -71.7079 1.19
      vertex 85.1564 -71.8981 2
      vertex 85.1564 -71.8981 1.19
    endloop
  endfacet
  facet normal 0.773027 0.634373 0
    outer loop
      vertex 85.2932 -72.0648 2
      vertex 85.1564 -71.8981 1.19
      vertex 85.1564 -71.8981 2
    endloop
  endfacet
  facet normal 0.773027 0.634373 0
    outer loop
      vertex 85.1564 -71.8981 1.19
      vertex 85.2932 -72.0648 2
      vertex 85.2932 -72.0648 1.19
    endloop
  endfacet
  facet normal 0.956954 0.290239 0
    outer loop
      vertex 85.0547 -71.7079 2
      vertex 84.9921 -71.5015 1.19
      vertex 84.9921 -71.5015 2
    endloop
  endfacet
  facet normal 0.956954 0.290239 0
    outer loop
      vertex 84.9921 -71.5015 1.19
      vertex 85.0547 -71.7079 2
      vertex 85.0547 -71.7079 1.19
    endloop
  endfacet
  facet normal 0.0978506 0.995201 -0
    outer loop
      vertex 86.071 -72.3869 1.19
      vertex 85.8564 -72.3658 2
      vertex 86.071 -72.3869 2
    endloop
  endfacet
  facet normal 0.0978506 0.995201 0
    outer loop
      vertex 85.8564 -72.3658 2
      vertex 86.071 -72.3869 1.19
      vertex 85.8564 -72.3658 1.19
    endloop
  endfacet
  facet normal 0.437522 0.556847 -0.706042
    outer loop
      vertex 84.7973 -73.1899 0
      vertex 85.4598 -72.2016 1.19
      vertex 84.7987 -73.191 0
    endloop
  endfacet
  facet normal 0.449822 0.547809 -0.705384
    outer loop
      vertex 85.4598 -72.2016 1.19
      vertex 84.7973 -73.1899 0
      vertex 85.2932 -72.0648 1.19
    endloop
  endfacet
  facet normal 0.547916 -0.449639 -0.705417
    outer loop
      vertex 85.1564 -70.6758 1.19
      vertex 84.168 -70.0133 0
      vertex 85.2932 -70.5091 1.19
    endloop
  endfacet
  facet normal 0.556828 -0.437508 -0.706066
    outer loop
      vertex 84.168 -70.0133 0
      vertex 85.1564 -70.6758 1.19
      vertex 84.1669 -70.0147 0
    endloop
  endfacet
  facet normal -0.678269 0.205748 -0.705421
    outer loop
      vertex 88.317 -71.7337 0
      vertex 88.1872 -72.1616 0
      vertex 87.1498 -71.5015 1.19
    endloop
  endfacet
  facet normal -0.704673 -0.0829027 -0.704673
    outer loop
      vertex 87.171 -71.2869 1.19
      vertex 88.3608 -71.2852 0
      vertex 88.361 -71.2869 0
    endloop
  endfacet
  facet normal -0.705397 -0.0696851 -0.705378
    outer loop
      vertex 88.3608 -71.2852 0
      vertex 87.171 -71.2869 1.19
      vertex 87.1498 -71.0723 1.19
    endloop
  endfacet
  facet normal -0.705387 -0.0694291 -0.705414
    outer loop
      vertex 88.317 -70.8402 0
      vertex 88.3608 -71.2852 0
      vertex 87.1498 -71.0723 1.19
    endloop
  endfacet
  facet normal 0.547916 0.449639 -0.705417
    outer loop
      vertex 84.168 -72.5606 0
      vertex 85.1564 -71.8981 1.19
      vertex 85.2932 -72.0648 1.19
    endloop
  endfacet
  facet normal 0.556828 0.437508 -0.706066
    outer loop
      vertex 85.1564 -71.8981 1.19
      vertex 84.168 -72.5606 0
      vertex 84.1669 -72.5592 0
    endloop
  endfacet
  facet normal 0.0783228 0.704905 -0.704964
    outer loop
      vertex 86.0692 -73.5768 0
      vertex 86.071 -72.3869 1.19
      vertex 86.071 -73.577 0
    endloop
  endfacet
  facet normal 0.0693548 0.705381 -0.705427
    outer loop
      vertex 86.071 -72.3869 1.19
      vertex 86.0692 -73.5768 0
      vertex 85.8564 -72.3658 1.19
    endloop
  endfacet
  facet normal -0.62507 0.334174 -0.705418
    outer loop
      vertex 88.1867 -72.1633 0
      vertex 87.9759 -72.5576 0
      vertex 87.0872 -71.7079 1.19
    endloop
  endfacet
  facet normal 0.0694288 -0.705384 -0.705417
    outer loop
      vertex 86.0692 -68.9971 0
      vertex 85.8564 -70.2081 1.19
      vertex 85.6242 -69.0409 0
    endloop
  endfacet
  facet normal -0.678278 -0.20575 -0.705412
    outer loop
      vertex 88.1872 -70.4123 0
      vertex 88.317 -70.8402 0
      vertex 87.1498 -71.0723 1.19
    endloop
  endfacet
  facet normal 0.705391 0.069588 -0.705395
    outer loop
      vertex 84.9921 -71.5015 1.19
      vertex 83.825 -71.7337 0
      vertex 83.7811 -71.2887 0
    endloop
  endfacet
  facet normal 0.205748 -0.678269 -0.705421
    outer loop
      vertex 85.6242 -69.0409 0
      vertex 85.8564 -70.2081 1.19
      vertex 85.1963 -69.1707 0
    endloop
  endfacet
  facet normal -0.20575 -0.678278 -0.705412
    outer loop
      vertex 86.5177 -69.0409 0
      vertex 86.9456 -69.1707 0
      vertex 86.2856 -70.2081 1.19
    endloop
  endfacet
  facet normal -0.705384 0.0694288 -0.705417
    outer loop
      vertex 88.3608 -71.2887 0
      vertex 88.317 -71.7337 0
      vertex 87.1498 -71.5015 1.19
    endloop
  endfacet
  facet normal -0.449654 -0.547934 -0.705394
    outer loop
      vertex 86.6821 -70.3723 1.19
      vertex 87.3446 -69.384 0
      vertex 86.8488 -70.5091 1.19
    endloop
  endfacet
  facet normal -0.437522 -0.556847 -0.706042
    outer loop
      vertex 87.3446 -69.384 0
      vertex 86.6821 -70.3723 1.19
      vertex 87.3432 -69.3829 0
    endloop
  endfacet
  facet normal -0.33406 -0.625153 -0.705399
    outer loop
      vertex 86.9473 -69.1713 0
      vertex 87.3416 -69.382 0
      vertex 86.4919 -70.2707 1.19
    endloop
  endfacet
  facet normal -0.235509 0.667274 -0.706598
    outer loop
      vertex 86.9456 -73.4032 0
      vertex 86.4919 -72.3032 1.19
      vertex 86.9473 -73.4026 0
    endloop
  endfacet
  facet normal -0.205809 0.67825 -0.705421
    outer loop
      vertex 86.4919 -72.3032 1.19
      vertex 86.9456 -73.4032 0
      vertex 86.2856 -72.3658 1.19
    endloop
  endfacet
  facet normal 0.069588 0.705391 -0.705395
    outer loop
      vertex 85.8564 -72.3658 1.19
      vertex 86.0692 -73.5768 0
      vertex 85.6242 -73.5329 0
    endloop
  endfacet
  facet normal -0.205611 0.678342 -0.705391
    outer loop
      vertex 86.9456 -73.4032 0
      vertex 86.5177 -73.5329 0
      vertex 86.2856 -72.3658 1.19
    endloop
  endfacet
  facet normal 0.678297 0.205756 -0.705392
    outer loop
      vertex 84.9921 -71.5015 1.19
      vertex 83.9548 -72.1616 0
      vertex 83.825 -71.7337 0
    endloop
  endfacet
  facet normal -0.68028 0.200082 -0.705114
    outer loop
      vertex 87.0872 -71.7079 1.19
      vertex 88.1872 -72.1616 0
      vertex 88.1867 -72.1633 0
    endloop
  endfacet
  facet normal -0.678282 0.205719 -0.705416
    outer loop
      vertex 88.1872 -72.1616 0
      vertex 87.0872 -71.7079 1.19
      vertex 87.1498 -71.5015 1.19
    endloop
  endfacet
  facet normal -0.556847 -0.437522 -0.706042
    outer loop
      vertex 86.9856 -70.6758 1.19
      vertex 87.9739 -70.0133 0
      vertex 87.975 -70.0147 0
    endloop
  endfacet
  facet normal -0.547934 -0.449654 -0.705394
    outer loop
      vertex 87.9739 -70.0133 0
      vertex 86.9856 -70.6758 1.19
      vertex 86.8488 -70.5091 1.19
    endloop
  endfacet
  facet normal 0.705384 -0.0693551 -0.705424
    outer loop
      vertex 84.971 -71.2869 1.19
      vertex 83.7811 -71.2852 0
      vertex 84.9921 -71.0723 1.19
    endloop
  endfacet
  facet normal 0.706496 -0.0415586 -0.706496
    outer loop
      vertex 83.7811 -71.2852 0
      vertex 84.971 -71.2869 1.19
      vertex 83.781 -71.2869 0
    endloop
  endfacet
  facet normal -0.556847 0.437522 -0.706042
    outer loop
      vertex 87.9739 -72.5606 0
      vertex 86.9856 -71.8981 1.19
      vertex 87.975 -72.5592 0
    endloop
  endfacet
  facet normal -0.547934 0.449654 -0.705394
    outer loop
      vertex 86.9856 -71.8981 1.19
      vertex 87.9739 -72.5606 0
      vertex 86.8488 -72.0648 1.19
    endloop
  endfacet
  facet normal 0.625093 -0.334186 -0.705392
    outer loop
      vertex 84.1661 -70.0163 0
      vertex 85.0547 -70.866 1.19
      vertex 83.9553 -70.4106 0
    endloop
  endfacet
  facet normal 0.547859 -0.449732 -0.705402
    outer loop
      vertex 84.4517 -69.6677 0
      vertex 85.2932 -70.5091 1.19
      vertex 84.168 -70.0133 0
    endloop
  endfacet
  facet normal -0.347185 -0.617217 -0.706049
    outer loop
      vertex 86.6821 -70.3723 1.19
      vertex 87.3416 -69.382 0
      vertex 87.3432 -69.3829 0
    endloop
  endfacet
  facet normal -0.333974 -0.625216 -0.705384
    outer loop
      vertex 87.3416 -69.382 0
      vertex 86.6821 -70.3723 1.19
      vertex 86.4919 -70.2707 1.19
    endloop
  endfacet
  facet normal -0.547877 0.449747 -0.705379
    outer loop
      vertex 87.9739 -72.5606 0
      vertex 87.6902 -72.9062 0
      vertex 86.8488 -72.0648 1.19
    endloop
  endfacet
  facet normal 0.0783228 -0.704905 -0.704964
    outer loop
      vertex 86.071 -70.187 1.19
      vertex 86.0692 -68.9971 0
      vertex 86.071 -68.9969 0
    endloop
  endfacet
  facet normal 0.0693548 -0.705381 -0.705427
    outer loop
      vertex 86.0692 -68.9971 0
      vertex 86.071 -70.187 1.19
      vertex 85.8564 -70.2081 1.19
    endloop
  endfacet
  facet normal -0.704934 0.078326 -0.704934
    outer loop
      vertex 88.3608 -71.2887 0
      vertex 87.171 -71.2869 1.19
      vertex 88.361 -71.2869 0
    endloop
  endfacet
  facet normal -0.705394 0.0696848 -0.705381
    outer loop
      vertex 87.171 -71.2869 1.19
      vertex 88.3608 -71.2887 0
      vertex 87.1498 -71.5015 1.19
    endloop
  endfacet
  facet normal 0.449735 0.547862 -0.705398
    outer loop
      vertex 85.2932 -72.0648 1.19
      vertex 84.7973 -73.1899 0
      vertex 84.4517 -72.9062 0
    endloop
  endfacet
  facet normal -0.33406 0.625153 -0.705399
    outer loop
      vertex 87.3416 -73.1919 0
      vertex 86.9473 -73.4026 0
      vertex 86.4919 -72.3032 1.19
    endloop
  endfacet
  facet normal -0.449747 -0.547877 -0.705379
    outer loop
      vertex 87.3446 -69.384 0
      vertex 87.6902 -69.6677 0
      vertex 86.8488 -70.5091 1.19
    endloop
  endfacet
  facet normal -0.547877 -0.449747 -0.705379
    outer loop
      vertex 87.6902 -69.6677 0
      vertex 87.9739 -70.0133 0
      vertex 86.8488 -70.5091 1.19
    endloop
  endfacet
  facet normal -0.67825 -0.205809 -0.705421
    outer loop
      vertex 87.0872 -70.866 1.19
      vertex 88.1872 -70.4123 0
      vertex 87.1498 -71.0723 1.19
    endloop
  endfacet
  facet normal -0.68028 -0.200082 -0.705114
    outer loop
      vertex 88.1872 -70.4123 0
      vertex 87.0872 -70.866 1.19
      vertex 88.1867 -70.4106 0
    endloop
  endfacet
  facet normal -0.62507 -0.334174 -0.705418
    outer loop
      vertex 87.9759 -70.0163 0
      vertex 88.1867 -70.4106 0
      vertex 87.0872 -70.866 1.19
    endloop
  endfacet
  facet normal 0.205719 -0.678282 -0.705416
    outer loop
      vertex 85.65 -70.2707 1.19
      vertex 85.1963 -69.1707 0
      vertex 85.8564 -70.2081 1.19
    endloop
  endfacet
  facet normal 0.235509 -0.667274 -0.706598
    outer loop
      vertex 85.1963 -69.1707 0
      vertex 85.65 -70.2707 1.19
      vertex 85.1946 -69.1713 0
    endloop
  endfacet
  facet normal -0.0693548 -0.705381 -0.705427
    outer loop
      vertex 86.071 -70.187 1.19
      vertex 86.0728 -68.9971 0
      vertex 86.2856 -70.2081 1.19
    endloop
  endfacet
  facet normal -0.0783228 -0.704905 -0.704964
    outer loop
      vertex 86.0728 -68.9971 0
      vertex 86.071 -70.187 1.19
      vertex 86.071 -68.9969 0
    endloop
  endfacet
  facet normal 0.33406 -0.625153 -0.705399
    outer loop
      vertex 85.1946 -69.1713 0
      vertex 85.65 -70.2707 1.19
      vertex 84.8003 -69.382 0
    endloop
  endfacet
  facet normal 0.449735 -0.547862 -0.705398
    outer loop
      vertex 84.7973 -69.384 0
      vertex 85.2932 -70.5091 1.19
      vertex 84.4517 -69.6677 0
    endloop
  endfacet
  facet normal 0.333974 -0.625216 -0.705384
    outer loop
      vertex 85.4598 -70.3723 1.19
      vertex 84.8003 -69.382 0
      vertex 85.65 -70.2707 1.19
    endloop
  endfacet
  facet normal 0.347185 -0.617217 -0.706049
    outer loop
      vertex 84.8003 -69.382 0
      vertex 85.4598 -70.3723 1.19
      vertex 84.7987 -69.3829 0
    endloop
  endfacet
  facet normal -0.235509 -0.667274 -0.706598
    outer loop
      vertex 86.4919 -70.2707 1.19
      vertex 86.9456 -69.1707 0
      vertex 86.9473 -69.1713 0
    endloop
  endfacet
  facet normal -0.205809 -0.67825 -0.705421
    outer loop
      vertex 86.9456 -69.1707 0
      vertex 86.4919 -70.2707 1.19
      vertex 86.2856 -70.2081 1.19
    endloop
  endfacet
  facet normal -0.0696037 0.705391 -0.705393
    outer loop
      vertex 86.2856 -72.3658 1.19
      vertex 86.5177 -73.5329 0
      vertex 86.0728 -73.5768 0
    endloop
  endfacet
  facet normal -0.437522 0.556847 -0.706042
    outer loop
      vertex 86.6821 -72.2016 1.19
      vertex 87.3446 -73.1899 0
      vertex 87.3432 -73.191 0
    endloop
  endfacet
  facet normal -0.449654 0.547934 -0.705394
    outer loop
      vertex 87.3446 -73.1899 0
      vertex 86.6821 -72.2016 1.19
      vertex 86.8488 -72.0648 1.19
    endloop
  endfacet
  facet normal 0.680308 0.20009 -0.705085
    outer loop
      vertex 83.9548 -72.1616 0
      vertex 85.0547 -71.7079 1.19
      vertex 83.9553 -72.1633 0
    endloop
  endfacet
  facet normal 0.67831 0.205728 -0.705388
    outer loop
      vertex 85.0547 -71.7079 1.19
      vertex 83.9548 -72.1616 0
      vertex 84.9921 -71.5015 1.19
    endloop
  endfacet
  facet normal -0.0694445 -0.705385 -0.705415
    outer loop
      vertex 86.5177 -69.0409 0
      vertex 86.2856 -70.2081 1.19
      vertex 86.0728 -68.9971 0
    endloop
  endfacet
  facet normal 0.205608 0.678334 -0.7054
    outer loop
      vertex 85.8564 -72.3658 1.19
      vertex 85.6242 -73.5329 0
      vertex 85.1963 -73.4032 0
    endloop
  endfacet
  facet normal 0.625093 0.334186 -0.705392
    outer loop
      vertex 85.0547 -71.7079 1.19
      vertex 84.1661 -72.5576 0
      vertex 83.9553 -72.1633 0
    endloop
  endfacet
  facet normal -0.0783228 0.704905 -0.704964
    outer loop
      vertex 86.071 -72.3869 1.19
      vertex 86.0728 -73.5768 0
      vertex 86.071 -73.577 0
    endloop
  endfacet
  facet normal -0.0693548 0.705381 -0.705427
    outer loop
      vertex 86.0728 -73.5768 0
      vertex 86.071 -72.3869 1.19
      vertex 86.2856 -72.3658 1.19
    endloop
  endfacet
  facet normal 0.705381 0.0693548 -0.705427
    outer loop
      vertex 83.7811 -71.2887 0
      vertex 84.971 -71.2869 1.19
      vertex 84.9921 -71.5015 1.19
    endloop
  endfacet
  facet normal 0.706562 0.0392534 -0.706562
    outer loop
      vertex 84.971 -71.2869 1.19
      vertex 83.7811 -71.2887 0
      vertex 83.781 -71.2869 0
    endloop
  endfacet
  facet normal -0.617217 0.347185 -0.706049
    outer loop
      vertex 86.9856 -71.8981 1.19
      vertex 87.9759 -72.5576 0
      vertex 87.975 -72.5592 0
    endloop
  endfacet
  facet normal -0.625216 0.333974 -0.705384
    outer loop
      vertex 87.9759 -72.5576 0
      vertex 86.9856 -71.8981 1.19
      vertex 87.0872 -71.7079 1.19
    endloop
  endfacet
  facet normal -0.625216 -0.333974 -0.705384
    outer loop
      vertex 86.9856 -70.6758 1.19
      vertex 87.9759 -70.0163 0
      vertex 87.0872 -70.866 1.19
    endloop
  endfacet
  facet normal -0.617217 -0.347185 -0.706049
    outer loop
      vertex 87.9759 -70.0163 0
      vertex 86.9856 -70.6758 1.19
      vertex 87.975 -70.0147 0
    endloop
  endfacet
  facet normal 0.547859 0.449732 -0.705402
    outer loop
      vertex 85.2932 -72.0648 1.19
      vertex 84.4517 -72.9062 0
      vertex 84.168 -72.5606 0
    endloop
  endfacet
  facet normal 0.625067 -0.334223 -0.705398
    outer loop
      vertex 84.1661 -70.0163 0
      vertex 85.1564 -70.6758 1.19
      vertex 85.0547 -70.866 1.19
    endloop
  endfacet
  facet normal 0.634935 -0.317467 -0.704324
    outer loop
      vertex 85.1564 -70.6758 1.19
      vertex 84.1661 -70.0163 0
      vertex 84.1669 -70.0147 0
    endloop
  endfacet
  facet normal -0.449747 0.547877 -0.705379
    outer loop
      vertex 87.6902 -72.9062 0
      vertex 87.3446 -73.1899 0
      vertex 86.8488 -72.0648 1.19
    endloop
  endfacet
  facet normal 0.205719 0.678282 -0.705416
    outer loop
      vertex 85.1963 -73.4032 0
      vertex 85.65 -72.3032 1.19
      vertex 85.8564 -72.3658 1.19
    endloop
  endfacet
  facet normal 0.235509 0.667274 -0.706598
    outer loop
      vertex 85.65 -72.3032 1.19
      vertex 85.1963 -73.4032 0
      vertex 85.1946 -73.4026 0
    endloop
  endfacet
  facet normal 0.449822 -0.547809 -0.705384
    outer loop
      vertex 84.7973 -69.384 0
      vertex 85.4598 -70.3723 1.19
      vertex 85.2932 -70.5091 1.19
    endloop
  endfacet
  facet normal 0.437522 -0.556847 -0.706042
    outer loop
      vertex 85.4598 -70.3723 1.19
      vertex 84.7973 -69.384 0
      vertex 84.7987 -69.3829 0
    endloop
  endfacet
  facet normal 0.678305 -0.205758 -0.705383
    outer loop
      vertex 83.9548 -70.4123 0
      vertex 84.9921 -71.0723 1.19
      vertex 83.825 -70.8402 0
    endloop
  endfacet
  facet normal 0.705393 -0.0695883 -0.705392
    outer loop
      vertex 83.825 -70.8402 0
      vertex 84.9921 -71.0723 1.19
      vertex 83.7811 -71.2852 0
    endloop
  endfacet
  facet normal 0.678278 -0.205818 -0.705392
    outer loop
      vertex 83.9548 -70.4123 0
      vertex 85.0547 -70.866 1.19
      vertex 84.9921 -71.0723 1.19
    endloop
  endfacet
  facet normal 0.680308 -0.20009 -0.705085
    outer loop
      vertex 85.0547 -70.866 1.19
      vertex 83.9548 -70.4123 0
      vertex 83.9553 -70.4106 0
    endloop
  endfacet
  facet normal 0.333974 0.625216 -0.705384
    outer loop
      vertex 84.8003 -73.1919 0
      vertex 85.4598 -72.2016 1.19
      vertex 85.65 -72.3032 1.19
    endloop
  endfacet
  facet normal 0.347185 0.617217 -0.706049
    outer loop
      vertex 85.4598 -72.2016 1.19
      vertex 84.8003 -73.1919 0
      vertex 84.7987 -73.191 0
    endloop
  endfacet
  facet normal 0.33406 0.625153 -0.705399
    outer loop
      vertex 85.65 -72.3032 1.19
      vertex 85.1946 -73.4026 0
      vertex 84.8003 -73.1919 0
    endloop
  endfacet
  facet normal 0.634935 0.317467 -0.704324
    outer loop
      vertex 84.1661 -72.5576 0
      vertex 85.1564 -71.8981 1.19
      vertex 84.1669 -72.5592 0
    endloop
  endfacet
  facet normal 0.625067 0.334223 -0.705398
    outer loop
      vertex 85.1564 -71.8981 1.19
      vertex 84.1661 -72.5576 0
      vertex 85.0547 -71.7079 1.19
    endloop
  endfacet
  facet normal -0.347185 0.617217 -0.706049
    outer loop
      vertex 87.3416 -73.1919 0
      vertex 86.6821 -72.2016 1.19
      vertex 87.3432 -73.191 0
    endloop
  endfacet
  facet normal -0.333974 0.625216 -0.705384
    outer loop
      vertex 86.6821 -72.2016 1.19
      vertex 87.3416 -73.1919 0
      vertex 86.4919 -72.3032 1.19
    endloop
  endfacet
  facet normal 0.8832 -0.468997 0
    outer loop
      vertex 141.055 -72.116 2
      vertex 141.156 -71.9258 1.19
      vertex 141.156 -71.9258 2
    endloop
  endfacet
  facet normal 0.8832 -0.468997 0
    outer loop
      vertex 141.156 -71.9258 1.19
      vertex 141.055 -72.116 2
      vertex 141.055 -72.116 1.19
    endloop
  endfacet
  facet normal -0.290755 0.956798 0
    outer loop
      vertex 142.492 -73.5532 1.19
      vertex 142.286 -73.6158 2
      vertex 142.492 -73.5532 2
    endloop
  endfacet
  facet normal -0.290755 0.956798 0
    outer loop
      vertex 142.286 -73.6158 2
      vertex 142.492 -73.5532 1.19
      vertex 142.286 -73.6158 1.19
    endloop
  endfacet
  facet normal -0.995246 -0.0973913 0
    outer loop
      vertex 143.171 -72.5369 1.19
      vertex 143.15 -72.3223 2
      vertex 143.15 -72.3223 1.19
    endloop
  endfacet
  facet normal -0.995246 -0.0973913 0
    outer loop
      vertex 143.15 -72.3223 2
      vertex 143.171 -72.5369 1.19
      vertex 143.171 -72.5369 2
    endloop
  endfacet
  facet normal -0.772572 0.634927 0
    outer loop
      vertex 142.849 -73.3148 1.19
      vertex 142.986 -73.1481 2
      vertex 142.986 -73.1481 1.19
    endloop
  endfacet
  facet normal -0.772572 0.634927 0
    outer loop
      vertex 142.986 -73.1481 2
      vertex 142.849 -73.3148 1.19
      vertex 142.849 -73.3148 2
    endloop
  endfacet
  facet normal -0.995246 0.0973913 0
    outer loop
      vertex 143.15 -72.7515 1.19
      vertex 143.171 -72.5369 2
      vertex 143.171 -72.5369 1.19
    endloop
  endfacet
  facet normal -0.995246 0.0973913 0
    outer loop
      vertex 143.171 -72.5369 2
      vertex 143.15 -72.7515 1.19
      vertex 143.15 -72.7515 2
    endloop
  endfacet
  facet normal -0.633692 0.773586 0
    outer loop
      vertex 142.849 -73.3148 1.19
      vertex 142.682 -73.4516 2
      vertex 142.849 -73.3148 2
    endloop
  endfacet
  facet normal -0.633692 0.773586 0
    outer loop
      vertex 142.682 -73.4516 2
      vertex 142.849 -73.3148 1.19
      vertex 142.682 -73.4516 1.19
    endloop
  endfacet
  facet normal -0.0976703 0.995219 0
    outer loop
      vertex 142.286 -73.6158 1.19
      vertex 142.071 -73.6369 2
      vertex 142.286 -73.6158 2
    endloop
  endfacet
  facet normal -0.0976703 0.995219 0
    outer loop
      vertex 142.071 -73.6369 2
      vertex 142.286 -73.6158 1.19
      vertex 142.071 -73.6369 1.19
    endloop
  endfacet
  facet normal 0.471552 0.881839 -0
    outer loop
      vertex 141.65 -73.5532 1.19
      vertex 141.46 -73.4516 2
      vertex 141.65 -73.5532 2
    endloop
  endfacet
  facet normal 0.471552 0.881839 0
    outer loop
      vertex 141.46 -73.4516 2
      vertex 141.65 -73.5532 1.19
      vertex 141.46 -73.4516 1.19
    endloop
  endfacet
  facet normal -0.956398 -0.292065 0
    outer loop
      vertex 143.15 -72.3223 1.19
      vertex 143.087 -72.116 2
      vertex 143.087 -72.116 1.19
    endloop
  endfacet
  facet normal -0.956398 -0.292065 0
    outer loop
      vertex 143.087 -72.116 2
      vertex 143.15 -72.3223 1.19
      vertex 143.15 -72.3223 2
    endloop
  endfacet
  facet normal -0.0976703 -0.995219 0
    outer loop
      vertex 142.071 -71.437 1.19
      vertex 142.286 -71.4581 2
      vertex 142.071 -71.437 2
    endloop
  endfacet
  facet normal -0.0976703 -0.995219 -0
    outer loop
      vertex 142.286 -71.4581 2
      vertex 142.071 -71.437 1.19
      vertex 142.286 -71.4581 1.19
    endloop
  endfacet
  facet normal 0.995246 -0.0973913 0
    outer loop
      vertex 140.971 -72.5369 2
      vertex 140.992 -72.3223 1.19
      vertex 140.992 -72.3223 2
    endloop
  endfacet
  facet normal 0.995246 -0.0973913 0
    outer loop
      vertex 140.992 -72.3223 1.19
      vertex 140.971 -72.5369 2
      vertex 140.971 -72.5369 1.19
    endloop
  endfacet
  facet normal -0.471552 -0.881839 0
    outer loop
      vertex 142.492 -71.5207 1.19
      vertex 142.682 -71.6223 2
      vertex 142.492 -71.5207 2
    endloop
  endfacet
  facet normal -0.471552 -0.881839 -0
    outer loop
      vertex 142.682 -71.6223 2
      vertex 142.492 -71.5207 1.19
      vertex 142.682 -71.6223 1.19
    endloop
  endfacet
  facet normal 0.633692 0.773586 -0
    outer loop
      vertex 141.46 -73.4516 1.19
      vertex 141.293 -73.3148 2
      vertex 141.46 -73.4516 2
    endloop
  endfacet
  facet normal 0.633692 0.773586 0
    outer loop
      vertex 141.293 -73.3148 2
      vertex 141.46 -73.4516 1.19
      vertex 141.293 -73.3148 1.19
    endloop
  endfacet
  facet normal 0.0976703 -0.995219 0
    outer loop
      vertex 141.856 -71.4581 1.19
      vertex 142.071 -71.437 2
      vertex 141.856 -71.4581 2
    endloop
  endfacet
  facet normal 0.0976703 -0.995219 0
    outer loop
      vertex 142.071 -71.437 2
      vertex 141.856 -71.4581 1.19
      vertex 142.071 -71.437 1.19
    endloop
  endfacet
  facet normal 0.995246 0.0973913 0
    outer loop
      vertex 140.992 -72.7515 2
      vertex 140.971 -72.5369 1.19
      vertex 140.971 -72.5369 2
    endloop
  endfacet
  facet normal 0.995246 0.0973913 0
    outer loop
      vertex 140.971 -72.5369 1.19
      vertex 140.992 -72.7515 2
      vertex 140.992 -72.7515 1.19
    endloop
  endfacet
  facet normal 0.290755 0.956798 -0
    outer loop
      vertex 141.856 -73.6158 1.19
      vertex 141.65 -73.5532 2
      vertex 141.856 -73.6158 2
    endloop
  endfacet
  facet normal 0.290755 0.956798 0
    outer loop
      vertex 141.65 -73.5532 2
      vertex 141.856 -73.6158 1.19
      vertex 141.65 -73.5532 1.19
    endloop
  endfacet
  facet normal -0.8832 0.468997 0
    outer loop
      vertex 142.986 -73.1481 1.19
      vertex 143.087 -72.9579 2
      vertex 143.087 -72.9579 1.19
    endloop
  endfacet
  facet normal -0.8832 0.468997 0
    outer loop
      vertex 143.087 -72.9579 2
      vertex 142.986 -73.1481 1.19
      vertex 142.986 -73.1481 2
    endloop
  endfacet
  facet normal 0.290755 -0.956798 0
    outer loop
      vertex 141.65 -71.5207 1.19
      vertex 141.856 -71.4581 2
      vertex 141.65 -71.5207 2
    endloop
  endfacet
  facet normal 0.290755 -0.956798 0
    outer loop
      vertex 141.856 -71.4581 2
      vertex 141.65 -71.5207 1.19
      vertex 141.856 -71.4581 1.19
    endloop
  endfacet
  facet normal -0.290755 -0.956798 0
    outer loop
      vertex 142.286 -71.4581 1.19
      vertex 142.492 -71.5207 2
      vertex 142.286 -71.4581 2
    endloop
  endfacet
  facet normal -0.290755 -0.956798 -0
    outer loop
      vertex 142.492 -71.5207 2
      vertex 142.286 -71.4581 1.19
      vertex 142.492 -71.5207 1.19
    endloop
  endfacet
  facet normal -0.772572 -0.634927 0
    outer loop
      vertex 142.986 -71.9258 1.19
      vertex 142.849 -71.7591 2
      vertex 142.849 -71.7591 1.19
    endloop
  endfacet
  facet normal -0.772572 -0.634927 0
    outer loop
      vertex 142.849 -71.7591 2
      vertex 142.986 -71.9258 1.19
      vertex 142.986 -71.9258 2
    endloop
  endfacet
  facet normal -0.471552 0.881839 0
    outer loop
      vertex 142.682 -73.4516 1.19
      vertex 142.492 -73.5532 2
      vertex 142.682 -73.4516 2
    endloop
  endfacet
  facet normal -0.471552 0.881839 0
    outer loop
      vertex 142.492 -73.5532 2
      vertex 142.682 -73.4516 1.19
      vertex 142.492 -73.5532 1.19
    endloop
  endfacet
  facet normal -0.633692 -0.773586 0
    outer loop
      vertex 142.682 -71.6223 1.19
      vertex 142.849 -71.7591 2
      vertex 142.682 -71.6223 2
    endloop
  endfacet
  facet normal -0.633692 -0.773586 -0
    outer loop
      vertex 142.849 -71.7591 2
      vertex 142.682 -71.6223 1.19
      vertex 142.849 -71.7591 1.19
    endloop
  endfacet
  facet normal -0.8832 -0.468997 0
    outer loop
      vertex 143.087 -72.116 1.19
      vertex 142.986 -71.9258 2
      vertex 142.986 -71.9258 1.19
    endloop
  endfacet
  facet normal -0.8832 -0.468997 0
    outer loop
      vertex 142.986 -71.9258 2
      vertex 143.087 -72.116 1.19
      vertex 143.087 -72.116 2
    endloop
  endfacet
  facet normal -0.956438 0.291936 0
    outer loop
      vertex 143.087 -72.9579 1.19
      vertex 143.15 -72.7515 2
      vertex 143.15 -72.7515 1.19
    endloop
  endfacet
  facet normal -0.956438 0.291936 0
    outer loop
      vertex 143.15 -72.7515 2
      vertex 143.087 -72.9579 1.19
      vertex 143.087 -72.9579 2
    endloop
  endfacet
  facet normal 0.633692 -0.773586 0
    outer loop
      vertex 141.293 -71.7591 1.19
      vertex 141.46 -71.6223 2
      vertex 141.293 -71.7591 2
    endloop
  endfacet
  facet normal 0.633692 -0.773586 0
    outer loop
      vertex 141.46 -71.6223 2
      vertex 141.293 -71.7591 1.19
      vertex 141.46 -71.6223 1.19
    endloop
  endfacet
  facet normal 0.956398 -0.292065 0
    outer loop
      vertex 140.992 -72.3223 2
      vertex 141.055 -72.116 1.19
      vertex 141.055 -72.116 2
    endloop
  endfacet
  facet normal 0.956398 -0.292065 0
    outer loop
      vertex 141.055 -72.116 1.19
      vertex 140.992 -72.3223 2
      vertex 140.992 -72.3223 1.19
    endloop
  endfacet
  facet normal 0.772572 -0.634927 0
    outer loop
      vertex 141.156 -71.9258 2
      vertex 141.293 -71.7591 1.19
      vertex 141.293 -71.7591 2
    endloop
  endfacet
  facet normal 0.772572 -0.634927 0
    outer loop
      vertex 141.293 -71.7591 1.19
      vertex 141.156 -71.9258 2
      vertex 141.156 -71.9258 1.19
    endloop
  endfacet
  facet normal 0.471552 -0.881839 0
    outer loop
      vertex 141.46 -71.6223 1.19
      vertex 141.65 -71.5207 2
      vertex 141.46 -71.6223 2
    endloop
  endfacet
  facet normal 0.471552 -0.881839 0
    outer loop
      vertex 141.65 -71.5207 2
      vertex 141.46 -71.6223 1.19
      vertex 141.65 -71.5207 1.19
    endloop
  endfacet
  facet normal 0.8832 0.468997 0
    outer loop
      vertex 141.156 -73.1481 2
      vertex 141.055 -72.9579 1.19
      vertex 141.055 -72.9579 2
    endloop
  endfacet
  facet normal 0.8832 0.468997 0
    outer loop
      vertex 141.055 -72.9579 1.19
      vertex 141.156 -73.1481 2
      vertex 141.156 -73.1481 1.19
    endloop
  endfacet
  facet normal 0.772572 0.634927 0
    outer loop
      vertex 141.293 -73.3148 2
      vertex 141.156 -73.1481 1.19
      vertex 141.156 -73.1481 2
    endloop
  endfacet
  facet normal 0.772572 0.634927 0
    outer loop
      vertex 141.156 -73.1481 1.19
      vertex 141.293 -73.3148 2
      vertex 141.293 -73.3148 1.19
    endloop
  endfacet
  facet normal 0.956438 0.291936 0
    outer loop
      vertex 141.055 -72.9579 2
      vertex 140.992 -72.7515 1.19
      vertex 140.992 -72.7515 2
    endloop
  endfacet
  facet normal 0.956438 0.291936 0
    outer loop
      vertex 140.992 -72.7515 1.19
      vertex 141.055 -72.9579 2
      vertex 141.055 -72.9579 1.19
    endloop
  endfacet
  facet normal 0.0976703 0.995219 -0
    outer loop
      vertex 142.071 -73.6369 1.19
      vertex 141.856 -73.6158 2
      vertex 142.071 -73.6369 2
    endloop
  endfacet
  facet normal 0.0976703 0.995219 0
    outer loop
      vertex 141.856 -73.6158 2
      vertex 142.071 -73.6369 1.19
      vertex 141.856 -73.6158 1.19
    endloop
  endfacet
  facet normal 0.341416 0.620757 -0.705759
    outer loop
      vertex 140.797 -74.4399 0
      vertex 141.46 -73.4516 1.19
      vertex 140.799 -74.441 0
    endloop
  endfacet
  facet normal 0.449092 0.548234 -0.705519
    outer loop
      vertex 141.46 -73.4516 1.19
      vertex 140.797 -74.4399 0
      vertex 141.293 -73.3148 1.19
    endloop
  endfacet
  facet normal 0.547684 -0.450106 -0.7053
    outer loop
      vertex 141.156 -71.9258 1.19
      vertex 140.168 -71.2633 0
      vertex 141.293 -71.7591 1.19
    endloop
  endfacet
  facet normal 0.575629 -0.411163 -0.706821
    outer loop
      vertex 140.168 -71.2633 0
      vertex 141.156 -71.9258 1.19
      vertex 140.167 -71.2647 0
    endloop
  endfacet
  facet normal -0.67825 0.206059 -0.705349
    outer loop
      vertex 144.317 -72.9837 0
      vertex 144.187 -73.4116 0
      vertex 143.15 -72.7515 1.19
    endloop
  endfacet
  facet normal -0.707107 0 -0.707107
    outer loop
      vertex 143.171 -72.5369 1.19
      vertex 144.361 -72.5352 0
      vertex 144.361 -72.5369 0
    endloop
  endfacet
  facet normal -0.705371 -0.0690251 -0.70547
    outer loop
      vertex 144.361 -72.5352 0
      vertex 143.171 -72.5369 1.19
      vertex 143.15 -72.3223 1.19
    endloop
  endfacet
  facet normal -0.7054 -0.0697474 -0.70537
    outer loop
      vertex 144.317 -72.0902 0
      vertex 144.361 -72.5352 0
      vertex 143.15 -72.3223 1.19
    endloop
  endfacet
  facet normal 0.547684 0.450106 -0.7053
    outer loop
      vertex 140.168 -73.8106 0
      vertex 141.156 -73.1481 1.19
      vertex 141.293 -73.3148 1.19
    endloop
  endfacet
  facet normal 0.575629 0.411163 -0.706821
    outer loop
      vertex 141.156 -73.1481 1.19
      vertex 140.168 -73.8106 0
      vertex 140.167 -73.8092 0
    endloop
  endfacet
  facet normal 0.0705316 0.705316 -0.705375
    outer loop
      vertex 142.069 -74.8268 0
      vertex 142.071 -73.6369 1.19
      vertex 142.071 -74.827 0
    endloop
  endfacet
  facet normal 0.0692259 0.705382 -0.705439
    outer loop
      vertex 142.071 -73.6369 1.19
      vertex 142.069 -74.8268 0
      vertex 141.856 -73.6158 1.19
    endloop
  endfacet
  facet normal -0.624835 0.334365 -0.705536
    outer loop
      vertex 144.187 -73.4133 0
      vertex 143.976 -73.8076 0
      vertex 143.087 -72.9579 1.19
    endloop
  endfacet
  facet normal 0.0694294 -0.70539 -0.705411
    outer loop
      vertex 142.069 -70.2471 0
      vertex 141.856 -71.4581 1.19
      vertex 141.624 -70.2909 0
    endloop
  endfacet
  facet normal -0.678258 -0.206061 -0.70534
    outer loop
      vertex 144.187 -71.6623 0
      vertex 144.317 -72.0902 0
      vertex 143.15 -72.3223 1.19
    endloop
  endfacet
  facet normal 0.705397 0.0697471 -0.705373
    outer loop
      vertex 140.992 -72.7515 1.19
      vertex 139.825 -72.9837 0
      vertex 139.781 -72.5387 0
    endloop
  endfacet
  facet normal 0.205708 -0.678297 -0.705406
    outer loop
      vertex 141.624 -70.2909 0
      vertex 141.856 -71.4581 1.19
      vertex 141.196 -70.4207 0
    endloop
  endfacet
  facet normal -0.205708 -0.678297 -0.705406
    outer loop
      vertex 142.518 -70.2909 0
      vertex 142.946 -70.4207 0
      vertex 142.286 -71.4581 1.19
    endloop
  endfacet
  facet normal -0.705397 0.0697471 -0.705373
    outer loop
      vertex 144.361 -72.5387 0
      vertex 144.317 -72.9837 0
      vertex 143.15 -72.7515 1.19
    endloop
  endfacet
  facet normal -0.449092 -0.548234 -0.705519
    outer loop
      vertex 142.682 -71.6223 1.19
      vertex 143.345 -70.634 0
      vertex 142.849 -71.7591 1.19
    endloop
  endfacet
  facet normal -0.341416 -0.620757 -0.705759
    outer loop
      vertex 143.345 -70.634 0
      vertex 142.682 -71.6223 1.19
      vertex 143.343 -70.6329 0
    endloop
  endfacet
  facet normal -0.333613 -0.625426 -0.705368
    outer loop
      vertex 142.947 -70.4213 0
      vertex 143.342 -70.632 0
      vertex 142.492 -71.5207 1.19
    endloop
  endfacet
  facet normal -0.365823 0.609705 -0.703159
    outer loop
      vertex 142.946 -74.6532 0
      vertex 142.492 -73.5532 1.19
      vertex 142.947 -74.6526 0
    endloop
  endfacet
  facet normal -0.206072 0.678129 -0.705461
    outer loop
      vertex 142.492 -73.5532 1.19
      vertex 142.946 -74.6532 0
      vertex 142.286 -73.6158 1.19
    endloop
  endfacet
  facet normal 0.0695885 0.705396 -0.705389
    outer loop
      vertex 141.856 -73.6158 1.19
      vertex 142.069 -74.8268 0
      vertex 141.624 -74.7829 0
    endloop
  endfacet
  facet normal -0.205569 0.678361 -0.705384
    outer loop
      vertex 142.946 -74.6532 0
      vertex 142.518 -74.7829 0
      vertex 142.286 -73.6158 1.19
    endloop
  endfacet
  facet normal 0.67825 0.206059 -0.705349
    outer loop
      vertex 140.992 -72.7515 1.19
      vertex 139.955 -73.4116 0
      vertex 139.825 -72.9837 0
    endloop
  endfacet
  facet normal -0.73433 0 -0.678793
    outer loop
      vertex 143.087 -72.9579 1.19
      vertex 144.187 -73.4116 0
      vertex 144.187 -73.4133 0
    endloop
  endfacet
  facet normal -0.677859 0.206905 -0.705477
    outer loop
      vertex 144.187 -73.4116 0
      vertex 143.087 -72.9579 1.19
      vertex 143.15 -72.7515 1.19
    endloop
  endfacet
  facet normal -0.575629 -0.411163 -0.706821
    outer loop
      vertex 142.986 -71.9258 1.19
      vertex 143.974 -71.2633 0
      vertex 143.975 -71.2647 0
    endloop
  endfacet
  facet normal -0.547684 -0.450106 -0.7053
    outer loop
      vertex 143.974 -71.2633 0
      vertex 142.986 -71.9258 1.19
      vertex 142.849 -71.7591 1.19
    endloop
  endfacet
  facet normal 0.705371 -0.0690251 -0.70547
    outer loop
      vertex 140.971 -72.5369 1.19
      vertex 139.781 -72.5352 0
      vertex 140.992 -72.3223 1.19
    endloop
  endfacet
  facet normal 0.707107 0 -0.707107
    outer loop
      vertex 139.781 -72.5352 0
      vertex 140.971 -72.5369 1.19
      vertex 139.781 -72.5369 0
    endloop
  endfacet
  facet normal -0.575629 0.411163 -0.706821
    outer loop
      vertex 143.974 -73.8106 0
      vertex 142.986 -73.1481 1.19
      vertex 143.975 -73.8092 0
    endloop
  endfacet
  facet normal -0.547684 0.450106 -0.7053
    outer loop
      vertex 142.986 -73.1481 1.19
      vertex 143.974 -73.8106 0
      vertex 142.849 -73.3148 1.19
    endloop
  endfacet
  facet normal 0.624835 -0.334365 -0.705536
    outer loop
      vertex 140.166 -71.2663 0
      vertex 141.055 -72.116 1.19
      vertex 139.955 -71.6606 0
    endloop
  endfacet
  facet normal 0.547701 -0.450078 -0.705304
    outer loop
      vertex 140.452 -70.9177 0
      vertex 141.293 -71.7591 1.19
      vertex 140.168 -71.2633 0
    endloop
  endfacet
  facet normal -0.4755 -0.528334 -0.703394
    outer loop
      vertex 142.682 -71.6223 1.19
      vertex 143.342 -70.632 0
      vertex 143.343 -70.6329 0
    endloop
  endfacet
  facet normal -0.334208 -0.624994 -0.70547
    outer loop
      vertex 143.342 -70.632 0
      vertex 142.682 -71.6223 1.19
      vertex 142.492 -71.5207 1.19
    endloop
  endfacet
  facet normal -0.547701 0.450078 -0.705304
    outer loop
      vertex 143.974 -73.8106 0
      vertex 143.69 -74.1562 0
      vertex 142.849 -73.3148 1.19
    endloop
  endfacet
  facet normal 0.0705316 -0.705316 -0.705375
    outer loop
      vertex 142.071 -71.437 1.19
      vertex 142.069 -70.2471 0
      vertex 142.071 -70.2469 0
    endloop
  endfacet
  facet normal 0.0692259 -0.705382 -0.705439
    outer loop
      vertex 142.069 -70.2471 0
      vertex 142.071 -71.437 1.19
      vertex 141.856 -71.4581 1.19
    endloop
  endfacet
  facet normal -0.707107 0 -0.707107
    outer loop
      vertex 144.361 -72.5387 0
      vertex 143.171 -72.5369 1.19
      vertex 144.361 -72.5369 0
    endloop
  endfacet
  facet normal -0.705368 0.0690248 -0.705472
    outer loop
      vertex 143.171 -72.5369 1.19
      vertex 144.361 -72.5387 0
      vertex 143.15 -72.7515 1.19
    endloop
  endfacet
  facet normal 0.450243 0.547529 -0.705332
    outer loop
      vertex 141.293 -73.3148 1.19
      vertex 140.797 -74.4399 0
      vertex 140.452 -74.1562 0
    endloop
  endfacet
  facet normal -0.333613 0.625426 -0.705368
    outer loop
      vertex 143.342 -74.4419 0
      vertex 142.947 -74.6526 0
      vertex 142.492 -73.5532 1.19
    endloop
  endfacet
  facet normal -0.450243 -0.547529 -0.705332
    outer loop
      vertex 143.345 -70.634 0
      vertex 143.69 -70.9177 0
      vertex 142.849 -71.7591 1.19
    endloop
  endfacet
  facet normal -0.547701 -0.450078 -0.705304
    outer loop
      vertex 143.69 -70.9177 0
      vertex 143.974 -71.2633 0
      vertex 142.849 -71.7591 1.19
    endloop
  endfacet
  facet normal -0.677827 -0.206995 -0.705481
    outer loop
      vertex 143.087 -72.116 1.19
      vertex 144.187 -71.6623 0
      vertex 143.15 -72.3223 1.19
    endloop
  endfacet
  facet normal -0.73433 0 -0.678793
    outer loop
      vertex 144.187 -71.6623 0
      vertex 143.087 -72.116 1.19
      vertex 144.187 -71.6606 0
    endloop
  endfacet
  facet normal -0.624835 -0.334365 -0.705536
    outer loop
      vertex 143.976 -71.2663 0
      vertex 144.187 -71.6606 0
      vertex 143.087 -72.116 1.19
    endloop
  endfacet
  facet normal 0.206072 -0.678129 -0.705461
    outer loop
      vertex 141.65 -71.5207 1.19
      vertex 141.196 -70.4207 0
      vertex 141.856 -71.4581 1.19
    endloop
  endfacet
  facet normal 0.365823 -0.609705 -0.703159
    outer loop
      vertex 141.196 -70.4207 0
      vertex 141.65 -71.5207 1.19
      vertex 141.195 -70.4213 0
    endloop
  endfacet
  facet normal -0.0692259 -0.705382 -0.705439
    outer loop
      vertex 142.071 -71.437 1.19
      vertex 142.073 -70.2471 0
      vertex 142.286 -71.4581 1.19
    endloop
  endfacet
  facet normal -0.0705316 -0.705316 -0.705375
    outer loop
      vertex 142.073 -70.2471 0
      vertex 142.071 -71.437 1.19
      vertex 142.071 -70.2469 0
    endloop
  endfacet
  facet normal 0.333613 -0.625426 -0.705368
    outer loop
      vertex 141.195 -70.4213 0
      vertex 141.65 -71.5207 1.19
      vertex 140.8 -70.632 0
    endloop
  endfacet
  facet normal 0.450243 -0.547529 -0.705332
    outer loop
      vertex 140.797 -70.634 0
      vertex 141.293 -71.7591 1.19
      vertex 140.452 -70.9177 0
    endloop
  endfacet
  facet normal 0.334208 -0.624994 -0.70547
    outer loop
      vertex 141.46 -71.6223 1.19
      vertex 140.8 -70.632 0
      vertex 141.65 -71.5207 1.19
    endloop
  endfacet
  facet normal 0.4755 -0.528334 -0.703394
    outer loop
      vertex 140.8 -70.632 0
      vertex 141.46 -71.6223 1.19
      vertex 140.799 -70.6329 0
    endloop
  endfacet
  facet normal -0.365823 -0.609705 -0.703159
    outer loop
      vertex 142.492 -71.5207 1.19
      vertex 142.946 -70.4207 0
      vertex 142.947 -70.4213 0
    endloop
  endfacet
  facet normal -0.206072 -0.678129 -0.705461
    outer loop
      vertex 142.946 -70.4207 0
      vertex 142.492 -71.5207 1.19
      vertex 142.286 -71.4581 1.19
    endloop
  endfacet
  facet normal -0.0695885 0.705396 -0.705389
    outer loop
      vertex 142.286 -73.6158 1.19
      vertex 142.518 -74.7829 0
      vertex 142.073 -74.8268 0
    endloop
  endfacet
  facet normal -0.341416 0.620757 -0.705759
    outer loop
      vertex 142.682 -73.4516 1.19
      vertex 143.345 -74.4399 0
      vertex 143.343 -74.441 0
    endloop
  endfacet
  facet normal -0.449092 0.548234 -0.705519
    outer loop
      vertex 143.345 -74.4399 0
      vertex 142.682 -73.4516 1.19
      vertex 142.849 -73.3148 1.19
    endloop
  endfacet
  facet normal 0.73433 0 -0.678793
    outer loop
      vertex 139.955 -73.4116 0
      vertex 141.055 -72.9579 1.19
      vertex 139.955 -73.4133 0
    endloop
  endfacet
  facet normal 0.677859 0.206905 -0.705477
    outer loop
      vertex 141.055 -72.9579 1.19
      vertex 139.955 -73.4116 0
      vertex 140.992 -72.7515 1.19
    endloop
  endfacet
  facet normal -0.0694294 -0.70539 -0.705411
    outer loop
      vertex 142.518 -70.2909 0
      vertex 142.286 -71.4581 1.19
      vertex 142.073 -70.2471 0
    endloop
  endfacet
  facet normal 0.205569 0.678361 -0.705384
    outer loop
      vertex 141.856 -73.6158 1.19
      vertex 141.624 -74.7829 0
      vertex 141.196 -74.6532 0
    endloop
  endfacet
  facet normal 0.624835 0.334365 -0.705536
    outer loop
      vertex 141.055 -72.9579 1.19
      vertex 140.166 -73.8076 0
      vertex 139.955 -73.4133 0
    endloop
  endfacet
  facet normal -0.0705316 0.705316 -0.705375
    outer loop
      vertex 142.071 -73.6369 1.19
      vertex 142.073 -74.8268 0
      vertex 142.071 -74.827 0
    endloop
  endfacet
  facet normal -0.0692259 0.705382 -0.705439
    outer loop
      vertex 142.073 -74.8268 0
      vertex 142.071 -73.6369 1.19
      vertex 142.286 -73.6158 1.19
    endloop
  endfacet
  facet normal 0.705368 0.0690248 -0.705472
    outer loop
      vertex 139.781 -72.5387 0
      vertex 140.971 -72.5369 1.19
      vertex 140.992 -72.7515 1.19
    endloop
  endfacet
  facet normal 0.707107 0 -0.707107
    outer loop
      vertex 140.971 -72.5369 1.19
      vertex 139.781 -72.5387 0
      vertex 139.781 -72.5369 0
    endloop
  endfacet
  facet normal -0.599864 0.374915 -0.706825
    outer loop
      vertex 142.986 -73.1481 1.19
      vertex 143.976 -73.8076 0
      vertex 143.975 -73.8092 0
    endloop
  endfacet
  facet normal -0.626179 0.332514 -0.705219
    outer loop
      vertex 143.976 -73.8076 0
      vertex 142.986 -73.1481 1.19
      vertex 143.087 -72.9579 1.19
    endloop
  endfacet
  facet normal -0.626179 -0.332514 -0.705219
    outer loop
      vertex 142.986 -71.9258 1.19
      vertex 143.976 -71.2663 0
      vertex 143.087 -72.116 1.19
    endloop
  endfacet
  facet normal -0.599864 -0.374915 -0.706825
    outer loop
      vertex 143.976 -71.2663 0
      vertex 142.986 -71.9258 1.19
      vertex 143.975 -71.2647 0
    endloop
  endfacet
  facet normal 0.547701 0.450078 -0.705304
    outer loop
      vertex 141.293 -73.3148 1.19
      vertex 140.452 -74.1562 0
      vertex 140.168 -73.8106 0
    endloop
  endfacet
  facet normal 0.626179 -0.332514 -0.705219
    outer loop
      vertex 140.166 -71.2663 0
      vertex 141.156 -71.9258 1.19
      vertex 141.055 -72.116 1.19
    endloop
  endfacet
  facet normal 0.599864 -0.374915 -0.706825
    outer loop
      vertex 141.156 -71.9258 1.19
      vertex 140.166 -71.2663 0
      vertex 140.167 -71.2647 0
    endloop
  endfacet
  facet normal -0.450243 0.547529 -0.705332
    outer loop
      vertex 143.69 -74.1562 0
      vertex 143.345 -74.4399 0
      vertex 142.849 -73.3148 1.19
    endloop
  endfacet
  facet normal 0.206072 0.678129 -0.705461
    outer loop
      vertex 141.196 -74.6532 0
      vertex 141.65 -73.5532 1.19
      vertex 141.856 -73.6158 1.19
    endloop
  endfacet
  facet normal 0.365823 0.609705 -0.703159
    outer loop
      vertex 141.65 -73.5532 1.19
      vertex 141.196 -74.6532 0
      vertex 141.195 -74.6526 0
    endloop
  endfacet
  facet normal 0.449092 -0.548234 -0.705519
    outer loop
      vertex 140.797 -70.634 0
      vertex 141.46 -71.6223 1.19
      vertex 141.293 -71.7591 1.19
    endloop
  endfacet
  facet normal 0.341416 -0.620757 -0.705759
    outer loop
      vertex 141.46 -71.6223 1.19
      vertex 140.797 -70.634 0
      vertex 140.799 -70.6329 0
    endloop
  endfacet
  facet normal 0.678258 -0.206061 -0.70534
    outer loop
      vertex 139.955 -71.6623 0
      vertex 140.992 -72.3223 1.19
      vertex 139.825 -72.0902 0
    endloop
  endfacet
  facet normal 0.7054 -0.0697474 -0.70537
    outer loop
      vertex 139.825 -72.0902 0
      vertex 140.992 -72.3223 1.19
      vertex 139.781 -72.5352 0
    endloop
  endfacet
  facet normal 0.677827 -0.206995 -0.705481
    outer loop
      vertex 139.955 -71.6623 0
      vertex 141.055 -72.116 1.19
      vertex 140.992 -72.3223 1.19
    endloop
  endfacet
  facet normal 0.73433 0 -0.678793
    outer loop
      vertex 141.055 -72.116 1.19
      vertex 139.955 -71.6623 0
      vertex 139.955 -71.6606 0
    endloop
  endfacet
  facet normal 0.334208 0.624994 -0.70547
    outer loop
      vertex 140.8 -74.4419 0
      vertex 141.46 -73.4516 1.19
      vertex 141.65 -73.5532 1.19
    endloop
  endfacet
  facet normal 0.4755 0.528334 -0.703394
    outer loop
      vertex 141.46 -73.4516 1.19
      vertex 140.8 -74.4419 0
      vertex 140.799 -74.441 0
    endloop
  endfacet
  facet normal 0.333613 0.625426 -0.705368
    outer loop
      vertex 141.65 -73.5532 1.19
      vertex 141.195 -74.6526 0
      vertex 140.8 -74.4419 0
    endloop
  endfacet
  facet normal 0.599864 0.374915 -0.706825
    outer loop
      vertex 140.166 -73.8076 0
      vertex 141.156 -73.1481 1.19
      vertex 140.167 -73.8092 0
    endloop
  endfacet
  facet normal 0.626179 0.332514 -0.705219
    outer loop
      vertex 141.156 -73.1481 1.19
      vertex 140.166 -73.8076 0
      vertex 141.055 -72.9579 1.19
    endloop
  endfacet
  facet normal -0.4755 0.528334 -0.703394
    outer loop
      vertex 143.342 -74.4419 0
      vertex 142.682 -73.4516 1.19
      vertex 143.343 -74.441 0
    endloop
  endfacet
  facet normal -0.334208 0.624994 -0.70547
    outer loop
      vertex 142.682 -73.4516 1.19
      vertex 143.342 -74.4419 0
      vertex 142.492 -73.5532 1.19
    endloop
  endfacet
  facet normal 0.881645 0.471912 0
    outer loop
      vertex 68.7118 -119.495 2
      vertex 68.6101 -119.305 1.19
      vertex 68.6101 -119.305 2
    endloop
  endfacet
  facet normal 0.881645 0.471912 0
    outer loop
      vertex 68.6101 -119.305 1.19
      vertex 68.7118 -119.495 2
      vertex 68.7118 -119.495 1.19
    endloop
  endfacet
  facet normal 0.956798 0.290755 0
    outer loop
      vertex 68.6101 -119.305 2
      vertex 68.5475 -119.099 1.19
      vertex 68.5475 -119.099 2
    endloop
  endfacet
  facet normal 0.956798 0.290755 0
    outer loop
      vertex 68.5475 -119.099 1.19
      vertex 68.6101 -119.305 2
      vertex 68.6101 -119.305 1.19
    endloop
  endfacet
  facet normal -0.292065 0.956398 0
    outer loop
      vertex 70.0473 -119.9 1.19
      vertex 69.841 -119.963 2
      vertex 70.0473 -119.9 2
    endloop
  endfacet
  facet normal -0.292065 0.956398 0
    outer loop
      vertex 69.841 -119.963 2
      vertex 70.0473 -119.9 1.19
      vertex 69.841 -119.963 1.19
    endloop
  endfacet
  facet normal 0.773586 -0.633692 0
    outer loop
      vertex 68.7118 -118.273 2
      vertex 68.8486 -118.106 1.19
      vertex 68.8486 -118.106 2
    endloop
  endfacet
  facet normal 0.773586 -0.633692 0
    outer loop
      vertex 68.8486 -118.106 1.19
      vertex 68.7118 -118.273 2
      vertex 68.7118 -118.273 1.19
    endloop
  endfacet
  facet normal -0.995174 0.0981288 0
    outer loop
      vertex 70.7052 -119.099 1.19
      vertex 70.7264 -118.884 2
      vertex 70.7264 -118.884 1.19
    endloop
  endfacet
  facet normal -0.995174 0.0981288 0
    outer loop
      vertex 70.7264 -118.884 2
      vertex 70.7052 -119.099 1.19
      vertex 70.7052 -119.099 2
    endloop
  endfacet
  facet normal -0.881839 -0.471552 0
    outer loop
      vertex 70.6426 -118.463 1.19
      vertex 70.541 -118.273 2
      vertex 70.541 -118.273 1.19
    endloop
  endfacet
  facet normal -0.881839 -0.471552 0
    outer loop
      vertex 70.541 -118.273 2
      vertex 70.6426 -118.463 1.19
      vertex 70.6426 -118.463 2
    endloop
  endfacet
  facet normal -0.881839 0.471552 0
    outer loop
      vertex 70.541 -119.495 1.19
      vertex 70.6426 -119.305 2
      vertex 70.6426 -119.305 1.19
    endloop
  endfacet
  facet normal -0.881839 0.471552 0
    outer loop
      vertex 70.6426 -119.305 2
      vertex 70.541 -119.495 1.19
      vertex 70.541 -119.495 2
    endloop
  endfacet
  facet normal 0.995219 0.0976703 0
    outer loop
      vertex 68.5475 -119.099 2
      vertex 68.5264 -118.884 1.19
      vertex 68.5264 -118.884 2
    endloop
  endfacet
  facet normal 0.995219 0.0976703 0
    outer loop
      vertex 68.5264 -118.884 1.19
      vertex 68.5475 -119.099 2
      vertex 68.5475 -119.099 1.19
    endloop
  endfacet
  facet normal 0.291936 0.956438 -0
    outer loop
      vertex 69.4118 -119.963 1.19
      vertex 69.2054 -119.9 2
      vertex 69.4118 -119.963 2
    endloop
  endfacet
  facet normal 0.291936 0.956438 0
    outer loop
      vertex 69.2054 -119.9 2
      vertex 69.4118 -119.963 1.19
      vertex 69.2054 -119.9 1.19
    endloop
  endfacet
  facet normal -0.995174 -0.0981288 0
    outer loop
      vertex 70.7264 -118.884 1.19
      vertex 70.7052 -118.669 2
      vertex 70.7052 -118.669 1.19
    endloop
  endfacet
  facet normal -0.995174 -0.0981288 0
    outer loop
      vertex 70.7052 -118.669 2
      vertex 70.7264 -118.884 1.19
      vertex 70.7264 -118.884 2
    endloop
  endfacet
  facet normal 0.291936 -0.956438 0
    outer loop
      vertex 69.2054 -117.868 1.19
      vertex 69.4118 -117.805 2
      vertex 69.2054 -117.868 2
    endloop
  endfacet
  facet normal 0.291936 -0.956438 0
    outer loop
      vertex 69.4118 -117.805 2
      vertex 69.2054 -117.868 1.19
      vertex 69.4118 -117.805 1.19
    endloop
  endfacet
  facet normal -0.956798 -0.290755 0
    outer loop
      vertex 70.7052 -118.669 1.19
      vertex 70.6426 -118.463 2
      vertex 70.6426 -118.463 1.19
    endloop
  endfacet
  facet normal -0.956798 -0.290755 0
    outer loop
      vertex 70.6426 -118.463 2
      vertex 70.7052 -118.669 1.19
      vertex 70.7052 -118.669 2
    endloop
  endfacet
  facet normal -0.956798 0.290755 0
    outer loop
      vertex 70.6426 -119.305 1.19
      vertex 70.7052 -119.099 2
      vertex 70.7052 -119.099 1.19
    endloop
  endfacet
  facet normal -0.956798 0.290755 0
    outer loop
      vertex 70.7052 -119.099 2
      vertex 70.6426 -119.305 1.19
      vertex 70.6426 -119.305 2
    endloop
  endfacet
  facet normal -0.468997 0.8832 0
    outer loop
      vertex 70.2375 -119.799 1.19
      vertex 70.0473 -119.9 2
      vertex 70.2375 -119.799 2
    endloop
  endfacet
  facet normal -0.468997 0.8832 0
    outer loop
      vertex 70.0473 -119.9 2
      vertex 70.2375 -119.799 1.19
      vertex 70.0473 -119.9 1.19
    endloop
  endfacet
  facet normal -0.292065 -0.956398 0
    outer loop
      vertex 69.841 -117.805 1.19
      vertex 70.0473 -117.868 2
      vertex 69.841 -117.805 2
    endloop
  endfacet
  facet normal -0.292065 -0.956398 -0
    outer loop
      vertex 70.0473 -117.868 2
      vertex 69.841 -117.805 1.19
      vertex 70.0473 -117.868 1.19
    endloop
  endfacet
  facet normal 0.995219 -0.0976703 0
    outer loop
      vertex 68.5264 -118.884 2
      vertex 68.5475 -118.669 1.19
      vertex 68.5475 -118.669 2
    endloop
  endfacet
  facet normal 0.995219 -0.0976703 0
    outer loop
      vertex 68.5475 -118.669 1.19
      vertex 68.5264 -118.884 2
      vertex 68.5264 -118.884 1.19
    endloop
  endfacet
  facet normal -0.0973913 -0.995246 0
    outer loop
      vertex 69.6264 -117.784 1.19
      vertex 69.841 -117.805 2
      vertex 69.6264 -117.784 2
    endloop
  endfacet
  facet normal -0.0973913 -0.995246 -0
    outer loop
      vertex 69.841 -117.805 2
      vertex 69.6264 -117.784 1.19
      vertex 69.841 -117.805 1.19
    endloop
  endfacet
  facet normal -0.0973913 0.995246 0
    outer loop
      vertex 69.841 -119.963 1.19
      vertex 69.6264 -119.984 2
      vertex 69.841 -119.963 2
    endloop
  endfacet
  facet normal -0.0973913 0.995246 0
    outer loop
      vertex 69.6264 -119.984 2
      vertex 69.841 -119.963 1.19
      vertex 69.6264 -119.984 1.19
    endloop
  endfacet
  facet normal 0.0973913 -0.995246 0
    outer loop
      vertex 69.4118 -117.805 1.19
      vertex 69.6264 -117.784 2
      vertex 69.4118 -117.805 2
    endloop
  endfacet
  facet normal 0.0973913 -0.995246 0
    outer loop
      vertex 69.6264 -117.784 2
      vertex 69.4118 -117.805 1.19
      vertex 69.6264 -117.784 1.19
    endloop
  endfacet
  facet normal 0.0973913 0.995246 -0
    outer loop
      vertex 69.6264 -119.984 1.19
      vertex 69.4118 -119.963 2
      vertex 69.6264 -119.984 2
    endloop
  endfacet
  facet normal 0.0973913 0.995246 0
    outer loop
      vertex 69.4118 -119.963 2
      vertex 69.6264 -119.984 1.19
      vertex 69.4118 -119.963 1.19
    endloop
  endfacet
  facet normal -0.634927 0.772572 0
    outer loop
      vertex 70.4042 -119.662 1.19
      vertex 70.2375 -119.799 2
      vertex 70.4042 -119.662 2
    endloop
  endfacet
  facet normal -0.634927 0.772572 0
    outer loop
      vertex 70.2375 -119.799 2
      vertex 70.4042 -119.662 1.19
      vertex 70.2375 -119.799 1.19
    endloop
  endfacet
  facet normal -0.634927 -0.772572 0
    outer loop
      vertex 70.2375 -117.969 1.19
      vertex 70.4042 -118.106 2
      vertex 70.2375 -117.969 2
    endloop
  endfacet
  facet normal -0.634927 -0.772572 -0
    outer loop
      vertex 70.4042 -118.106 2
      vertex 70.2375 -117.969 1.19
      vertex 70.4042 -118.106 1.19
    endloop
  endfacet
  facet normal -0.773586 -0.633692 0
    outer loop
      vertex 70.541 -118.273 1.19
      vertex 70.4042 -118.106 2
      vertex 70.4042 -118.106 1.19
    endloop
  endfacet
  facet normal -0.773586 -0.633692 0
    outer loop
      vertex 70.4042 -118.106 2
      vertex 70.541 -118.273 1.19
      vertex 70.541 -118.273 2
    endloop
  endfacet
  facet normal -0.468997 -0.8832 0
    outer loop
      vertex 70.0473 -117.868 1.19
      vertex 70.2375 -117.969 2
      vertex 70.0473 -117.868 2
    endloop
  endfacet
  facet normal -0.468997 -0.8832 -0
    outer loop
      vertex 70.2375 -117.969 2
      vertex 70.0473 -117.868 1.19
      vertex 70.2375 -117.969 1.19
    endloop
  endfacet
  facet normal -0.773586 0.633692 0
    outer loop
      vertex 70.4042 -119.662 1.19
      vertex 70.541 -119.495 2
      vertex 70.541 -119.495 1.19
    endloop
  endfacet
  facet normal -0.773586 0.633692 0
    outer loop
      vertex 70.541 -119.495 2
      vertex 70.4042 -119.662 1.19
      vertex 70.4042 -119.662 2
    endloop
  endfacet
  facet normal 0.634927 -0.772572 0
    outer loop
      vertex 68.8486 -118.106 1.19
      vertex 69.0153 -117.969 2
      vertex 68.8486 -118.106 2
    endloop
  endfacet
  facet normal 0.634927 -0.772572 0
    outer loop
      vertex 69.0153 -117.969 2
      vertex 68.8486 -118.106 1.19
      vertex 69.0153 -117.969 1.19
    endloop
  endfacet
  facet normal 0.469189 -0.883098 0
    outer loop
      vertex 69.0153 -117.969 1.19
      vertex 69.2054 -117.868 2
      vertex 69.0153 -117.969 2
    endloop
  endfacet
  facet normal 0.469189 -0.883098 0
    outer loop
      vertex 69.2054 -117.868 2
      vertex 69.0153 -117.969 1.19
      vertex 69.2054 -117.868 1.19
    endloop
  endfacet
  facet normal 0.773586 0.633692 0
    outer loop
      vertex 68.8486 -119.662 2
      vertex 68.7118 -119.495 1.19
      vertex 68.7118 -119.495 2
    endloop
  endfacet
  facet normal 0.773586 0.633692 0
    outer loop
      vertex 68.7118 -119.495 1.19
      vertex 68.8486 -119.662 2
      vertex 68.8486 -119.662 1.19
    endloop
  endfacet
  facet normal 0.634927 0.772572 -0
    outer loop
      vertex 69.0153 -119.799 1.19
      vertex 68.8486 -119.662 2
      vertex 69.0153 -119.799 2
    endloop
  endfacet
  facet normal 0.634927 0.772572 0
    outer loop
      vertex 68.8486 -119.662 2
      vertex 69.0153 -119.799 1.19
      vertex 68.8486 -119.662 1.19
    endloop
  endfacet
  facet normal 0.469189 0.883098 -0
    outer loop
      vertex 69.2054 -119.9 1.19
      vertex 69.0153 -119.799 2
      vertex 69.2054 -119.9 2
    endloop
  endfacet
  facet normal 0.469189 0.883098 0
    outer loop
      vertex 69.0153 -119.799 2
      vertex 69.2054 -119.9 1.19
      vertex 69.0153 -119.799 1.19
    endloop
  endfacet
  facet normal 0.956798 -0.290755 0
    outer loop
      vertex 68.5475 -118.669 2
      vertex 68.6101 -118.463 1.19
      vertex 68.6101 -118.463 2
    endloop
  endfacet
  facet normal 0.956798 -0.290755 0
    outer loop
      vertex 68.6101 -118.463 1.19
      vertex 68.5475 -118.669 2
      vertex 68.5475 -118.669 1.19
    endloop
  endfacet
  facet normal 0.881645 -0.471912 0
    outer loop
      vertex 68.6101 -118.463 2
      vertex 68.7118 -118.273 1.19
      vertex 68.7118 -118.273 2
    endloop
  endfacet
  facet normal 0.881645 -0.471912 0
    outer loop
      vertex 68.7118 -118.273 1.19
      vertex 68.6101 -118.463 2
      vertex 68.6101 -118.463 1.19
    endloop
  endfacet
  facet normal -0.7054 -0.0694304 -0.7054
    outer loop
      vertex 71.8726 -118.439 0
      vertex 71.9164 -118.884 0
      vertex 70.7264 -118.884 1.19
    endloop
  endfacet
  facet normal 0.625367 -0.33374 -0.705361
    outer loop
      vertex 67.7215 -117.613 0
      vertex 68.6101 -118.463 1.19
      vertex 67.5107 -118.008 0
    endloop
  endfacet
  facet normal -0.548205 -0.449338 -0.705384
    outer loop
      vertex 71.2468 -117.266 0
      vertex 71.5304 -117.612 0
      vertex 70.541 -118.273 1.19
    endloop
  endfacet
  facet normal -0.705228 0.0705228 -0.705465
    outer loop
      vertex 70.7052 -119.099 1.19
      vertex 71.8726 -119.329 0
      vertex 71.8724 -119.331 0
    endloop
  endfacet
  facet normal -0.705371 0.0695529 -0.705418
    outer loop
      vertex 71.8726 -119.329 0
      vertex 70.7052 -119.099 1.19
      vertex 70.7264 -118.884 1.19
    endloop
  endfacet
  facet normal -0.678316 -0.205714 -0.705385
    outer loop
      vertex 71.7421 -118.008 0
      vertex 71.8719 -118.436 0
      vertex 70.6426 -118.463 1.19
    endloop
  endfacet
  facet normal 0.678344 -0.205722 -0.705357
    outer loop
      vertex 67.5107 -118.008 0
      vertex 68.6101 -118.463 1.19
      vertex 67.3809 -118.436 0
    endloop
  endfacet
  facet normal 0.7054 -0.0694304 -0.7054
    outer loop
      vertex 67.3802 -118.439 0
      vertex 68.5264 -118.884 1.19
      vertex 67.3364 -118.884 0
    endloop
  endfacet
  facet normal -0.7054 0.0694304 -0.7054
    outer loop
      vertex 71.9164 -118.884 0
      vertex 71.8726 -119.329 0
      vertex 70.7264 -118.884 1.19
    endloop
  endfacet
  facet normal -0.0690248 -0.705368 -0.705472
    outer loop
      vertex 69.6264 -117.784 1.19
      vertex 69.6282 -116.594 0
      vertex 69.841 -117.805 1.19
    endloop
  endfacet
  facet normal -0 -0.707107 -0.707107
    outer loop
      vertex 69.6282 -116.594 0
      vertex 69.6264 -117.784 1.19
      vertex 69.6264 -116.594 0
    endloop
  endfacet
  facet normal -0.0697628 -0.705398 -0.70537
    outer loop
      vertex 70.0731 -116.638 0
      vertex 69.841 -117.805 1.19
      vertex 69.6282 -116.594 0
    endloop
  endfacet
  facet normal 0.45009 -0.547715 -0.705285
    outer loop
      vertex 68.3541 -116.98 0
      vertex 69.0153 -117.969 1.19
      vertex 68.0085 -117.264 0
    endloop
  endfacet
  facet normal -0.413863 -0.579409 -0.702142
    outer loop
      vertex 70.4042 -118.106 1.19
      vertex 71.2443 -117.264 0
      vertex 71.2457 -117.265 0
    endloop
  endfacet
  facet normal -0.450112 -0.547691 -0.70529
    outer loop
      vertex 71.2443 -117.264 0
      vertex 70.4042 -118.106 1.19
      vertex 70.2375 -117.969 1.19
    endloop
  endfacet
  facet normal -0.644996 -0.290248 -0.706921
    outer loop
      vertex 70.6426 -118.463 1.19
      vertex 71.7412 -118.006 0
      vertex 71.7421 -118.008 0
    endloop
  endfacet
  facet normal -0.625053 -0.334239 -0.705403
    outer loop
      vertex 71.7412 -118.006 0
      vertex 70.6426 -118.463 1.19
      vertex 70.541 -118.273 1.19
    endloop
  endfacet
  facet normal 0.624845 -0.334457 -0.705484
    outer loop
      vertex 67.7215 -117.613 0
      vertex 68.7118 -118.273 1.19
      vertex 68.6101 -118.463 1.19
    endloop
  endfacet
  facet normal 0.553181 -0.442545 -0.705794
    outer loop
      vertex 68.7118 -118.273 1.19
      vertex 67.7215 -117.613 0
      vertex 67.7223 -117.612 0
    endloop
  endfacet
  facet normal 0 0.713973 -0.700173
    outer loop
      vertex 69.841 -119.963 1.19
      vertex 70.0749 -121.13 0
      vertex 70.0731 -121.13 0
    endloop
  endfacet
  facet normal -0.207005 0.67786 -0.705446
    outer loop
      vertex 70.0749 -121.13 0
      vertex 69.841 -119.963 1.19
      vertex 70.0473 -119.9 1.19
    endloop
  endfacet
  facet normal -0.207088 -0.678132 -0.70516
    outer loop
      vertex 69.841 -117.805 1.19
      vertex 70.0749 -116.639 0
      vertex 70.0473 -117.868 1.19
    endloop
  endfacet
  facet normal -0.351742 -0.633136 -0.689504
    outer loop
      vertex 70.0749 -116.639 0
      vertex 69.841 -117.805 1.19
      vertex 70.0731 -116.638 0
    endloop
  endfacet
  facet normal -0.332333 -0.625838 -0.705607
    outer loop
      vertex 70.0473 -117.868 1.19
      vertex 70.5043 -116.769 0
      vertex 70.2375 -117.969 1.19
    endloop
  endfacet
  facet normal -0.377268 -0.603629 -0.702353
    outer loop
      vertex 70.5043 -116.769 0
      vertex 70.0473 -117.868 1.19
      vertex 70.5027 -116.768 0
    endloop
  endfacet
  facet normal -0.450021 0.54779 -0.705271
    outer loop
      vertex 71.2443 -120.504 0
      vertex 70.8986 -120.788 0
      vertex 70.2375 -119.799 1.19
    endloop
  endfacet
  facet normal -0.54836 -0.449195 -0.705355
    outer loop
      vertex 70.4042 -118.106 1.19
      vertex 71.2468 -117.266 0
      vertex 70.541 -118.273 1.19
    endloop
  endfacet
  facet normal -0.475983 -0.523581 -0.706614
    outer loop
      vertex 71.2468 -117.266 0
      vertex 70.4042 -118.106 1.19
      vertex 71.2457 -117.265 0
    endloop
  endfacet
  facet normal -0.413863 0.579409 -0.702142
    outer loop
      vertex 71.2443 -120.504 0
      vertex 70.4042 -119.662 1.19
      vertex 71.2457 -120.503 0
    endloop
  endfacet
  facet normal -0.450112 0.547691 -0.70529
    outer loop
      vertex 70.4042 -119.662 1.19
      vertex 71.2443 -120.504 0
      vertex 70.2375 -119.799 1.19
    endloop
  endfacet
  facet normal -0.204604 -0.678525 -0.705508
    outer loop
      vertex 70.0749 -116.639 0
      vertex 70.5027 -116.768 0
      vertex 70.0473 -117.868 1.19
    endloop
  endfacet
  facet normal 0.206059 0.67825 -0.705349
    outer loop
      vertex 69.4118 -119.963 1.19
      vertex 69.1796 -121.13 0
      vertex 68.7517 -121 0
    endloop
  endfacet
  facet normal 0.411153 0.575615 -0.706838
    outer loop
      vertex 68.3527 -120.787 0
      vertex 69.0153 -119.799 1.19
      vertex 68.3541 -120.788 0
    endloop
  endfacet
  facet normal 0.450094 0.547669 -0.705319
    outer loop
      vertex 69.0153 -119.799 1.19
      vertex 68.3527 -120.787 0
      vertex 68.8486 -119.662 1.19
    endloop
  endfacet
  facet normal -0.643786 -0.321893 -0.694207
    outer loop
      vertex 70.7052 -118.669 1.19
      vertex 71.8719 -118.436 0
      vertex 71.8724 -118.437 0
    endloop
  endfacet
  facet normal -0.678254 -0.20611 -0.70533
    outer loop
      vertex 71.8719 -118.436 0
      vertex 70.7052 -118.669 1.19
      vertex 70.6426 -118.463 1.19
    endloop
  endfacet
  facet normal -0.624997 -0.334389 -0.705381
    outer loop
      vertex 71.5304 -117.612 0
      vertex 71.7412 -118.006 0
      vertex 70.541 -118.273 1.19
    endloop
  endfacet
  facet normal 0.206059 -0.67825 -0.705349
    outer loop
      vertex 69.1796 -116.638 0
      vertex 69.4118 -117.805 1.19
      vertex 68.7517 -116.768 0
    endloop
  endfacet
  facet normal 0 -0.707107 -0.707107
    outer loop
      vertex 69.6264 -117.784 1.19
      vertex 69.6246 -116.594 0
      vertex 69.6264 -116.594 0
    endloop
  endfacet
  facet normal 0.0690248 -0.705368 -0.705472
    outer loop
      vertex 69.6246 -116.594 0
      vertex 69.6264 -117.784 1.19
      vertex 69.4118 -117.805 1.19
    endloop
  endfacet
  facet normal 0.0697471 0.705397 -0.705373
    outer loop
      vertex 69.4118 -119.963 1.19
      vertex 69.6246 -121.174 0
      vertex 69.1796 -121.13 0
    endloop
  endfacet
  facet normal -0.334365 0.624835 -0.705536
    outer loop
      vertex 70.897 -120.789 0
      vertex 70.5027 -121 0
      vertex 70.0473 -119.9 1.19
    endloop
  endfacet
  facet normal 0.548216 0.449077 -0.705542
    outer loop
      vertex 67.7234 -120.158 0
      vertex 68.7118 -119.495 1.19
      vertex 68.8486 -119.662 1.19
    endloop
  endfacet
  facet normal 0.620734 0.341404 -0.705785
    outer loop
      vertex 68.7118 -119.495 1.19
      vertex 67.7234 -120.158 0
      vertex 67.7223 -120.156 0
    endloop
  endfacet
  facet normal -0.206035 0.678014 -0.705583
    outer loop
      vertex 70.5027 -121 0
      vertex 70.0749 -121.13 0
      vertex 70.0473 -119.9 1.19
    endloop
  endfacet
  facet normal 0.206905 0.677859 -0.705477
    outer loop
      vertex 68.7517 -121 0
      vertex 69.2054 -119.9 1.19
      vertex 69.4118 -119.963 1.19
    endloop
  endfacet
  facet normal 0 0.73433 -0.678793
    outer loop
      vertex 69.2054 -119.9 1.19
      vertex 68.7517 -121 0
      vertex 68.75 -121 0
    endloop
  endfacet
  facet normal 0.0697471 -0.705397 -0.705373
    outer loop
      vertex 69.6246 -116.594 0
      vertex 69.4118 -117.805 1.19
      vertex 69.1796 -116.638 0
    endloop
  endfacet
  facet normal -0.33448 -0.625049 -0.705292
    outer loop
      vertex 70.5043 -116.769 0
      vertex 70.8986 -116.98 0
      vertex 70.2375 -117.969 1.19
    endloop
  endfacet
  facet normal 0 0.707107 -0.707107
    outer loop
      vertex 69.6246 -121.174 0
      vertex 69.6264 -119.984 1.19
      vertex 69.6264 -121.174 0
    endloop
  endfacet
  facet normal 0.0690248 0.705368 -0.705472
    outer loop
      vertex 69.6264 -119.984 1.19
      vertex 69.6246 -121.174 0
      vertex 69.4118 -119.963 1.19
    endloop
  endfacet
  facet normal 0.678281 -0.206118 -0.705301
    outer loop
      vertex 68.5475 -118.669 1.19
      vertex 67.3809 -118.436 0
      vertex 68.6101 -118.463 1.19
    endloop
  endfacet
  facet normal 0.643811 -0.321905 -0.694179
    outer loop
      vertex 67.3809 -118.436 0
      vertex 68.5475 -118.669 1.19
      vertex 67.3804 -118.437 0
    endloop
  endfacet
  facet normal -0.475983 0.523581 -0.706614
    outer loop
      vertex 70.4042 -119.662 1.19
      vertex 71.2468 -120.502 0
      vertex 71.2457 -120.503 0
    endloop
  endfacet
  facet normal -0.54836 0.449195 -0.705355
    outer loop
      vertex 71.2468 -120.502 0
      vertex 70.4042 -119.662 1.19
      vertex 70.541 -119.495 1.19
    endloop
  endfacet
  facet normal 0.450112 -0.547691 -0.70529
    outer loop
      vertex 68.8486 -118.106 1.19
      vertex 68.0085 -117.264 0
      vertex 69.0153 -117.969 1.19
    endloop
  endfacet
  facet normal 0.413863 -0.579409 -0.702142
    outer loop
      vertex 68.0085 -117.264 0
      vertex 68.8486 -118.106 1.19
      vertex 68.0071 -117.265 0
    endloop
  endfacet
  facet normal 0.334365 0.624835 -0.705536
    outer loop
      vertex 69.2054 -119.9 1.19
      vertex 68.75 -121 0
      vertex 68.3557 -120.789 0
    endloop
  endfacet
  facet normal -0.450021 -0.54779 -0.705271
    outer loop
      vertex 70.8986 -116.98 0
      vertex 71.2443 -117.264 0
      vertex 70.2375 -117.969 1.19
    endloop
  endfacet
  facet normal -0.0697628 0.705398 -0.70537
    outer loop
      vertex 69.841 -119.963 1.19
      vertex 70.0731 -121.13 0
      vertex 69.6282 -121.174 0
    endloop
  endfacet
  facet normal 0.334473 -0.625037 -0.705306
    outer loop
      vertex 68.7484 -116.769 0
      vertex 69.0153 -117.969 1.19
      vertex 68.3541 -116.98 0
    endloop
  endfacet
  facet normal 0.33264 0.626088 -0.705241
    outer loop
      vertex 68.3557 -120.789 0
      vertex 69.0153 -119.799 1.19
      vertex 69.2054 -119.9 1.19
    endloop
  endfacet
  facet normal 0.374907 0.599851 -0.706841
    outer loop
      vertex 69.0153 -119.799 1.19
      vertex 68.3557 -120.789 0
      vertex 68.3541 -120.788 0
    endloop
  endfacet
  facet normal -0.705371 -0.0695529 -0.705418
    outer loop
      vertex 70.7052 -118.669 1.19
      vertex 71.8726 -118.439 0
      vertex 70.7264 -118.884 1.19
    endloop
  endfacet
  facet normal -0.705228 -0.0705228 -0.705465
    outer loop
      vertex 71.8726 -118.439 0
      vertex 70.7052 -118.669 1.19
      vertex 71.8724 -118.437 0
    endloop
  endfacet
  facet normal 0.705448 -0.0692323 -0.705372
    outer loop
      vertex 67.3802 -118.439 0
      vertex 68.5475 -118.669 1.19
      vertex 68.5264 -118.884 1.19
    endloop
  endfacet
  facet normal 0.705257 -0.0705257 -0.705435
    outer loop
      vertex 68.5475 -118.669 1.19
      vertex 67.3802 -118.439 0
      vertex 67.3804 -118.437 0
    endloop
  endfacet
  facet normal -0.548205 0.449338 -0.705384
    outer loop
      vertex 71.5304 -120.156 0
      vertex 71.2468 -120.502 0
      vertex 70.541 -119.495 1.19
    endloop
  endfacet
  facet normal 0.7054 0.0694304 -0.7054
    outer loop
      vertex 68.5264 -118.884 1.19
      vertex 67.3802 -119.329 0
      vertex 67.3364 -118.884 0
    endloop
  endfacet
  facet normal 0.54836 -0.449195 -0.705355
    outer loop
      vertex 68.006 -117.266 0
      vertex 68.8486 -118.106 1.19
      vertex 68.7118 -118.273 1.19
    endloop
  endfacet
  facet normal 0.475983 -0.523581 -0.706614
    outer loop
      vertex 68.8486 -118.106 1.19
      vertex 68.006 -117.266 0
      vertex 68.0071 -117.265 0
    endloop
  endfacet
  facet normal 0.548114 -0.449422 -0.705401
    outer loop
      vertex 68.006 -117.266 0
      vertex 68.7118 -118.273 1.19
      vertex 67.7223 -117.612 0
    endloop
  endfacet
  facet normal -0.678297 0.205708 -0.705406
    outer loop
      vertex 71.8724 -119.331 0
      vertex 71.7426 -119.759 0
      vertex 70.7052 -119.099 1.19
    endloop
  endfacet
  facet normal 0.332472 -0.625772 -0.7056
    outer loop
      vertex 68.7484 -116.769 0
      vertex 69.2054 -117.868 1.19
      vertex 69.0153 -117.969 1.19
    endloop
  endfacet
  facet normal 0.377268 -0.603629 -0.702353
    outer loop
      vertex 69.2054 -117.868 1.19
      vertex 68.7484 -116.769 0
      vertex 68.75 -116.768 0
    endloop
  endfacet
  facet normal -0.374915 0.599864 -0.706825
    outer loop
      vertex 70.897 -120.789 0
      vertex 70.2375 -119.799 1.19
      vertex 70.8986 -120.788 0
    endloop
  endfacet
  facet normal -0.332514 0.626179 -0.705219
    outer loop
      vertex 70.2375 -119.799 1.19
      vertex 70.897 -120.789 0
      vertex 70.0473 -119.9 1.19
    endloop
  endfacet
  facet normal 0.547511 0.450229 -0.705355
    outer loop
      vertex 68.8486 -119.662 1.19
      vertex 68.0071 -120.503 0
      vertex 67.7234 -120.158 0
    endloop
  endfacet
  facet normal 0.450066 0.547686 -0.705323
    outer loop
      vertex 68.8486 -119.662 1.19
      vertex 68.3527 -120.787 0
      vertex 68.0071 -120.503 0
    endloop
  endfacet
  facet normal 0.624928 0.334501 -0.705389
    outer loop
      vertex 67.5115 -119.762 0
      vertex 68.6101 -119.305 1.19
      vertex 68.7118 -119.495 1.19
    endloop
  endfacet
  facet normal 0.656601 0.26264 -0.707033
    outer loop
      vertex 68.6101 -119.305 1.19
      vertex 67.5115 -119.762 0
      vertex 67.5107 -119.76 0
    endloop
  endfacet
  facet normal -0.624997 0.334389 -0.705381
    outer loop
      vertex 71.7412 -119.762 0
      vertex 71.5304 -120.156 0
      vertex 70.541 -119.495 1.19
    endloop
  endfacet
  facet normal -0.0690248 0.705368 -0.705472
    outer loop
      vertex 69.6282 -121.174 0
      vertex 69.6264 -119.984 1.19
      vertex 69.841 -119.963 1.19
    endloop
  endfacet
  facet normal 0 0.707107 -0.707107
    outer loop
      vertex 69.6264 -119.984 1.19
      vertex 69.6282 -121.174 0
      vertex 69.6264 -121.174 0
    endloop
  endfacet
  facet normal -0.644996 0.290248 -0.706921
    outer loop
      vertex 71.7412 -119.762 0
      vertex 70.6426 -119.305 1.19
      vertex 71.7421 -119.76 0
    endloop
  endfacet
  facet normal -0.625053 0.334239 -0.705403
    outer loop
      vertex 70.6426 -119.305 1.19
      vertex 71.7412 -119.762 0
      vertex 70.541 -119.495 1.19
    endloop
  endfacet
  facet normal 0.705257 0.0705257 -0.705435
    outer loop
      vertex 67.3802 -119.329 0
      vertex 68.5475 -119.099 1.19
      vertex 67.3804 -119.331 0
    endloop
  endfacet
  facet normal 0.705448 0.0692323 -0.705372
    outer loop
      vertex 68.5475 -119.099 1.19
      vertex 67.3802 -119.329 0
      vertex 68.5264 -118.884 1.19
    endloop
  endfacet
  facet normal 0.633302 0.316651 -0.706159
    outer loop
      vertex 67.5102 -119.759 0
      vertex 68.6101 -119.305 1.19
      vertex 67.5107 -119.76 0
    endloop
  endfacet
  facet normal 0.678156 0.20608 -0.705432
    outer loop
      vertex 68.6101 -119.305 1.19
      vertex 67.5102 -119.759 0
      vertex 68.5475 -119.099 1.19
    endloop
  endfacet
  facet normal 0.678324 0.205716 -0.705377
    outer loop
      vertex 68.5475 -119.099 1.19
      vertex 67.5102 -119.759 0
      vertex 67.3804 -119.331 0
    endloop
  endfacet
  facet normal -0.633279 0.316639 -0.706185
    outer loop
      vertex 70.6426 -119.305 1.19
      vertex 71.7426 -119.759 0
      vertex 71.7421 -119.76 0
    endloop
  endfacet
  facet normal -0.678129 0.206072 -0.705461
    outer loop
      vertex 71.7426 -119.759 0
      vertex 70.6426 -119.305 1.19
      vertex 70.7052 -119.099 1.19
    endloop
  endfacet
  facet normal 0.206905 -0.677859 -0.705477
    outer loop
      vertex 69.2054 -117.868 1.19
      vertex 68.7517 -116.768 0
      vertex 69.4118 -117.805 1.19
    endloop
  endfacet
  facet normal -0 -0.73433 -0.678793
    outer loop
      vertex 68.7517 -116.768 0
      vertex 69.2054 -117.868 1.19
      vertex 68.75 -116.768 0
    endloop
  endfacet
  facet normal 0.624974 0.334377 -0.705407
    outer loop
      vertex 68.7118 -119.495 1.19
      vertex 67.7223 -120.156 0
      vertex 67.5115 -119.762 0
    endloop
  endfacet
  facet normal -0.0972118 -0.995264 0
    outer loop
      vertex 124.071 -121.187 1.19
      vertex 124.286 -121.208 2
      vertex 124.071 -121.187 2
    endloop
  endfacet
  facet normal -0.0972118 -0.995264 -0
    outer loop
      vertex 124.286 -121.208 2
      vertex 124.071 -121.187 1.19
      vertex 124.286 -121.208 1.19
    endloop
  endfacet
  facet normal -0.956279 -0.292454 0
    outer loop
      vertex 125.15 -122.072 1.19
      vertex 125.087 -121.866 2
      vertex 125.087 -121.866 1.19
    endloop
  endfacet
  facet normal -0.956279 -0.292454 0
    outer loop
      vertex 125.087 -121.866 2
      vertex 125.15 -122.072 1.19
      vertex 125.15 -122.072 2
    endloop
  endfacet
  facet normal -0.995264 -0.0972118 0
    outer loop
      vertex 125.171 -122.287 1.19
      vertex 125.15 -122.072 2
      vertex 125.15 -122.072 1.19
    endloop
  endfacet
  facet normal -0.995264 -0.0972118 0
    outer loop
      vertex 125.15 -122.072 2
      vertex 125.171 -122.287 1.19
      vertex 125.171 -122.287 2
    endloop
  endfacet
  facet normal -0.634246 0.773132 0
    outer loop
      vertex 124.849 -123.065 1.19
      vertex 124.682 -123.202 2
      vertex 124.849 -123.065 2
    endloop
  endfacet
  facet normal -0.634246 0.773132 0
    outer loop
      vertex 124.682 -123.202 2
      vertex 124.849 -123.065 1.19
      vertex 124.682 -123.202 1.19
    endloop
  endfacet
  facet normal -0.292454 0.956279 0
    outer loop
      vertex 124.492 -123.303 1.19
      vertex 124.286 -123.366 2
      vertex 124.492 -123.303 2
    endloop
  endfacet
  facet normal -0.292454 0.956279 0
    outer loop
      vertex 124.286 -123.366 2
      vertex 124.492 -123.303 1.19
      vertex 124.286 -123.366 1.19
    endloop
  endfacet
  facet normal -0.0972118 0.995264 0
    outer loop
      vertex 124.286 -123.366 1.19
      vertex 124.071 -123.387 2
      vertex 124.286 -123.366 2
    endloop
  endfacet
  facet normal -0.0972118 0.995264 0
    outer loop
      vertex 124.071 -123.387 2
      vertex 124.286 -123.366 1.19
      vertex 124.071 -123.387 1.19
    endloop
  endfacet
  facet normal 0.995264 -0.0972118 0
    outer loop
      vertex 122.971 -122.287 2
      vertex 122.992 -122.072 1.19
      vertex 122.992 -122.072 2
    endloop
  endfacet
  facet normal 0.995264 -0.0972118 0
    outer loop
      vertex 122.992 -122.072 1.19
      vertex 122.971 -122.287 2
      vertex 122.971 -122.287 1.19
    endloop
  endfacet
  facet normal 0.634246 0.773132 -0
    outer loop
      vertex 123.46 -123.202 1.19
      vertex 123.293 -123.065 2
      vertex 123.46 -123.202 2
    endloop
  endfacet
  facet normal 0.634246 0.773132 0
    outer loop
      vertex 123.293 -123.065 2
      vertex 123.46 -123.202 1.19
      vertex 123.293 -123.065 1.19
    endloop
  endfacet
  facet normal -0.292454 -0.956279 0
    outer loop
      vertex 124.286 -121.208 1.19
      vertex 124.492 -121.271 2
      vertex 124.286 -121.208 2
    endloop
  endfacet
  facet normal -0.292454 -0.956279 -0
    outer loop
      vertex 124.492 -121.271 2
      vertex 124.286 -121.208 1.19
      vertex 124.492 -121.271 1.19
    endloop
  endfacet
  facet normal 0.634246 -0.773132 0
    outer loop
      vertex 123.293 -121.509 1.19
      vertex 123.46 -121.372 2
      vertex 123.293 -121.509 2
    endloop
  endfacet
  facet normal 0.634246 -0.773132 0
    outer loop
      vertex 123.46 -121.372 2
      vertex 123.293 -121.509 1.19
      vertex 123.46 -121.372 1.19
    endloop
  endfacet
  facet normal -0.956279 0.292454 0
    outer loop
      vertex 125.087 -122.708 1.19
      vertex 125.15 -122.502 2
      vertex 125.15 -122.502 1.19
    endloop
  endfacet
  facet normal -0.956279 0.292454 0
    outer loop
      vertex 125.15 -122.502 2
      vertex 125.087 -122.708 1.19
      vertex 125.087 -122.708 2
    endloop
  endfacet
  facet normal 0.773132 -0.634246 0
    outer loop
      vertex 123.156 -121.676 2
      vertex 123.293 -121.509 1.19
      vertex 123.293 -121.509 2
    endloop
  endfacet
  facet normal 0.773132 -0.634246 0
    outer loop
      vertex 123.293 -121.509 1.19
      vertex 123.156 -121.676 2
      vertex 123.156 -121.676 1.19
    endloop
  endfacet
  facet normal 0.882995 0.469382 0
    outer loop
      vertex 123.156 -122.898 2
      vertex 123.055 -122.708 1.19
      vertex 123.055 -122.708 2
    endloop
  endfacet
  facet normal 0.882995 0.469382 0
    outer loop
      vertex 123.055 -122.708 1.19
      vertex 123.156 -122.898 2
      vertex 123.156 -122.898 1.19
    endloop
  endfacet
  facet normal -0.882995 -0.469382 0
    outer loop
      vertex 125.087 -121.866 1.19
      vertex 124.986 -121.676 2
      vertex 124.986 -121.676 1.19
    endloop
  endfacet
  facet normal -0.882995 -0.469382 0
    outer loop
      vertex 124.986 -121.676 2
      vertex 125.087 -121.866 1.19
      vertex 125.087 -121.866 2
    endloop
  endfacet
  facet normal 0.469382 -0.882995 0
    outer loop
      vertex 123.46 -121.372 1.19
      vertex 123.65 -121.271 2
      vertex 123.46 -121.372 2
    endloop
  endfacet
  facet normal 0.469382 -0.882995 0
    outer loop
      vertex 123.65 -121.271 2
      vertex 123.46 -121.372 1.19
      vertex 123.65 -121.271 1.19
    endloop
  endfacet
  facet normal -0.634246 -0.773132 0
    outer loop
      vertex 124.682 -121.372 1.19
      vertex 124.849 -121.509 2
      vertex 124.682 -121.372 2
    endloop
  endfacet
  facet normal -0.634246 -0.773132 -0
    outer loop
      vertex 124.849 -121.509 2
      vertex 124.682 -121.372 1.19
      vertex 124.849 -121.509 1.19
    endloop
  endfacet
  facet normal -0.469382 -0.882995 0
    outer loop
      vertex 124.492 -121.271 1.19
      vertex 124.682 -121.372 2
      vertex 124.492 -121.271 2
    endloop
  endfacet
  facet normal -0.469382 -0.882995 -0
    outer loop
      vertex 124.682 -121.372 2
      vertex 124.492 -121.271 1.19
      vertex 124.682 -121.372 1.19
    endloop
  endfacet
  facet normal -0.773132 -0.634246 0
    outer loop
      vertex 124.986 -121.676 1.19
      vertex 124.849 -121.509 2
      vertex 124.849 -121.509 1.19
    endloop
  endfacet
  facet normal -0.773132 -0.634246 0
    outer loop
      vertex 124.849 -121.509 2
      vertex 124.986 -121.676 1.19
      vertex 124.986 -121.676 2
    endloop
  endfacet
  facet normal -0.882995 0.469382 0
    outer loop
      vertex 124.986 -122.898 1.19
      vertex 125.087 -122.708 2
      vertex 125.087 -122.708 1.19
    endloop
  endfacet
  facet normal -0.882995 0.469382 0
    outer loop
      vertex 125.087 -122.708 2
      vertex 124.986 -122.898 1.19
      vertex 124.986 -122.898 2
    endloop
  endfacet
  facet normal -0.773132 0.634246 0
    outer loop
      vertex 124.849 -123.065 1.19
      vertex 124.986 -122.898 2
      vertex 124.986 -122.898 1.19
    endloop
  endfacet
  facet normal -0.773132 0.634246 0
    outer loop
      vertex 124.986 -122.898 2
      vertex 124.849 -123.065 1.19
      vertex 124.849 -123.065 2
    endloop
  endfacet
  facet normal -0.469382 0.882995 0
    outer loop
      vertex 124.682 -123.202 1.19
      vertex 124.492 -123.303 2
      vertex 124.682 -123.202 2
    endloop
  endfacet
  facet normal -0.469382 0.882995 0
    outer loop
      vertex 124.492 -123.303 2
      vertex 124.682 -123.202 1.19
      vertex 124.492 -123.303 1.19
    endloop
  endfacet
  facet normal 0.956279 -0.292454 0
    outer loop
      vertex 122.992 -122.072 2
      vertex 123.055 -121.866 1.19
      vertex 123.055 -121.866 2
    endloop
  endfacet
  facet normal 0.956279 -0.292454 0
    outer loop
      vertex 123.055 -121.866 1.19
      vertex 122.992 -122.072 2
      vertex 122.992 -122.072 1.19
    endloop
  endfacet
  facet normal -0.995264 0.0972118 0
    outer loop
      vertex 125.15 -122.502 1.19
      vertex 125.171 -122.287 2
      vertex 125.171 -122.287 1.19
    endloop
  endfacet
  facet normal -0.995264 0.0972118 0
    outer loop
      vertex 125.171 -122.287 2
      vertex 125.15 -122.502 1.19
      vertex 125.15 -122.502 2
    endloop
  endfacet
  facet normal 0.292454 -0.956279 0
    outer loop
      vertex 123.65 -121.271 1.19
      vertex 123.856 -121.208 2
      vertex 123.65 -121.271 2
    endloop
  endfacet
  facet normal 0.292454 -0.956279 0
    outer loop
      vertex 123.856 -121.208 2
      vertex 123.65 -121.271 1.19
      vertex 123.856 -121.208 1.19
    endloop
  endfacet
  facet normal 0.0972118 -0.995264 0
    outer loop
      vertex 123.856 -121.208 1.19
      vertex 124.071 -121.187 2
      vertex 123.856 -121.208 2
    endloop
  endfacet
  facet normal 0.0972118 -0.995264 0
    outer loop
      vertex 124.071 -121.187 2
      vertex 123.856 -121.208 1.19
      vertex 124.071 -121.187 1.19
    endloop
  endfacet
  facet normal 0.882995 -0.469382 0
    outer loop
      vertex 123.055 -121.866 2
      vertex 123.156 -121.676 1.19
      vertex 123.156 -121.676 2
    endloop
  endfacet
  facet normal 0.882995 -0.469382 0
    outer loop
      vertex 123.156 -121.676 1.19
      vertex 123.055 -121.866 2
      vertex 123.055 -121.866 1.19
    endloop
  endfacet
  facet normal 0.956279 0.292454 0
    outer loop
      vertex 123.055 -122.708 2
      vertex 122.992 -122.502 1.19
      vertex 122.992 -122.502 2
    endloop
  endfacet
  facet normal 0.956279 0.292454 0
    outer loop
      vertex 122.992 -122.502 1.19
      vertex 123.055 -122.708 2
      vertex 123.055 -122.708 1.19
    endloop
  endfacet
  facet normal 0.995264 0.0972118 0
    outer loop
      vertex 122.992 -122.502 2
      vertex 122.971 -122.287 1.19
      vertex 122.971 -122.287 2
    endloop
  endfacet
  facet normal 0.995264 0.0972118 0
    outer loop
      vertex 122.971 -122.287 1.19
      vertex 122.992 -122.502 2
      vertex 122.992 -122.502 1.19
    endloop
  endfacet
  facet normal 0.773132 0.634246 0
    outer loop
      vertex 123.293 -123.065 2
      vertex 123.156 -122.898 1.19
      vertex 123.156 -122.898 2
    endloop
  endfacet
  facet normal 0.773132 0.634246 0
    outer loop
      vertex 123.156 -122.898 1.19
      vertex 123.293 -123.065 2
      vertex 123.293 -123.065 1.19
    endloop
  endfacet
  facet normal 0.469382 0.882995 -0
    outer loop
      vertex 123.65 -123.303 1.19
      vertex 123.46 -123.202 2
      vertex 123.65 -123.303 2
    endloop
  endfacet
  facet normal 0.469382 0.882995 0
    outer loop
      vertex 123.46 -123.202 2
      vertex 123.65 -123.303 1.19
      vertex 123.46 -123.202 1.19
    endloop
  endfacet
  facet normal 0.0972118 0.995264 -0
    outer loop
      vertex 124.071 -123.387 1.19
      vertex 123.856 -123.366 2
      vertex 124.071 -123.387 2
    endloop
  endfacet
  facet normal 0.0972118 0.995264 0
    outer loop
      vertex 123.856 -123.366 2
      vertex 124.071 -123.387 1.19
      vertex 123.856 -123.366 1.19
    endloop
  endfacet
  facet normal 0.292454 0.956279 -0
    outer loop
      vertex 123.856 -123.366 1.19
      vertex 123.65 -123.303 2
      vertex 123.856 -123.366 2
    endloop
  endfacet
  facet normal 0.292454 0.956279 0
    outer loop
      vertex 123.65 -123.303 2
      vertex 123.856 -123.366 1.19
      vertex 123.65 -123.303 1.19
    endloop
  endfacet
  facet normal 0.206019 -0.678278 -0.705333
    outer loop
      vertex 123.624 -120.041 0
      vertex 123.856 -121.208 1.19
      vertex 123.196 -120.171 0
    endloop
  endfacet
  facet normal 0.705369 0.0688965 -0.705484
    outer loop
      vertex 121.781 -122.289 0
      vertex 122.971 -122.287 1.19
      vertex 122.992 -122.502 1.19
    endloop
  endfacet
  facet normal 0.707107 0 -0.707107
    outer loop
      vertex 122.971 -122.287 1.19
      vertex 121.781 -122.289 0
      vertex 121.781 -122.287 0
    endloop
  endfacet
  facet normal -0.707107 0 -0.707107
    outer loop
      vertex 125.171 -122.287 1.19
      vertex 126.361 -122.285 0
      vertex 126.361 -122.287 0
    endloop
  endfacet
  facet normal -0.705369 -0.0688965 -0.705484
    outer loop
      vertex 126.361 -122.285 0
      vertex 125.171 -122.287 1.19
      vertex 125.15 -122.072 1.19
    endloop
  endfacet
  facet normal -0.705403 -0.0697477 -0.705367
    outer loop
      vertex 126.317 -121.84 0
      vertex 126.361 -122.285 0
      vertex 125.15 -122.072 1.19
    endloop
  endfacet
  facet normal 0.333918 -0.625108 -0.705506
    outer loop
      vertex 123.195 -120.171 0
      vertex 123.65 -121.271 1.19
      vertex 122.8 -120.382 0
    endloop
  endfacet
  facet normal -0.333918 0.625108 -0.705506
    outer loop
      vertex 125.342 -124.192 0
      vertex 124.947 -124.403 0
      vertex 124.492 -123.303 1.19
    endloop
  endfacet
  facet normal -0.504913 0.504913 -0.70009
    outer loop
      vertex 124.986 -122.898 1.19
      vertex 125.976 -123.558 0
      vertex 125.975 -123.559 0
    endloop
  endfacet
  facet normal -0.625959 0.332747 -0.705305
    outer loop
      vertex 125.976 -123.558 0
      vertex 124.986 -122.898 1.19
      vertex 125.087 -122.708 1.19
    endloop
  endfacet
  facet normal 0.73433 0 -0.678793
    outer loop
      vertex 121.955 -123.162 0
      vertex 123.055 -122.708 1.19
      vertex 121.955 -123.163 0
    endloop
  endfacet
  facet normal 0.677704 0.207259 -0.705521
    outer loop
      vertex 123.055 -122.708 1.19
      vertex 121.955 -123.162 0
      vertex 122.992 -122.502 1.19
    endloop
  endfacet
  facet normal -0.635066 -0.317533 -0.704176
    outer loop
      vertex 124.986 -121.676 1.19
      vertex 125.974 -121.013 0
      vertex 125.975 -121.015 0
    endloop
  endfacet
  facet normal -0.547984 -0.449544 -0.705425
    outer loop
      vertex 125.974 -121.013 0
      vertex 124.986 -121.676 1.19
      vertex 124.849 -121.509 1.19
    endloop
  endfacet
  facet normal 0.547353 -0.450574 -0.705257
    outer loop
      vertex 122.452 -120.668 0
      vertex 123.293 -121.509 1.19
      vertex 122.168 -121.013 0
    endloop
  endfacet
  facet normal -0.677704 -0.207259 -0.705521
    outer loop
      vertex 125.087 -121.866 1.19
      vertex 126.187 -121.412 0
      vertex 125.15 -122.072 1.19
    endloop
  endfacet
  facet normal -0.73433 0 -0.678793
    outer loop
      vertex 126.187 -121.412 0
      vertex 125.087 -121.866 1.19
      vertex 126.187 -121.411 0
    endloop
  endfacet
  facet normal -0.625108 0.333918 -0.705506
    outer loop
      vertex 126.187 -123.163 0
      vertex 125.976 -123.558 0
      vertex 125.087 -122.708 1.19
    endloop
  endfacet
  facet normal -0.547353 -0.450574 -0.705257
    outer loop
      vertex 125.69 -120.668 0
      vertex 125.974 -121.013 0
      vertex 124.849 -121.509 1.19
    endloop
  endfacet
  facet normal 0 -0.73433 -0.678793
    outer loop
      vertex 124.492 -121.271 1.19
      vertex 124.946 -120.171 0
      vertex 124.947 -120.171 0
    endloop
  endfacet
  facet normal -0.207259 -0.677704 -0.705521
    outer loop
      vertex 124.946 -120.171 0
      vertex 124.492 -121.271 1.19
      vertex 124.286 -121.208 1.19
    endloop
  endfacet
  facet normal 0.450574 -0.547353 -0.705257
    outer loop
      vertex 122.797 -120.384 0
      vertex 123.293 -121.509 1.19
      vertex 122.452 -120.668 0
    endloop
  endfacet
  facet normal -0.547353 0.450574 -0.705257
    outer loop
      vertex 125.974 -123.561 0
      vertex 125.69 -123.906 0
      vertex 124.849 -123.065 1.19
    endloop
  endfacet
  facet normal 0.449544 -0.547984 -0.705425
    outer loop
      vertex 122.797 -120.384 0
      vertex 123.46 -121.372 1.19
      vertex 123.293 -121.509 1.19
    endloop
  endfacet
  facet normal 0.317533 -0.635066 -0.704176
    outer loop
      vertex 123.46 -121.372 1.19
      vertex 122.797 -120.384 0
      vertex 122.799 -120.383 0
    endloop
  endfacet
  facet normal -0.450574 0.547353 -0.705257
    outer loop
      vertex 125.69 -123.906 0
      vertex 125.345 -124.19 0
      vertex 124.849 -123.065 1.19
    endloop
  endfacet
  facet normal -0.625959 -0.332747 -0.705305
    outer loop
      vertex 124.986 -121.676 1.19
      vertex 125.976 -121.016 0
      vertex 125.087 -121.866 1.19
    endloop
  endfacet
  facet normal -0.504913 -0.504913 -0.70009
    outer loop
      vertex 125.976 -121.016 0
      vertex 124.986 -121.676 1.19
      vertex 125.975 -121.015 0
    endloop
  endfacet
  facet normal -0.0688965 -0.705369 -0.705484
    outer loop
      vertex 124.071 -121.187 1.19
      vertex 124.073 -119.997 0
      vertex 124.286 -121.208 1.19
    endloop
  endfacet
  facet normal -0 -0.707107 -0.707107
    outer loop
      vertex 124.073 -119.997 0
      vertex 124.071 -121.187 1.19
      vertex 124.071 -119.997 0
    endloop
  endfacet
  facet normal -0.317533 0.635066 -0.704176
    outer loop
      vertex 124.682 -123.202 1.19
      vertex 125.345 -124.19 0
      vertex 125.343 -124.191 0
    endloop
  endfacet
  facet normal -0.449544 0.547984 -0.705425
    outer loop
      vertex 125.345 -124.19 0
      vertex 124.682 -123.202 1.19
      vertex 124.849 -123.065 1.19
    endloop
  endfacet
  facet normal -0.206019 0.678278 -0.705333
    outer loop
      vertex 124.946 -124.403 0
      vertex 124.518 -124.533 0
      vertex 124.286 -123.366 1.19
    endloop
  endfacet
  facet normal -0.450574 -0.547353 -0.705257
    outer loop
      vertex 125.345 -120.384 0
      vertex 125.69 -120.668 0
      vertex 124.849 -121.509 1.19
    endloop
  endfacet
  facet normal 0 0.707107 -0.707107
    outer loop
      vertex 124.069 -124.577 0
      vertex 124.071 -123.387 1.19
      vertex 124.071 -124.577 0
    endloop
  endfacet
  facet normal 0.0688965 0.705369 -0.705484
    outer loop
      vertex 124.071 -123.387 1.19
      vertex 124.069 -124.577 0
      vertex 123.856 -123.366 1.19
    endloop
  endfacet
  facet normal -0.625108 -0.333918 -0.705506
    outer loop
      vertex 125.976 -121.016 0
      vertex 126.187 -121.411 0
      vertex 125.087 -121.866 1.19
    endloop
  endfacet
  facet normal -0.678278 -0.206019 -0.705333
    outer loop
      vertex 126.187 -121.412 0
      vertex 126.317 -121.84 0
      vertex 125.15 -122.072 1.19
    endloop
  endfacet
  facet normal -0.504913 -0.504913 -0.70009
    outer loop
      vertex 124.682 -121.372 1.19
      vertex 125.342 -120.382 0
      vertex 125.343 -120.383 0
    endloop
  endfacet
  facet normal -0.332747 -0.625959 -0.705305
    outer loop
      vertex 125.342 -120.382 0
      vertex 124.682 -121.372 1.19
      vertex 124.492 -121.271 1.19
    endloop
  endfacet
  facet normal 0.450574 0.547353 -0.705257
    outer loop
      vertex 123.293 -123.065 1.19
      vertex 122.797 -124.19 0
      vertex 122.452 -123.906 0
    endloop
  endfacet
  facet normal 0.332747 0.625959 -0.705305
    outer loop
      vertex 122.8 -124.192 0
      vertex 123.46 -123.202 1.19
      vertex 123.65 -123.303 1.19
    endloop
  endfacet
  facet normal 0.504913 0.504913 -0.70009
    outer loop
      vertex 123.46 -123.202 1.19
      vertex 122.8 -124.192 0
      vertex 122.799 -124.191 0
    endloop
  endfacet
  facet normal 0 0.707107 -0.707107
    outer loop
      vertex 124.071 -123.387 1.19
      vertex 124.073 -124.577 0
      vertex 124.071 -124.577 0
    endloop
  endfacet
  facet normal -0.0688965 0.705369 -0.705484
    outer loop
      vertex 124.073 -124.577 0
      vertex 124.071 -123.387 1.19
      vertex 124.286 -123.366 1.19
    endloop
  endfacet
  facet normal 0.332747 -0.625959 -0.705305
    outer loop
      vertex 123.46 -121.372 1.19
      vertex 122.8 -120.382 0
      vertex 123.65 -121.271 1.19
    endloop
  endfacet
  facet normal 0.504913 -0.504913 -0.70009
    outer loop
      vertex 122.8 -120.382 0
      vertex 123.46 -121.372 1.19
      vertex 122.799 -120.383 0
    endloop
  endfacet
  facet normal -0.678278 0.206019 -0.705333
    outer loop
      vertex 126.317 -122.734 0
      vertex 126.187 -123.162 0
      vertex 125.15 -122.502 1.19
    endloop
  endfacet
  facet normal 0.206019 0.678278 -0.705333
    outer loop
      vertex 123.856 -123.366 1.19
      vertex 123.624 -124.533 0
      vertex 123.196 -124.403 0
    endloop
  endfacet
  facet normal 0.504913 0.504913 -0.70009
    outer loop
      vertex 122.166 -123.558 0
      vertex 123.156 -122.898 1.19
      vertex 122.167 -123.559 0
    endloop
  endfacet
  facet normal 0.625959 0.332747 -0.705305
    outer loop
      vertex 123.156 -122.898 1.19
      vertex 122.166 -123.558 0
      vertex 123.055 -122.708 1.19
    endloop
  endfacet
  facet normal -0.333918 -0.625108 -0.705506
    outer loop
      vertex 124.947 -120.171 0
      vertex 125.342 -120.382 0
      vertex 124.492 -121.271 1.19
    endloop
  endfacet
  facet normal -0.705403 0.0697477 -0.705367
    outer loop
      vertex 126.361 -122.289 0
      vertex 126.317 -122.734 0
      vertex 125.15 -122.502 1.19
    endloop
  endfacet
  facet normal -0.707107 0 -0.707107
    outer loop
      vertex 126.361 -122.289 0
      vertex 125.171 -122.287 1.19
      vertex 126.361 -122.287 0
    endloop
  endfacet
  facet normal -0.705369 0.0688965 -0.705484
    outer loop
      vertex 125.171 -122.287 1.19
      vertex 126.361 -122.289 0
      vertex 125.15 -122.502 1.19
    endloop
  endfacet
  facet normal 0.207259 -0.677704 -0.705521
    outer loop
      vertex 123.65 -121.271 1.19
      vertex 123.196 -120.171 0
      vertex 123.856 -121.208 1.19
    endloop
  endfacet
  facet normal -0 -0.73433 -0.678793
    outer loop
      vertex 123.196 -120.171 0
      vertex 123.65 -121.271 1.19
      vertex 123.195 -120.171 0
    endloop
  endfacet
  facet normal -0.449544 -0.547984 -0.705425
    outer loop
      vertex 124.682 -121.372 1.19
      vertex 125.345 -120.384 0
      vertex 124.849 -121.509 1.19
    endloop
  endfacet
  facet normal -0.317533 -0.635066 -0.704176
    outer loop
      vertex 125.345 -120.384 0
      vertex 124.682 -121.372 1.19
      vertex 125.343 -120.383 0
    endloop
  endfacet
  facet normal 0.547984 -0.449544 -0.705425
    outer loop
      vertex 123.156 -121.676 1.19
      vertex 122.168 -121.013 0
      vertex 123.293 -121.509 1.19
    endloop
  endfacet
  facet normal 0.635066 -0.317533 -0.704176
    outer loop
      vertex 122.168 -121.013 0
      vertex 123.156 -121.676 1.19
      vertex 122.167 -121.015 0
    endloop
  endfacet
  facet normal -0.206019 -0.678278 -0.705333
    outer loop
      vertex 124.518 -120.041 0
      vertex 124.946 -120.171 0
      vertex 124.286 -121.208 1.19
    endloop
  endfacet
  facet normal -0.0697477 -0.705403 -0.705367
    outer loop
      vertex 124.518 -120.041 0
      vertex 124.286 -121.208 1.19
      vertex 124.073 -119.997 0
    endloop
  endfacet
  facet normal 0.705403 0.0697477 -0.705367
    outer loop
      vertex 122.992 -122.502 1.19
      vertex 121.825 -122.734 0
      vertex 121.781 -122.289 0
    endloop
  endfacet
  facet normal 0.678278 0.206019 -0.705333
    outer loop
      vertex 122.992 -122.502 1.19
      vertex 121.955 -123.162 0
      vertex 121.825 -122.734 0
    endloop
  endfacet
  facet normal 0.547353 0.450574 -0.705257
    outer loop
      vertex 123.293 -123.065 1.19
      vertex 122.452 -123.906 0
      vertex 122.168 -123.561 0
    endloop
  endfacet
  facet normal 0.625108 0.333918 -0.705506
    outer loop
      vertex 123.055 -122.708 1.19
      vertex 122.166 -123.558 0
      vertex 121.955 -123.163 0
    endloop
  endfacet
  facet normal -0.635066 0.317533 -0.704176
    outer loop
      vertex 125.974 -123.561 0
      vertex 124.986 -122.898 1.19
      vertex 125.975 -123.559 0
    endloop
  endfacet
  facet normal -0.547984 0.449544 -0.705425
    outer loop
      vertex 124.986 -122.898 1.19
      vertex 125.974 -123.561 0
      vertex 124.849 -123.065 1.19
    endloop
  endfacet
  facet normal 0.705403 -0.0697477 -0.705367
    outer loop
      vertex 121.825 -121.84 0
      vertex 122.992 -122.072 1.19
      vertex 121.781 -122.285 0
    endloop
  endfacet
  facet normal 0.547984 0.449544 -0.705425
    outer loop
      vertex 122.168 -123.561 0
      vertex 123.156 -122.898 1.19
      vertex 123.293 -123.065 1.19
    endloop
  endfacet
  facet normal 0.635066 0.317533 -0.704176
    outer loop
      vertex 123.156 -122.898 1.19
      vertex 122.168 -123.561 0
      vertex 122.167 -123.559 0
    endloop
  endfacet
  facet normal 0 0.73433 -0.678793
    outer loop
      vertex 124.946 -124.403 0
      vertex 124.492 -123.303 1.19
      vertex 124.947 -124.403 0
    endloop
  endfacet
  facet normal -0.207259 0.677704 -0.705521
    outer loop
      vertex 124.492 -123.303 1.19
      vertex 124.946 -124.403 0
      vertex 124.286 -123.366 1.19
    endloop
  endfacet
  facet normal -0.0697477 0.705403 -0.705367
    outer loop
      vertex 124.286 -123.366 1.19
      vertex 124.518 -124.533 0
      vertex 124.073 -124.577 0
    endloop
  endfacet
  facet normal -0.73433 0 -0.678793
    outer loop
      vertex 125.087 -122.708 1.19
      vertex 126.187 -123.162 0
      vertex 126.187 -123.163 0
    endloop
  endfacet
  facet normal -0.677704 0.207259 -0.705521
    outer loop
      vertex 126.187 -123.162 0
      vertex 125.087 -122.708 1.19
      vertex 125.15 -122.502 1.19
    endloop
  endfacet
  facet normal 0.0697477 0.705403 -0.705367
    outer loop
      vertex 123.856 -123.366 1.19
      vertex 124.069 -124.577 0
      vertex 123.624 -124.533 0
    endloop
  endfacet
  facet normal 0.705369 -0.0688965 -0.705484
    outer loop
      vertex 122.971 -122.287 1.19
      vertex 121.781 -122.285 0
      vertex 122.992 -122.072 1.19
    endloop
  endfacet
  facet normal 0.707107 0 -0.707107
    outer loop
      vertex 121.781 -122.285 0
      vertex 122.971 -122.287 1.19
      vertex 121.781 -122.287 0
    endloop
  endfacet
  facet normal 0.678278 -0.206019 -0.705333
    outer loop
      vertex 121.955 -121.412 0
      vertex 122.992 -122.072 1.19
      vertex 121.825 -121.84 0
    endloop
  endfacet
  facet normal 0.317533 0.635066 -0.704176
    outer loop
      vertex 122.797 -124.19 0
      vertex 123.46 -123.202 1.19
      vertex 122.799 -124.191 0
    endloop
  endfacet
  facet normal 0.449544 0.547984 -0.705425
    outer loop
      vertex 123.46 -123.202 1.19
      vertex 122.797 -124.19 0
      vertex 123.293 -123.065 1.19
    endloop
  endfacet
  facet normal 0.207259 0.677704 -0.705521
    outer loop
      vertex 123.196 -124.403 0
      vertex 123.65 -123.303 1.19
      vertex 123.856 -123.366 1.19
    endloop
  endfacet
  facet normal 0 0.73433 -0.678793
    outer loop
      vertex 123.65 -123.303 1.19
      vertex 123.196 -124.403 0
      vertex 123.195 -124.403 0
    endloop
  endfacet
  facet normal 0.333918 0.625108 -0.705506
    outer loop
      vertex 123.65 -123.303 1.19
      vertex 123.195 -124.403 0
      vertex 122.8 -124.192 0
    endloop
  endfacet
  facet normal -0.504913 0.504913 -0.70009
    outer loop
      vertex 125.342 -124.192 0
      vertex 124.682 -123.202 1.19
      vertex 125.343 -124.191 0
    endloop
  endfacet
  facet normal -0.332747 0.625959 -0.705305
    outer loop
      vertex 124.682 -123.202 1.19
      vertex 125.342 -124.192 0
      vertex 124.492 -123.303 1.19
    endloop
  endfacet
  facet normal 0.0697477 -0.705403 -0.705367
    outer loop
      vertex 124.069 -119.997 0
      vertex 123.856 -121.208 1.19
      vertex 123.624 -120.041 0
    endloop
  endfacet
  facet normal 0.625108 -0.333918 -0.705506
    outer loop
      vertex 122.166 -121.016 0
      vertex 123.055 -121.866 1.19
      vertex 121.955 -121.411 0
    endloop
  endfacet
  facet normal 0.677704 -0.207259 -0.705521
    outer loop
      vertex 121.955 -121.412 0
      vertex 123.055 -121.866 1.19
      vertex 122.992 -122.072 1.19
    endloop
  endfacet
  facet normal 0.73433 0 -0.678793
    outer loop
      vertex 123.055 -121.866 1.19
      vertex 121.955 -121.412 0
      vertex 121.955 -121.411 0
    endloop
  endfacet
  facet normal 0.625959 -0.332747 -0.705305
    outer loop
      vertex 122.166 -121.016 0
      vertex 123.156 -121.676 1.19
      vertex 123.055 -121.866 1.19
    endloop
  endfacet
  facet normal 0.504913 -0.504913 -0.70009
    outer loop
      vertex 123.156 -121.676 1.19
      vertex 122.166 -121.016 0
      vertex 122.167 -121.015 0
    endloop
  endfacet
  facet normal 0 -0.707107 -0.707107
    outer loop
      vertex 124.071 -121.187 1.19
      vertex 124.069 -119.997 0
      vertex 124.071 -119.997 0
    endloop
  endfacet
  facet normal 0.0688965 -0.705369 -0.705484
    outer loop
      vertex 124.069 -119.997 0
      vertex 124.071 -121.187 1.19
      vertex 123.856 -121.208 1.19
    endloop
  endfacet
  facet normal -0.467462 -0.884013 0
    outer loop
      vertex 167.87 -129.494 1.19
      vertex 168.061 -129.595 2
      vertex 167.87 -129.494 2
    endloop
  endfacet
  facet normal -0.467462 -0.884013 -0
    outer loop
      vertex 168.061 -129.595 2
      vertex 167.87 -129.494 1.19
      vertex 168.061 -129.595 1.19
    endloop
  endfacet
  facet normal -0.95757 -0.288201 0
    outer loop
      vertex 168.528 -130.295 1.19
      vertex 168.466 -130.089 2
      vertex 168.466 -130.089 1.19
    endloop
  endfacet
  facet normal -0.95757 -0.288201 0
    outer loop
      vertex 168.466 -130.089 2
      vertex 168.528 -130.295 1.19
      vertex 168.528 -130.295 2
    endloop
  endfacet
  facet normal -0.995264 -0.0972118 0
    outer loop
      vertex 168.549 -130.51 1.19
      vertex 168.528 -130.295 2
      vertex 168.528 -130.295 1.19
    endloop
  endfacet
  facet normal -0.995264 -0.0972118 0
    outer loop
      vertex 168.528 -130.295 2
      vertex 168.549 -130.51 1.19
      vertex 168.549 -130.51 2
    endloop
  endfacet
  facet normal -0.881066 -0.472993 0
    outer loop
      vertex 168.466 -130.089 1.19
      vertex 168.364 -129.899 2
      vertex 168.364 -129.899 1.19
    endloop
  endfacet
  facet normal -0.881066 -0.472993 0
    outer loop
      vertex 168.364 -129.899 2
      vertex 168.466 -130.089 1.19
      vertex 168.466 -130.089 2
    endloop
  endfacet
  facet normal -0.95757 0.288201 0
    outer loop
      vertex 168.466 -130.931 1.19
      vertex 168.528 -130.725 2
      vertex 168.528 -130.725 1.19
    endloop
  endfacet
  facet normal -0.95757 0.288201 0
    outer loop
      vertex 168.528 -130.725 2
      vertex 168.466 -130.931 1.19
      vertex 168.466 -130.931 2
    endloop
  endfacet
  facet normal -0.773132 -0.634246 0
    outer loop
      vertex 168.364 -129.899 1.19
      vertex 168.227 -129.732 2
      vertex 168.227 -129.732 1.19
    endloop
  endfacet
  facet normal -0.773132 -0.634246 0
    outer loop
      vertex 168.227 -129.732 2
      vertex 168.364 -129.899 1.19
      vertex 168.364 -129.899 2
    endloop
  endfacet
  facet normal -0.0972118 -0.995264 0
    outer loop
      vertex 167.449 -129.41 1.19
      vertex 167.664 -129.431 2
      vertex 167.449 -129.41 2
    endloop
  endfacet
  facet normal -0.0972118 -0.995264 -0
    outer loop
      vertex 167.664 -129.431 2
      vertex 167.449 -129.41 1.19
      vertex 167.664 -129.431 1.19
    endloop
  endfacet
  facet normal 0.292454 -0.956279 0
    outer loop
      vertex 167.029 -129.494 1.19
      vertex 167.235 -129.431 2
      vertex 167.029 -129.494 2
    endloop
  endfacet
  facet normal 0.292454 -0.956279 0
    outer loop
      vertex 167.235 -129.431 2
      vertex 167.029 -129.494 1.19
      vertex 167.235 -129.431 1.19
    endloop
  endfacet
  facet normal -0.467462 0.884013 0
    outer loop
      vertex 168.061 -131.425 1.19
      vertex 167.87 -131.526 2
      vertex 168.061 -131.425 2
    endloop
  endfacet
  facet normal -0.467462 0.884013 0
    outer loop
      vertex 167.87 -131.526 2
      vertex 168.061 -131.425 1.19
      vertex 167.87 -131.526 1.19
    endloop
  endfacet
  facet normal 0.467462 -0.884013 0
    outer loop
      vertex 166.838 -129.595 1.19
      vertex 167.029 -129.494 2
      vertex 166.838 -129.595 2
    endloop
  endfacet
  facet normal 0.467462 -0.884013 0
    outer loop
      vertex 167.029 -129.494 2
      vertex 166.838 -129.595 1.19
      vertex 167.029 -129.494 1.19
    endloop
  endfacet
  facet normal 0.636521 -0.771259 0
    outer loop
      vertex 166.672 -129.732 1.19
      vertex 166.838 -129.595 2
      vertex 166.672 -129.732 2
    endloop
  endfacet
  facet normal 0.636521 -0.771259 0
    outer loop
      vertex 166.838 -129.595 2
      vertex 166.672 -129.732 1.19
      vertex 166.838 -129.595 1.19
    endloop
  endfacet
  facet normal 0.95757 0.288201 0
    outer loop
      vertex 166.433 -130.931 2
      vertex 166.371 -130.725 1.19
      vertex 166.371 -130.725 2
    endloop
  endfacet
  facet normal 0.95757 0.288201 0
    outer loop
      vertex 166.371 -130.725 1.19
      vertex 166.433 -130.931 2
      vertex 166.433 -130.931 1.19
    endloop
  endfacet
  facet normal -0.636521 0.771259 0
    outer loop
      vertex 168.227 -131.288 1.19
      vertex 168.061 -131.425 2
      vertex 168.227 -131.288 2
    endloop
  endfacet
  facet normal -0.636521 0.771259 0
    outer loop
      vertex 168.061 -131.425 2
      vertex 168.227 -131.288 1.19
      vertex 168.061 -131.425 1.19
    endloop
  endfacet
  facet normal 0.773132 -0.634246 0
    outer loop
      vertex 166.535 -129.899 2
      vertex 166.672 -129.732 1.19
      vertex 166.672 -129.732 2
    endloop
  endfacet
  facet normal 0.773132 -0.634246 0
    outer loop
      vertex 166.672 -129.732 1.19
      vertex 166.535 -129.899 2
      vertex 166.535 -129.899 1.19
    endloop
  endfacet
  facet normal 0.994805 -0.101794 0
    outer loop
      vertex 166.349 -130.51 2
      vertex 166.371 -130.295 1.19
      vertex 166.371 -130.295 2
    endloop
  endfacet
  facet normal 0.994805 -0.101794 0
    outer loop
      vertex 166.371 -130.295 1.19
      vertex 166.349 -130.51 2
      vertex 166.349 -130.51 1.19
    endloop
  endfacet
  facet normal -0.995264 0.0972118 0
    outer loop
      vertex 168.528 -130.725 1.19
      vertex 168.549 -130.51 2
      vertex 168.549 -130.51 1.19
    endloop
  endfacet
  facet normal -0.995264 0.0972118 0
    outer loop
      vertex 168.549 -130.51 2
      vertex 168.528 -130.725 1.19
      vertex 168.528 -130.725 2
    endloop
  endfacet
  facet normal 0.881066 0.472993 0
    outer loop
      vertex 166.535 -131.121 2
      vertex 166.433 -130.931 1.19
      vertex 166.433 -130.931 2
    endloop
  endfacet
  facet normal 0.881066 0.472993 0
    outer loop
      vertex 166.433 -130.931 1.19
      vertex 166.535 -131.121 2
      vertex 166.535 -131.121 1.19
    endloop
  endfacet
  facet normal 0.636521 0.771259 -0
    outer loop
      vertex 166.838 -131.425 1.19
      vertex 166.672 -131.288 2
      vertex 166.838 -131.425 2
    endloop
  endfacet
  facet normal 0.636521 0.771259 0
    outer loop
      vertex 166.672 -131.288 2
      vertex 166.838 -131.425 1.19
      vertex 166.672 -131.288 1.19
    endloop
  endfacet
  facet normal -0.881066 0.472993 0
    outer loop
      vertex 168.364 -131.121 1.19
      vertex 168.466 -130.931 2
      vertex 168.466 -130.931 1.19
    endloop
  endfacet
  facet normal -0.881066 0.472993 0
    outer loop
      vertex 168.466 -130.931 2
      vertex 168.364 -131.121 1.19
      vertex 168.364 -131.121 2
    endloop
  endfacet
  facet normal -0.773132 0.634246 0
    outer loop
      vertex 168.227 -131.288 1.19
      vertex 168.364 -131.121 2
      vertex 168.364 -131.121 1.19
    endloop
  endfacet
  facet normal -0.773132 0.634246 0
    outer loop
      vertex 168.364 -131.121 2
      vertex 168.227 -131.288 1.19
      vertex 168.227 -131.288 2
    endloop
  endfacet
  facet normal 0.881066 -0.472993 0
    outer loop
      vertex 166.433 -130.089 2
      vertex 166.535 -129.899 1.19
      vertex 166.535 -129.899 2
    endloop
  endfacet
  facet normal 0.881066 -0.472993 0
    outer loop
      vertex 166.535 -129.899 1.19
      vertex 166.433 -130.089 2
      vertex 166.433 -130.089 1.19
    endloop
  endfacet
  facet normal 0.95757 -0.288201 0
    outer loop
      vertex 166.371 -130.295 2
      vertex 166.433 -130.089 1.19
      vertex 166.433 -130.089 2
    endloop
  endfacet
  facet normal 0.95757 -0.288201 0
    outer loop
      vertex 166.433 -130.089 1.19
      vertex 166.371 -130.295 2
      vertex 166.371 -130.295 1.19
    endloop
  endfacet
  facet normal -0.292454 0.956279 0
    outer loop
      vertex 167.87 -131.526 1.19
      vertex 167.664 -131.589 2
      vertex 167.87 -131.526 2
    endloop
  endfacet
  facet normal -0.292454 0.956279 0
    outer loop
      vertex 167.664 -131.589 2
      vertex 167.87 -131.526 1.19
      vertex 167.664 -131.589 1.19
    endloop
  endfacet
  facet normal 0.292454 0.956279 -0
    outer loop
      vertex 167.235 -131.589 1.19
      vertex 167.029 -131.526 2
      vertex 167.235 -131.589 2
    endloop
  endfacet
  facet normal 0.292454 0.956279 0
    outer loop
      vertex 167.029 -131.526 2
      vertex 167.235 -131.589 1.19
      vertex 167.029 -131.526 1.19
    endloop
  endfacet
  facet normal -0.636521 -0.771259 0
    outer loop
      vertex 168.061 -129.595 1.19
      vertex 168.227 -129.732 2
      vertex 168.061 -129.595 2
    endloop
  endfacet
  facet normal -0.636521 -0.771259 -0
    outer loop
      vertex 168.227 -129.732 2
      vertex 168.061 -129.595 1.19
      vertex 168.227 -129.732 1.19
    endloop
  endfacet
  facet normal 0.0976617 -0.99522 0
    outer loop
      vertex 167.235 -129.431 1.19
      vertex 167.449 -129.41 2
      vertex 167.235 -129.431 2
    endloop
  endfacet
  facet normal 0.0976617 -0.99522 0
    outer loop
      vertex 167.449 -129.41 2
      vertex 167.235 -129.431 1.19
      vertex 167.449 -129.41 1.19
    endloop
  endfacet
  facet normal -0.0972118 0.995264 0
    outer loop
      vertex 167.664 -131.589 1.19
      vertex 167.449 -131.61 2
      vertex 167.664 -131.589 2
    endloop
  endfacet
  facet normal -0.0972118 0.995264 0
    outer loop
      vertex 167.449 -131.61 2
      vertex 167.664 -131.589 1.19
      vertex 167.449 -131.61 1.19
    endloop
  endfacet
  facet normal 0.773132 0.634246 0
    outer loop
      vertex 166.672 -131.288 2
      vertex 166.535 -131.121 1.19
      vertex 166.535 -131.121 2
    endloop
  endfacet
  facet normal 0.773132 0.634246 0
    outer loop
      vertex 166.535 -131.121 1.19
      vertex 166.672 -131.288 2
      vertex 166.672 -131.288 1.19
    endloop
  endfacet
  facet normal -0.292454 -0.956279 0
    outer loop
      vertex 167.664 -129.431 1.19
      vertex 167.87 -129.494 2
      vertex 167.664 -129.431 2
    endloop
  endfacet
  facet normal -0.292454 -0.956279 -0
    outer loop
      vertex 167.87 -129.494 2
      vertex 167.664 -129.431 1.19
      vertex 167.87 -129.494 1.19
    endloop
  endfacet
  facet normal 0.994805 0.101794 0
    outer loop
      vertex 166.371 -130.725 2
      vertex 166.349 -130.51 1.19
      vertex 166.349 -130.51 2
    endloop
  endfacet
  facet normal 0.994805 0.101794 0
    outer loop
      vertex 166.349 -130.51 1.19
      vertex 166.371 -130.725 2
      vertex 166.371 -130.725 1.19
    endloop
  endfacet
  facet normal 0.0976617 0.99522 -0
    outer loop
      vertex 167.449 -131.61 1.19
      vertex 167.235 -131.589 2
      vertex 167.449 -131.61 2
    endloop
  endfacet
  facet normal 0.0976617 0.99522 0
    outer loop
      vertex 167.235 -131.589 2
      vertex 167.449 -131.61 1.19
      vertex 167.235 -131.589 1.19
    endloop
  endfacet
  facet normal 0.467462 0.884013 -0
    outer loop
      vertex 167.029 -131.526 1.19
      vertex 166.838 -131.425 2
      vertex 167.029 -131.526 2
    endloop
  endfacet
  facet normal 0.467462 0.884013 0
    outer loop
      vertex 166.838 -131.425 2
      vertex 167.029 -131.526 1.19
      vertex 166.838 -131.425 1.19
    endloop
  endfacet
  facet normal -0.705462 -0.0681682 -0.705462
    outer loop
      vertex 169.696 -130.065 0
      vertex 169.739 -130.51 0
      vertex 168.549 -130.51 1.19
    endloop
  endfacet
  facet normal 0.499987 0.499987 -0.707125
    outer loop
      vertex 165.829 -132.128 0
      vertex 166.672 -131.288 1.19
      vertex 165.83 -132.129 0
    endloop
  endfacet
  facet normal 0.547948 0.449514 -0.705472
    outer loop
      vertex 166.672 -131.288 1.19
      vertex 165.829 -132.128 0
      vertex 166.535 -131.121 1.19
    endloop
  endfacet
  facet normal 0.206019 0.678278 -0.705333
    outer loop
      vertex 167.235 -131.589 1.19
      vertex 167.003 -132.756 0
      vertex 166.575 -132.626 0
    endloop
  endfacet
  facet normal -0.547999 0.449518 -0.705429
    outer loop
      vertex 169.352 -131.784 0
      vertex 169.069 -132.129 0
      vertex 168.227 -131.288 1.19
    endloop
  endfacet
  facet normal 0.449708 0.547883 -0.705398
    outer loop
      vertex 166.672 -131.288 1.19
      vertex 166.176 -132.413 0
      vertex 165.83 -132.129 0
    endloop
  endfacet
  facet normal 0.0697477 -0.705403 -0.705367
    outer loop
      vertex 167.448 -128.22 0
      vertex 167.235 -129.431 1.19
      vertex 167.003 -128.264 0
    endloop
  endfacet
  facet normal 0.207259 0.677704 -0.705521
    outer loop
      vertex 166.575 -132.626 0
      vertex 167.029 -131.526 1.19
      vertex 167.235 -131.589 1.19
    endloop
  endfacet
  facet normal 0 0.73433 -0.678793
    outer loop
      vertex 167.029 -131.526 1.19
      vertex 166.575 -132.626 0
      vertex 166.573 -132.626 0
    endloop
  endfacet
  facet normal -0.705462 0.0681682 -0.705462
    outer loop
      vertex 169.739 -130.51 0
      vertex 169.696 -130.955 0
      vertex 168.549 -130.51 1.19
    endloop
  endfacet
  facet normal -0.504763 0.504763 -0.700306
    outer loop
      vertex 169.352 -131.784 0
      vertex 168.364 -131.121 1.19
      vertex 169.354 -131.782 0
    endloop
  endfacet
  facet normal -0.547984 0.449544 -0.705425
    outer loop
      vertex 168.364 -131.121 1.19
      vertex 169.352 -131.784 0
      vertex 168.227 -131.288 1.19
    endloop
  endfacet
  facet normal 0.705385 -0.0697459 -0.705385
    outer loop
      vertex 165.203 -130.065 0
      vertex 166.349 -130.51 1.19
      vertex 165.159 -130.51 0
    endloop
  endfacet
  facet normal 0 0.73433 -0.678793
    outer loop
      vertex 168.324 -132.626 0
      vertex 167.87 -131.526 1.19
      vertex 168.326 -132.626 0
    endloop
  endfacet
  facet normal -0.207259 0.677704 -0.705521
    outer loop
      vertex 167.87 -131.526 1.19
      vertex 168.324 -132.626 0
      vertex 167.664 -131.589 1.19
    endloop
  endfacet
  facet normal 0.678005 0.205936 -0.70562
    outer loop
      vertex 166.371 -130.725 1.19
      vertex 165.333 -131.385 0
      vertex 165.203 -130.957 0
    endloop
  endfacet
  facet normal 0.206019 -0.678278 -0.705333
    outer loop
      vertex 167.003 -128.264 0
      vertex 167.235 -129.431 1.19
      vertex 166.575 -128.394 0
    endloop
  endfacet
  facet normal -0.206019 0.678278 -0.705333
    outer loop
      vertex 168.324 -132.626 0
      vertex 167.896 -132.756 0
      vertex 167.664 -131.589 1.19
    endloop
  endfacet
  facet normal 0.547806 -0.449644 -0.705498
    outer loop
      vertex 165.829 -128.892 0
      vertex 166.535 -129.899 1.19
      vertex 165.545 -129.238 0
    endloop
  endfacet
  facet normal 0.704811 0.0721202 -0.70572
    outer loop
      vertex 166.371 -130.725 1.19
      vertex 165.203 -130.955 0
      vertex 166.349 -130.51 1.19
    endloop
  endfacet
  facet normal 0.713673 0 -0.700479
    outer loop
      vertex 165.203 -130.955 0
      vertex 166.371 -130.725 1.19
      vertex 165.203 -130.957 0
    endloop
  endfacet
  facet normal -0.504763 -0.504763 -0.700306
    outer loop
      vertex 168.364 -129.899 1.19
      vertex 169.352 -129.236 0
      vertex 169.354 -129.238 0
    endloop
  endfacet
  facet normal -0.547984 -0.449544 -0.705425
    outer loop
      vertex 169.352 -129.236 0
      vertex 168.364 -129.899 1.19
      vertex 168.227 -129.732 1.19
    endloop
  endfacet
  facet normal -0.0697477 -0.705403 -0.705367
    outer loop
      vertex 167.896 -128.264 0
      vertex 167.664 -129.431 1.19
      vertex 167.451 -128.22 0
    endloop
  endfacet
  facet normal 0.207259 -0.677704 -0.705521
    outer loop
      vertex 167.029 -129.494 1.19
      vertex 166.575 -128.394 0
      vertex 167.235 -129.431 1.19
    endloop
  endfacet
  facet normal -0 -0.73433 -0.678793
    outer loop
      vertex 166.575 -128.394 0
      vertex 167.029 -129.494 1.19
      vertex 166.573 -128.394 0
    endloop
  endfacet
  facet normal -0.633398 -0.316699 -0.706052
    outer loop
      vertex 168.466 -130.089 1.19
      vertex 169.564 -129.632 0
      vertex 169.565 -129.634 0
    endloop
  endfacet
  facet normal -0.624694 -0.335362 -0.705188
    outer loop
      vertex 169.564 -129.632 0
      vertex 168.466 -130.089 1.19
      vertex 168.364 -129.899 1.19
    endloop
  endfacet
  facet normal -0.334528 0.624664 -0.70561
    outer loop
      vertex 168.72 -132.415 0
      vertex 168.326 -132.626 0
      vertex 167.87 -131.526 1.19
    endloop
  endfacet
  facet normal 0.547948 -0.449514 -0.705472
    outer loop
      vertex 165.829 -128.892 0
      vertex 166.672 -129.732 1.19
      vertex 166.535 -129.899 1.19
    endloop
  endfacet
  facet normal 0.499987 -0.499987 -0.707125
    outer loop
      vertex 166.672 -129.732 1.19
      vertex 165.829 -128.892 0
      vertex 165.83 -128.891 0
    endloop
  endfacet
  facet normal 0.451342 -0.546881 -0.705132
    outer loop
      vertex 166.176 -128.607 0
      vertex 166.838 -129.595 1.19
      vertex 166.672 -129.732 1.19
    endloop
  endfacet
  facet normal 0.504913 -0.504913 -0.70009
    outer loop
      vertex 166.838 -129.595 1.19
      vertex 166.176 -128.607 0
      vertex 166.177 -128.606 0
    endloop
  endfacet
  facet normal 0.449708 -0.547883 -0.705398
    outer loop
      vertex 166.176 -128.607 0
      vertex 166.672 -129.732 1.19
      vertex 165.83 -128.891 0
    endloop
  endfacet
  facet normal -0.62534 0.334042 -0.705242
    outer loop
      vertex 169.565 -131.386 0
      vertex 169.354 -131.781 0
      vertex 168.466 -130.931 1.19
    endloop
  endfacet
  facet normal -0.449708 -0.547883 -0.705398
    outer loop
      vertex 168.723 -128.607 0
      vertex 169.069 -128.891 0
      vertex 168.227 -129.732 1.19
    endloop
  endfacet
  facet normal 0.519501 0.519501 -0.678408
    outer loop
      vertex 165.333 -131.385 0
      vertex 166.433 -130.931 1.19
      vertex 165.334 -131.386 0
    endloop
  endfacet
  facet normal 0.678765 0.204288 -0.705368
    outer loop
      vertex 166.433 -130.931 1.19
      vertex 165.333 -131.385 0
      vertex 166.371 -130.725 1.19
    endloop
  endfacet
  facet normal 0 -0.73433 -0.678793
    outer loop
      vertex 167.87 -129.494 1.19
      vertex 168.324 -128.394 0
      vertex 168.326 -128.394 0
    endloop
  endfacet
  facet normal -0.207259 -0.677704 -0.705521
    outer loop
      vertex 168.324 -128.394 0
      vertex 167.87 -129.494 1.19
      vertex 167.664 -129.431 1.19
    endloop
  endfacet
  facet normal 0.705385 0.0697459 -0.705385
    outer loop
      vertex 166.349 -130.51 1.19
      vertex 165.203 -130.955 0
      vertex 165.159 -130.51 0
    endloop
  endfacet
  facet normal 0.678765 -0.204288 -0.705368
    outer loop
      vertex 165.333 -129.635 0
      vertex 166.433 -130.089 1.19
      vertex 166.371 -130.295 1.19
    endloop
  endfacet
  facet normal 0.519501 -0.519501 -0.678408
    outer loop
      vertex 166.433 -130.089 1.19
      vertex 165.333 -129.635 0
      vertex 165.334 -129.634 0
    endloop
  endfacet
  facet normal 0.678005 -0.205936 -0.70562
    outer loop
      vertex 165.333 -129.635 0
      vertex 166.371 -130.295 1.19
      vertex 165.203 -130.063 0
    endloop
  endfacet
  facet normal 0 0.707107 -0.707107
    outer loop
      vertex 167.448 -132.8 0
      vertex 167.449 -131.61 1.19
      vertex 167.449 -132.8 0
    endloop
  endfacet
  facet normal 0.0692197 0.705382 -0.70544
    outer loop
      vertex 167.449 -131.61 1.19
      vertex 167.448 -132.8 0
      vertex 167.235 -131.589 1.19
    endloop
  endfacet
  facet normal 0.0697477 0.705403 -0.705367
    outer loop
      vertex 167.235 -131.589 1.19
      vertex 167.448 -132.8 0
      vertex 167.003 -132.756 0
    endloop
  endfacet
  facet normal 0.625434 0.333353 -0.705484
    outer loop
      vertex 166.535 -131.121 1.19
      vertex 165.545 -131.782 0
      vertex 165.335 -131.388 0
    endloop
  endfacet
  facet normal 0.713673 0 -0.700479
    outer loop
      vertex 166.371 -130.295 1.19
      vertex 165.203 -130.065 0
      vertex 165.203 -130.063 0
    endloop
  endfacet
  facet normal 0.704811 -0.0721202 -0.70572
    outer loop
      vertex 165.203 -130.065 0
      vertex 166.371 -130.295 1.19
      vertex 166.349 -130.51 1.19
    endloop
  endfacet
  facet normal 0.334528 -0.624664 -0.70561
    outer loop
      vertex 166.573 -128.394 0
      vertex 167.029 -129.494 1.19
      vertex 166.179 -128.605 0
    endloop
  endfacet
  facet normal -0.206019 -0.678278 -0.705333
    outer loop
      vertex 167.896 -128.264 0
      vertex 168.324 -128.394 0
      vertex 167.664 -129.431 1.19
    endloop
  endfacet
  facet normal -0.451342 -0.546881 -0.705132
    outer loop
      vertex 168.061 -129.595 1.19
      vertex 168.723 -128.607 0
      vertex 168.227 -129.732 1.19
    endloop
  endfacet
  facet normal -0.504913 -0.504913 -0.70009
    outer loop
      vertex 168.723 -128.607 0
      vertex 168.061 -129.595 1.19
      vertex 168.722 -128.606 0
    endloop
  endfacet
  facet normal 0.331487 -0.626872 -0.705087
    outer loop
      vertex 166.838 -129.595 1.19
      vertex 166.179 -128.605 0
      vertex 167.029 -129.494 1.19
    endloop
  endfacet
  facet normal 0.317533 -0.635066 -0.704176
    outer loop
      vertex 166.179 -128.605 0
      vertex 166.838 -129.595 1.19
      vertex 166.177 -128.606 0
    endloop
  endfacet
  facet normal 0.547806 0.449644 -0.705498
    outer loop
      vertex 166.535 -131.121 1.19
      vertex 165.829 -132.128 0
      vertex 165.545 -131.782 0
    endloop
  endfacet
  facet normal -0.0688965 -0.705369 -0.705484
    outer loop
      vertex 167.449 -129.41 1.19
      vertex 167.451 -128.22 0
      vertex 167.664 -129.431 1.19
    endloop
  endfacet
  facet normal -0 -0.707107 -0.707107
    outer loop
      vertex 167.451 -128.22 0
      vertex 167.449 -129.41 1.19
      vertex 167.449 -128.22 0
    endloop
  endfacet
  facet normal -0.678647 -0.204545 -0.705408
    outer loop
      vertex 169.566 -129.635 0
      vertex 169.695 -130.063 0
      vertex 168.528 -130.295 1.19
    endloop
  endfacet
  facet normal -0.547999 -0.449518 -0.705429
    outer loop
      vertex 169.069 -128.891 0
      vertex 169.352 -129.236 0
      vertex 168.227 -129.732 1.19
    endloop
  endfacet
  facet normal 0 -0.707107 -0.707107
    outer loop
      vertex 167.449 -129.41 1.19
      vertex 167.448 -128.22 0
      vertex 167.449 -128.22 0
    endloop
  endfacet
  facet normal 0.0692197 -0.705382 -0.70544
    outer loop
      vertex 167.448 -128.22 0
      vertex 167.449 -129.41 1.19
      vertex 167.235 -129.431 1.19
    endloop
  endfacet
  facet normal -0.678647 0.204545 -0.705408
    outer loop
      vertex 169.695 -130.957 0
      vertex 169.566 -131.385 0
      vertex 168.528 -130.725 1.19
    endloop
  endfacet
  facet normal -0.643835 0.321917 -0.694151
    outer loop
      vertex 168.528 -130.725 1.19
      vertex 169.696 -130.955 0
      vertex 169.695 -130.957 0
    endloop
  endfacet
  facet normal -0.705289 0.0688887 -0.705565
    outer loop
      vertex 169.696 -130.955 0
      vertex 168.528 -130.725 1.19
      vertex 168.549 -130.51 1.19
    endloop
  endfacet
  facet normal -0.768751 0 -0.639549
    outer loop
      vertex 168.364 -131.121 1.19
      vertex 169.354 -131.781 0
      vertex 169.354 -131.782 0
    endloop
  endfacet
  facet normal -0.624467 0.33524 -0.705446
    outer loop
      vertex 169.354 -131.781 0
      vertex 168.364 -131.121 1.19
      vertex 168.466 -130.931 1.19
    endloop
  endfacet
  facet normal -0.317533 -0.635066 -0.704176
    outer loop
      vertex 168.061 -129.595 1.19
      vertex 168.72 -128.605 0
      vertex 168.722 -128.606 0
    endloop
  endfacet
  facet normal -0.331487 -0.626872 -0.705087
    outer loop
      vertex 168.72 -128.605 0
      vertex 168.061 -129.595 1.19
      vertex 167.87 -129.494 1.19
    endloop
  endfacet
  facet normal 0.625434 -0.333353 -0.705484
    outer loop
      vertex 165.545 -129.238 0
      vertex 166.535 -129.899 1.19
      vertex 165.335 -129.632 0
    endloop
  endfacet
  facet normal 0.624694 -0.335362 -0.705188
    outer loop
      vertex 166.433 -130.089 1.19
      vertex 165.335 -129.632 0
      vertex 166.535 -129.899 1.19
    endloop
  endfacet
  facet normal 0.633398 -0.316699 -0.706052
    outer loop
      vertex 165.335 -129.632 0
      vertex 166.433 -130.089 1.19
      vertex 165.334 -129.634 0
    endloop
  endfacet
  facet normal 0.334528 0.624664 -0.70561
    outer loop
      vertex 167.029 -131.526 1.19
      vertex 166.573 -132.626 0
      vertex 166.179 -132.415 0
    endloop
  endfacet
  facet normal -0.449708 0.547883 -0.705398
    outer loop
      vertex 169.069 -132.129 0
      vertex 168.723 -132.413 0
      vertex 168.227 -131.288 1.19
    endloop
  endfacet
  facet normal -0.0697477 0.705403 -0.705367
    outer loop
      vertex 167.664 -131.589 1.19
      vertex 167.896 -132.756 0
      vertex 167.451 -132.8 0
    endloop
  endfacet
  facet normal 0.624694 0.335362 -0.705188
    outer loop
      vertex 165.335 -131.388 0
      vertex 166.433 -130.931 1.19
      vertex 166.535 -131.121 1.19
    endloop
  endfacet
  facet normal 0.633398 0.316699 -0.706052
    outer loop
      vertex 166.433 -130.931 1.19
      vertex 165.335 -131.388 0
      vertex 165.334 -131.386 0
    endloop
  endfacet
  facet normal -0.625434 -0.333353 -0.705484
    outer loop
      vertex 169.354 -129.238 0
      vertex 169.564 -129.632 0
      vertex 168.364 -129.899 1.19
    endloop
  endfacet
  facet normal -0.678765 -0.204288 -0.705368
    outer loop
      vertex 168.466 -130.089 1.19
      vertex 169.566 -129.635 0
      vertex 168.528 -130.295 1.19
    endloop
  endfacet
  facet normal -0.519501 -0.519501 -0.678408
    outer loop
      vertex 169.566 -129.635 0
      vertex 168.466 -130.089 1.19
      vertex 169.565 -129.634 0
    endloop
  endfacet
  facet normal -0.334528 -0.624664 -0.70561
    outer loop
      vertex 168.326 -128.394 0
      vertex 168.72 -128.605 0
      vertex 167.87 -129.494 1.19
    endloop
  endfacet
  facet normal 0.331487 0.626872 -0.705087
    outer loop
      vertex 166.179 -132.415 0
      vertex 166.838 -131.425 1.19
      vertex 167.029 -131.526 1.19
    endloop
  endfacet
  facet normal 0.317533 0.635066 -0.704176
    outer loop
      vertex 166.838 -131.425 1.19
      vertex 166.179 -132.415 0
      vertex 166.177 -132.414 0
    endloop
  endfacet
  facet normal -0.643835 -0.321917 -0.694151
    outer loop
      vertex 169.696 -130.065 0
      vertex 168.528 -130.295 1.19
      vertex 169.695 -130.063 0
    endloop
  endfacet
  facet normal -0.705289 -0.0688887 -0.705565
    outer loop
      vertex 168.528 -130.295 1.19
      vertex 169.696 -130.065 0
      vertex 168.549 -130.51 1.19
    endloop
  endfacet
  facet normal 0 0.707107 -0.707107
    outer loop
      vertex 167.449 -131.61 1.19
      vertex 167.451 -132.8 0
      vertex 167.449 -132.8 0
    endloop
  endfacet
  facet normal -0.0688965 0.705369 -0.705484
    outer loop
      vertex 167.451 -132.8 0
      vertex 167.449 -131.61 1.19
      vertex 167.664 -131.589 1.19
    endloop
  endfacet
  facet normal -0.519501 0.519501 -0.678408
    outer loop
      vertex 168.466 -130.931 1.19
      vertex 169.566 -131.385 0
      vertex 169.565 -131.386 0
    endloop
  endfacet
  facet normal -0.678765 0.204288 -0.705368
    outer loop
      vertex 169.566 -131.385 0
      vertex 168.466 -130.931 1.19
      vertex 168.528 -130.725 1.19
    endloop
  endfacet
  facet normal -0.317533 0.635066 -0.704176
    outer loop
      vertex 168.72 -132.415 0
      vertex 168.061 -131.425 1.19
      vertex 168.722 -132.414 0
    endloop
  endfacet
  facet normal -0.331487 0.626872 -0.705087
    outer loop
      vertex 168.061 -131.425 1.19
      vertex 168.72 -132.415 0
      vertex 167.87 -131.526 1.19
    endloop
  endfacet
  facet normal -0.504913 0.504913 -0.70009
    outer loop
      vertex 168.061 -131.425 1.19
      vertex 168.723 -132.413 0
      vertex 168.722 -132.414 0
    endloop
  endfacet
  facet normal -0.451342 0.546881 -0.705132
    outer loop
      vertex 168.723 -132.413 0
      vertex 168.061 -131.425 1.19
      vertex 168.227 -131.288 1.19
    endloop
  endfacet
  facet normal 0.504913 0.504913 -0.70009
    outer loop
      vertex 166.176 -132.413 0
      vertex 166.838 -131.425 1.19
      vertex 166.177 -132.414 0
    endloop
  endfacet
  facet normal 0.451342 0.546881 -0.705132
    outer loop
      vertex 166.838 -131.425 1.19
      vertex 166.176 -132.413 0
      vertex 166.672 -131.288 1.19
    endloop
  endfacet
  facet normal -1 0 0
    outer loop
      vertex 81 -116 0
      vertex 81 -108 2
      vertex 81 -108 0
    endloop
  endfacet
  facet normal -1 -0 0
    outer loop
      vertex 81 -108 2
      vertex 81 -116 0
      vertex 81 -116 2
    endloop
  endfacet
  facet normal 1 -0 0
    outer loop
      vertex 79 -116 2
      vertex 79 -108 0
      vertex 79 -108 2
    endloop
  endfacet
  facet normal 1 0 0
    outer loop
      vertex 79 -108 0
      vertex 79 -116 2
      vertex 79 -116 0
    endloop
  endfacet
  facet normal 0 -1 0
    outer loop
      vertex 79 -108 0
      vertex 81 -108 2
      vertex 79 -108 2
    endloop
  endfacet
  facet normal 0 -1 -0
    outer loop
      vertex 81 -108 2
      vertex 79 -108 0
      vertex 81 -108 0
    endloop
  endfacet
  facet normal 0 1 -0
    outer loop
      vertex 81 -116 0
      vertex 79 -116 2
      vertex 81 -116 2
    endloop
  endfacet
  facet normal 0 1 0
    outer loop
      vertex 79 -116 2
      vertex 81 -116 0
      vertex 79 -116 0
    endloop
  endfacet
  facet normal -1 0 0
    outer loop
      vertex 109 -126 0
      vertex 109 -118 2
      vertex 109 -118 0
    endloop
  endfacet
  facet normal -1 -0 0
    outer loop
      vertex 109 -118 2
      vertex 109 -126 0
      vertex 109 -126 2
    endloop
  endfacet
  facet normal 1 -0 0
    outer loop
      vertex 107 -126 2
      vertex 107 -118 0
      vertex 107 -118 2
    endloop
  endfacet
  facet normal 1 0 0
    outer loop
      vertex 107 -118 0
      vertex 107 -126 2
      vertex 107 -126 0
    endloop
  endfacet
  facet normal 0 -1 0
    outer loop
      vertex 107 -118 0
      vertex 109 -118 2
      vertex 107 -118 2
    endloop
  endfacet
  facet normal 0 -1 -0
    outer loop
      vertex 109 -118 2
      vertex 107 -118 0
      vertex 109 -118 0
    endloop
  endfacet
  facet normal 0 1 -0
    outer loop
      vertex 109 -126 0
      vertex 107 -126 2
      vertex 109 -126 2
    endloop
  endfacet
  facet normal 0 1 0
    outer loop
      vertex 107 -126 2
      vertex 109 -126 0
      vertex 107 -126 0
    endloop
  endfacet
  facet normal -1 0 0
    outer loop
      vertex 137 -120 0
      vertex 137 -112 2
      vertex 137 -112 0
    endloop
  endfacet
  facet normal -1 -0 0
    outer loop
      vertex 137 -112 2
      vertex 137 -120 0
      vertex 137 -120 2
    endloop
  endfacet
  facet normal 1 -0 0
    outer loop
      vertex 135 -120 2
      vertex 135 -112 0
      vertex 135 -112 2
    endloop
  endfacet
  facet normal 1 0 0
    outer loop
      vertex 135 -112 0
      vertex 135 -120 2
      vertex 135 -120 0
    endloop
  endfacet
  facet normal 0 -1 0
    outer loop
      vertex 135 -112 0
      vertex 137 -112 2
      vertex 135 -112 2
    endloop
  endfacet
  facet normal 0 -1 -0
    outer loop
      vertex 137 -112 2
      vertex 135 -112 0
      vertex 137 -112 0
    endloop
  endfacet
  facet normal 0 1 -0
    outer loop
      vertex 137 -120 0
      vertex 135 -120 2
      vertex 137 -120 2
    endloop
  endfacet
  facet normal 0 1 0
    outer loop
      vertex 135 -120 2
      vertex 137 -120 0
      vertex 135 -120 0
    endloop
  endfacet
  facet normal -1 0 0
    outer loop
      vertex 101 -100 0
      vertex 101 -92 2
      vertex 101 -92 0
    endloop
  endfacet
  facet normal -1 -0 0
    outer loop
      vertex 101 -92 2
      vertex 101 -100 0
      vertex 101 -100 2
    endloop
  endfacet
  facet normal 1 -0 0
    outer loop
      vertex 99 -100 2
      vertex 99 -92 0
      vertex 99 -92 2
    endloop
  endfacet
  facet normal 1 0 0
    outer loop
      vertex 99 -92 0
      vertex 99 -100 2
      vertex 99 -100 0
    endloop
  endfacet
  facet normal 0 -1 0
    outer loop
      vertex 99 -92 0
      vertex 101 -92 2
      vertex 99 -92 2
    endloop
  endfacet
  facet normal 0 -1 -0
    outer loop
      vertex 101 -92 2
      vertex 99 -92 0
      vertex 101 -92 0
    endloop
  endfacet
  facet normal 0 1 -0
    outer loop
      vertex 101 -100 0
      vertex 99 -100 2
      vertex 101 -100 2
    endloop
  endfacet
  facet normal 0 1 0
    outer loop
      vertex 99 -100 2
      vertex 101 -100 0
      vertex 99 -100 0
    endloop
  endfacet
  facet normal -1 0 0
    outer loop
      vertex 177.571 -55.5371 2
      vertex 177.571 -53.5371 9
      vertex 177.571 -53.5371 2
    endloop
  endfacet
  facet normal -1 -0 0
    outer loop
      vertex 177.571 -53.5371 9
      vertex 177.571 -55.5371 2
      vertex 177.571 -55.5371 9
    endloop
  endfacet
  facet normal 1 -0 0
    outer loop
      vertex 163.571 -55.5371 9
      vertex 163.571 -53.5371 2
      vertex 163.571 -53.5371 9
    endloop
  endfacet
  facet normal 1 0 0
    outer loop
      vertex 163.571 -53.5371 2
      vertex 163.571 -55.5371 9
      vertex 163.571 -55.5371 2
    endloop
  endfacet
  facet normal -1 0 0
    outer loop
      vertex 173.071 -62.9869 0
      vertex 173.071 -53.5371 2
      vertex 173.071 -53.5371 0
    endloop
  endfacet
  facet normal -1 -0 0
    outer loop
      vertex 173.071 -53.5371 2
      vertex 173.071 -62.9869 0
      vertex 173.071 -62.9869 2
    endloop
  endfacet
  facet normal 1 -0 0
    outer loop
      vertex 168.071 -62.9869 2
      vertex 168.071 -53.5371 0
      vertex 168.071 -53.5371 2
    endloop
  endfacet
  facet normal 1 0 0
    outer loop
      vertex 168.071 -53.5371 0
      vertex 168.071 -62.9869 2
      vertex 168.071 -62.9869 0
    endloop
  endfacet
  facet normal 0 1 -0
    outer loop
      vertex 173.071 -62.9869 0
      vertex 168.071 -62.9869 2
      vertex 173.071 -62.9869 2
    endloop
  endfacet
  facet normal 0 1 0
    outer loop
      vertex 168.071 -62.9869 2
      vertex 173.071 -62.9869 0
      vertex 168.071 -62.9869 0
    endloop
  endfacet
endsolid OpenSCAD_Model
