solid OpenSCAD_Model
  facet normal 1 -0 0
    outer loop
      vertex 4 8 1.3
      vertex 4 22 0
      vertex 4 22 1.3
    endloop
  endfacet
  facet normal 1 0 0
    outer loop
      vertex 4 22 0
      vertex 4 8 1.3
      vertex 4 8 0
    endloop
  endfacet
  facet normal 0 -1 0
    outer loop
      vertex 4 22 0
      vertex 18 22 1.3
      vertex 4 22 1.3
    endloop
  endfacet
  facet normal 0 -1 -0
    outer loop
      vertex 18 22 1.3
      vertex 4 22 0
      vertex 18 22 0
    endloop
  endfacet
  facet normal -1 0 0
    outer loop
      vertex 18 8 0
      vertex 18 22 1.3
      vertex 18 22 0
    endloop
  endfacet
  facet normal -1 -0 0
    outer loop
      vertex 18 22 1.3
      vertex 18 8 0
      vertex 18 8 1.3
    endloop
  endfacet
  facet normal 0 1 -0
    outer loop
      vertex 18 8 0
      vertex 4 8 1.3
      vertex 18 8 1.3
    endloop
  endfacet
  facet normal 0 1 0
    outer loop
      vertex 4 8 1.3
      vertex 18 8 0
      vertex 4 8 0
    endloop
  endfacet
  facet normal -0 0 1
    outer loop
      vertex 11.5033 6.08446 0.9
      vertex 12.1839 5.67328 0.9
      vertex 12.1151 6.42683 0.9
    endloop
  endfacet
  facet normal -0 0 1
    outer loop
      vertex 11.4107 6.61256 0.9
      vertex 12.1151 6.42683 0.9
      vertex 11.9086 6.96442 0.9
    endloop
  endfacet
  facet normal 0 0 1
    outer loop
      vertex 12.1839 5.67328 0.9
      vertex 11.5033 6.08446 0.9
      vertex 11.5146 5.67328 0.9
    endloop
  endfacet
  facet normal 0 0 1
    outer loop
      vertex 11.3247 6.7603 0.9
      vertex 11.9086 6.96442 0.9
      vertex 11.5538 7.28662 0.9
    endloop
  endfacet
  facet normal 0 0 1
    outer loop
      vertex 11.503 5.27571 0.9
      vertex 12.1839 5.67328 0.9
      vertex 11.5146 5.67328 0.9
    endloop
  endfacet
  facet normal -0 0 1
    outer loop
      vertex 11.4683 4.97072 0.9
      vertex 12.1112 4.9286 0.9
      vertex 11.503 5.27571 0.9
    endloop
  endfacet
  facet normal 0 0 1
    outer loop
      vertex 12.1839 5.67328 0.9
      vertex 11.503 5.27571 0.9
      vertex 12.1112 4.9286 0.9
    endloop
  endfacet
  facet normal 0 0 1
    outer loop
      vertex 12.1151 6.42683 0.9
      vertex 11.4695 6.39241 0.9
      vertex 11.5033 6.08446 0.9
    endloop
  endfacet
  facet normal 0 0 1
    outer loop
      vertex 12.1151 6.42683 0.9
      vertex 11.4107 6.61256 0.9
      vertex 11.4695 6.39241 0.9
    endloop
  endfacet
  facet normal 0 0 1
    outer loop
      vertex 11.9086 6.96442 0.9
      vertex 11.3247 6.7603 0.9
      vertex 11.4107 6.61256 0.9
    endloop
  endfacet
  facet normal 0 0 1
    outer loop
      vertex 11.5538 7.28662 0.9
      vertex 11.2025 6.84396 0.9
      vertex 11.3247 6.7603 0.9
    endloop
  endfacet
  facet normal 0 0 1
    outer loop
      vertex 11.0399 7.39401 0.9
      vertex 11.2025 6.84396 0.9
      vertex 11.5538 7.28662 0.9
    endloop
  endfacet
  facet normal 0 0 1
    outer loop
      vertex 11.0399 7.39401 0.9
      vertex 11.0352 6.87184 0.9
      vertex 11.2025 6.84396 0.9
    endloop
  endfacet
  facet normal 0 0 1
    outer loop
      vertex 11.0399 7.39401 0.9
      vertex 10.858 6.84366 0.9
      vertex 11.0352 6.87184 0.9
    endloop
  endfacet
  facet normal -0 0 1
    outer loop
      vertex 10.6673 7.34891 0.9
      vertex 10.858 6.84366 0.9
      vertex 11.0399 7.39401 0.9
    endloop
  endfacet
  facet normal 0 0 1
    outer loop
      vertex 10.858 6.84366 0.9
      vertex 10.6673 7.34891 0.9
      vertex 10.7302 6.75911 0.9
    endloop
  endfacet
  facet normal -0 0 1
    outer loop
      vertex 10.3754 7.21362 0.9
      vertex 10.7302 6.75911 0.9
      vertex 10.6673 7.34891 0.9
    endloop
  endfacet
  facet normal -0 0 1
    outer loop
      vertex 10.1552 6.9834 0.9
      vertex 10.7302 6.75911 0.9
      vertex 10.3754 7.21362 0.9
    endloop
  endfacet
  facet normal 0 0 1
    outer loop
      vertex 10.7302 6.75911 0.9
      vertex 10.1552 6.9834 0.9
      vertex 10.6418 6.61078 0.9
    endloop
  endfacet
  facet normal 0 0 1
    outer loop
      vertex 10.6418 6.61078 0.9
      vertex 9.99799 6.65349 0.9
      vertex 10.583 6.39122 0.9
    endloop
  endfacet
  facet normal -0 0 1
    outer loop
      vertex 9.99799 6.65349 0.9
      vertex 10.6418 6.61078 0.9
      vertex 10.1552 6.9834 0.9
    endloop
  endfacet
  facet normal 0 0 1
    outer loop
      vertex 11.4078 4.74733 0.9
      vertex 12.1112 4.9286 0.9
      vertex 11.4683 4.97072 0.9
    endloop
  endfacet
  facet normal 0 0 1
    outer loop
      vertex 12.1112 4.9286 0.9
      vertex 11.4078 4.74733 0.9
      vertex 11.8931 4.38922 0.9
    endloop
  endfacet
  facet normal -0 0 1
    outer loop
      vertex 11.3188 4.59454 0.9
      vertex 11.8931 4.38922 0.9
      vertex 11.4078 4.74733 0.9
    endloop
  endfacet
  facet normal 0 0 1
    outer loop
      vertex 11.8931 4.38922 0.9
      vertex 11.3188 4.59454 0.9
      vertex 11.5297 4.06171 0.9
    endloop
  endfacet
  facet normal -0 0 1
    outer loop
      vertex 11.1939 4.50641 0.9
      vertex 11.5297 4.06171 0.9
      vertex 11.3188 4.59454 0.9
    endloop
  endfacet
  facet normal 0 0 1
    outer loop
      vertex 11.0209 3.95255 0.9
      vertex 11.1939 4.50641 0.9
      vertex 11.0257 4.47704 0.9
    endloop
  endfacet
  facet normal 0 0 1
    outer loop
      vertex 11.1939 4.50641 0.9
      vertex 11.0209 3.95255 0.9
      vertex 11.5297 4.06171 0.9
    endloop
  endfacet
  facet normal 0 0 1
    outer loop
      vertex 10.8563 4.50493 0.9
      vertex 11.0209 3.95255 0.9
      vertex 11.0257 4.47704 0.9
    endloop
  endfacet
  facet normal 0 0 1
    outer loop
      vertex 10.1594 4.38272 0.9
      vertex 10.8563 4.50493 0.9
      vertex 10.7326 4.58859 0.9
    endloop
  endfacet
  facet normal 0 0 1
    outer loop
      vertex 10.1594 4.38272 0.9
      vertex 10.7326 4.58859 0.9
      vertex 10.6453 4.73665 0.9
    endloop
  endfacet
  facet normal 0 0 1
    outer loop
      vertex 9.90364 6.21855 0.9
      vertex 10.583 6.39122 0.9
      vertex 9.99799 6.65349 0.9
    endloop
  endfacet
  facet normal 0 0 1
    outer loop
      vertex 10.8563 4.50493 0.9
      vertex 10.1594 4.38272 0.9
      vertex 11.0209 3.95255 0.9
    endloop
  endfacet
  facet normal 0 0 1
    outer loop
      vertex 10.5854 4.95766 0.9
      vertex 10.1594 4.38272 0.9
      vertex 10.6453 4.73665 0.9
    endloop
  endfacet
  facet normal 0 0 1
    outer loop
      vertex 9.87219 5.67328 0.9
      vertex 10.5854 4.95766 0.9
      vertex 10.5507 5.26534 0.9
    endloop
  endfacet
  facet normal 0 0 1
    outer loop
      vertex 9.87219 5.67328 0.9
      vertex 10.5501 6.08417 0.9
      vertex 9.90364 6.21855 0.9
    endloop
  endfacet
  facet normal 0 0 1
    outer loop
      vertex 10.583 6.39122 0.9
      vertex 9.90364 6.21855 0.9
      vertex 10.5501 6.08417 0.9
    endloop
  endfacet
  facet normal 0 0 1
    outer loop
      vertex 10.5501 6.08417 0.9
      vertex 9.87219 5.67328 0.9
      vertex 10.5391 5.67328 0.9
    endloop
  endfacet
  facet normal 0 0 1
    outer loop
      vertex 10.5391 5.67328 0.9
      vertex 9.87219 5.67328 0.9
      vertex 10.5507 5.26534 0.9
    endloop
  endfacet
  facet normal 0 0 1
    outer loop
      vertex 10.5854 4.95766 0.9
      vertex 9.87219 5.67328 0.9
      vertex 10.1594 4.38272 0.9
    endloop
  endfacet
  facet normal -0.669473 0.742837 0
    outer loop
      vertex 11.8931 4.38922 0.9
      vertex 11.5297 4.06171 1.3
      vertex 11.8931 4.38922 1.3
    endloop
  endfacet
  facet normal -0.669473 0.742837 0
    outer loop
      vertex 11.5297 4.06171 1.3
      vertex 11.8931 4.38922 0.9
      vertex 11.5297 4.06171 0.9
    endloop
  endfacet
  facet normal -0.927079 0.374867 0
    outer loop
      vertex 11.8931 4.38922 0.9
      vertex 12.1112 4.9286 1.3
      vertex 12.1112 4.9286 0.9
    endloop
  endfacet
  facet normal -0.927079 0.374867 0
    outer loop
      vertex 12.1112 4.9286 1.3
      vertex 11.8931 4.38922 0.9
      vertex 11.8931 4.38922 1.3
    endloop
  endfacet
  facet normal -0.995268 0.0971639 0
    outer loop
      vertex 12.1112 4.9286 0.9
      vertex 12.1839 5.67328 1.3
      vertex 12.1839 5.67328 0.9
    endloop
  endfacet
  facet normal -0.995268 0.0971639 0
    outer loop
      vertex 12.1839 5.67328 1.3
      vertex 12.1112 4.9286 0.9
      vertex 12.1112 4.9286 1.3
    endloop
  endfacet
  facet normal -0.995858 -0.090923 0
    outer loop
      vertex 12.1839 5.67328 0.9
      vertex 12.1151 6.42683 1.3
      vertex 12.1151 6.42683 0.9
    endloop
  endfacet
  facet normal -0.995858 -0.090923 0
    outer loop
      vertex 12.1151 6.42683 1.3
      vertex 12.1839 5.67328 0.9
      vertex 12.1839 5.67328 1.3
    endloop
  endfacet
  facet normal -0.9335 -0.358578 0
    outer loop
      vertex 12.1151 6.42683 0.9
      vertex 11.9086 6.96442 1.3
      vertex 11.9086 6.96442 0.9
    endloop
  endfacet
  facet normal -0.9335 -0.358578 0
    outer loop
      vertex 11.9086 6.96442 1.3
      vertex 12.1151 6.42683 0.9
      vertex 12.1151 6.42683 1.3
    endloop
  endfacet
  facet normal -0.672278 -0.740299 0
    outer loop
      vertex 11.5538 7.28662 0.9
      vertex 11.9086 6.96442 1.3
      vertex 11.5538 7.28662 1.3
    endloop
  endfacet
  facet normal -0.672278 -0.740299 -0
    outer loop
      vertex 11.9086 6.96442 1.3
      vertex 11.5538 7.28662 0.9
      vertex 11.9086 6.96442 0.9
    endloop
  endfacet
  facet normal -0.204552 -0.978856 0
    outer loop
      vertex 11.0399 7.39401 0.9
      vertex 11.5538 7.28662 1.3
      vertex 11.0399 7.39401 1.3
    endloop
  endfacet
  facet normal -0.204552 -0.978856 -0
    outer loop
      vertex 11.5538 7.28662 1.3
      vertex 11.0399 7.39401 0.9
      vertex 11.5538 7.28662 0.9
    endloop
  endfacet
  facet normal 0.120164 -0.992754 0
    outer loop
      vertex 10.6673 7.34891 0.9
      vertex 11.0399 7.39401 1.3
      vertex 10.6673 7.34891 1.3
    endloop
  endfacet
  facet normal 0.120164 -0.992754 0
    outer loop
      vertex 11.0399 7.39401 1.3
      vertex 10.6673 7.34891 0.9
      vertex 11.0399 7.39401 0.9
    endloop
  endfacet
  facet normal 0.42051 -0.907288 0
    outer loop
      vertex 10.3754 7.21362 0.9
      vertex 10.6673 7.34891 1.3
      vertex 10.3754 7.21362 1.3
    endloop
  endfacet
  facet normal 0.42051 -0.907288 0
    outer loop
      vertex 10.6673 7.34891 1.3
      vertex 10.3754 7.21362 0.9
      vertex 10.6673 7.34891 0.9
    endloop
  endfacet
  facet normal 0.722658 -0.691206 0
    outer loop
      vertex 10.1552 6.9834 1.3
      vertex 10.3754 7.21362 0.9
      vertex 10.3754 7.21362 1.3
    endloop
  endfacet
  facet normal 0.722658 -0.691206 0
    outer loop
      vertex 10.3754 7.21362 0.9
      vertex 10.1552 6.9834 1.3
      vertex 10.1552 6.9834 0.9
    endloop
  endfacet
  facet normal 0.902744 -0.430179 0
    outer loop
      vertex 9.99799 6.65349 1.3
      vertex 10.1552 6.9834 0.9
      vertex 10.1552 6.9834 1.3
    endloop
  endfacet
  facet normal 0.902744 -0.430179 0
    outer loop
      vertex 10.1552 6.9834 0.9
      vertex 9.99799 6.65349 1.3
      vertex 9.99799 6.65349 0.9
    endloop
  endfacet
  facet normal 0.977271 -0.211996 0
    outer loop
      vertex 9.90364 6.21855 1.3
      vertex 9.99799 6.65349 0.9
      vertex 9.99799 6.65349 1.3
    endloop
  endfacet
  facet normal 0.977271 -0.211996 0
    outer loop
      vertex 9.99799 6.65349 0.9
      vertex 9.90364 6.21855 1.3
      vertex 9.90364 6.21855 0.9
    endloop
  endfacet
  facet normal 0.998341 -0.0575821 0
    outer loop
      vertex 9.87219 5.67328 1.3
      vertex 9.90364 6.21855 0.9
      vertex 9.90364 6.21855 1.3
    endloop
  endfacet
  facet normal 0.998341 -0.0575821 0
    outer loop
      vertex 9.90364 6.21855 0.9
      vertex 9.87219 5.67328 1.3
      vertex 9.87219 5.67328 0.9
    endloop
  endfacet
  facet normal 0.97612 0.217232 0
    outer loop
      vertex 10.1594 4.38272 1.3
      vertex 9.87219 5.67328 0.9
      vertex 9.87219 5.67328 1.3
    endloop
  endfacet
  facet normal 0.97612 0.217232 0
    outer loop
      vertex 9.87219 5.67328 0.9
      vertex 10.1594 4.38272 1.3
      vertex 10.1594 4.38272 0.9
    endloop
  endfacet
  facet normal 0.446732 0.894668 -0
    outer loop
      vertex 11.0209 3.95255 0.9
      vertex 10.1594 4.38272 1.3
      vertex 11.0209 3.95255 1.3
    endloop
  endfacet
  facet normal 0.446732 0.894668 0
    outer loop
      vertex 10.1594 4.38272 1.3
      vertex 11.0209 3.95255 0.9
      vertex 10.1594 4.38272 0.9
    endloop
  endfacet
  facet normal -0.209771 0.977751 0
    outer loop
      vertex 11.5297 4.06171 0.9
      vertex 11.0209 3.95255 1.3
      vertex 11.5297 4.06171 1.3
    endloop
  endfacet
  facet normal -0.209771 0.977751 0
    outer loop
      vertex 11.0209 3.95255 1.3
      vertex 11.5297 4.06171 0.9
      vertex 11.0209 3.95255 0.9
    endloop
  endfacet
  facet normal -0.56022 -0.828344 0
    outer loop
      vertex 10.7326 4.58859 0.9
      vertex 10.8563 4.50493 1.3
      vertex 10.7326 4.58859 1.3
    endloop
  endfacet
  facet normal -0.56022 -0.828344 -0
    outer loop
      vertex 10.8563 4.50493 1.3
      vertex 10.7326 4.58859 0.9
      vertex 10.8563 4.50493 0.9
    endloop
  endfacet
  facet normal -0.86141 -0.50791 0
    outer loop
      vertex 10.7326 4.58859 0.9
      vertex 10.6453 4.73665 1.3
      vertex 10.6453 4.73665 0.9
    endloop
  endfacet
  facet normal -0.86141 -0.50791 0
    outer loop
      vertex 10.6453 4.73665 1.3
      vertex 10.7326 4.58859 0.9
      vertex 10.7326 4.58859 1.3
    endloop
  endfacet
  facet normal -0.965179 -0.261591 0
    outer loop
      vertex 10.6453 4.73665 0.9
      vertex 10.5854 4.95766 1.3
      vertex 10.5854 4.95766 0.9
    endloop
  endfacet
  facet normal -0.965179 -0.261591 0
    outer loop
      vertex 10.5854 4.95766 1.3
      vertex 10.6453 4.73665 0.9
      vertex 10.6453 4.73665 1.3
    endloop
  endfacet
  facet normal -0.9937 -0.112069 0
    outer loop
      vertex 10.5854 4.95766 0.9
      vertex 10.5507 5.26534 1.3
      vertex 10.5507 5.26534 0.9
    endloop
  endfacet
  facet normal -0.9937 -0.112069 0
    outer loop
      vertex 10.5507 5.26534 1.3
      vertex 10.5854 4.95766 0.9
      vertex 10.5854 4.95766 1.3
    endloop
  endfacet
  facet normal -0.999596 -0.0284241 0
    outer loop
      vertex 10.5507 5.26534 0.9
      vertex 10.5391 5.67328 1.3
      vertex 10.5391 5.67328 0.9
    endloop
  endfacet
  facet normal -0.999596 -0.0284241 0
    outer loop
      vertex 10.5391 5.67328 1.3
      vertex 10.5507 5.26534 0.9
      vertex 10.5507 5.26534 1.3
    endloop
  endfacet
  facet normal -0.999642 0.0267616 0
    outer loop
      vertex 10.5391 5.67328 0.9
      vertex 10.5501 6.08417 1.3
      vertex 10.5501 6.08417 0.9
    endloop
  endfacet
  facet normal -0.999642 0.0267616 0
    outer loop
      vertex 10.5501 6.08417 1.3
      vertex 10.5391 5.67328 0.9
      vertex 10.5391 5.67328 1.3
    endloop
  endfacet
  facet normal -0.994309 0.106539 0
    outer loop
      vertex 10.5501 6.08417 0.9
      vertex 10.583 6.39122 1.3
      vertex 10.583 6.39122 0.9
    endloop
  endfacet
  facet normal -0.994309 0.106539 0
    outer loop
      vertex 10.583 6.39122 1.3
      vertex 10.5501 6.08417 0.9
      vertex 10.5501 6.08417 1.3
    endloop
  endfacet
  facet normal -0.96596 0.258692 0
    outer loop
      vertex 10.583 6.39122 0.9
      vertex 10.6418 6.61078 1.3
      vertex 10.6418 6.61078 0.9
    endloop
  endfacet
  facet normal -0.96596 0.258692 0
    outer loop
      vertex 10.6418 6.61078 1.3
      vertex 10.583 6.39122 0.9
      vertex 10.583 6.39122 1.3
    endloop
  endfacet
  facet normal -0.859017 0.511947 0
    outer loop
      vertex 10.6418 6.61078 0.9
      vertex 10.7302 6.75911 1.3
      vertex 10.7302 6.75911 0.9
    endloop
  endfacet
  facet normal -0.859017 0.511947 0
    outer loop
      vertex 10.7302 6.75911 1.3
      vertex 10.6418 6.61078 0.9
      vertex 10.6418 6.61078 1.3
    endloop
  endfacet
  facet normal -0.55176 0.834003 0
    outer loop
      vertex 10.858 6.84366 0.9
      vertex 10.7302 6.75911 1.3
      vertex 10.858 6.84366 1.3
    endloop
  endfacet
  facet normal -0.55176 0.834003 0
    outer loop
      vertex 10.7302 6.75911 1.3
      vertex 10.858 6.84366 0.9
      vertex 10.7302 6.75911 0.9
    endloop
  endfacet
  facet normal -0.157056 0.98759 0
    outer loop
      vertex 11.0352 6.87184 0.9
      vertex 10.858 6.84366 1.3
      vertex 11.0352 6.87184 1.3
    endloop
  endfacet
  facet normal -0.157056 0.98759 0
    outer loop
      vertex 10.858 6.84366 1.3
      vertex 11.0352 6.87184 0.9
      vertex 10.858 6.84366 0.9
    endloop
  endfacet
  facet normal 0.16438 0.986397 -0
    outer loop
      vertex 11.2025 6.84396 0.9
      vertex 11.0352 6.87184 1.3
      vertex 11.2025 6.84396 1.3
    endloop
  endfacet
  facet normal 0.16438 0.986397 0
    outer loop
      vertex 11.0352 6.87184 1.3
      vertex 11.2025 6.84396 0.9
      vertex 11.0352 6.87184 0.9
    endloop
  endfacet
  facet normal 0.564911 0.825152 -0
    outer loop
      vertex 11.3247 6.7603 0.9
      vertex 11.2025 6.84396 1.3
      vertex 11.3247 6.7603 1.3
    endloop
  endfacet
  facet normal 0.564911 0.825152 0
    outer loop
      vertex 11.2025 6.84396 1.3
      vertex 11.3247 6.7603 0.9
      vertex 11.2025 6.84396 0.9
    endloop
  endfacet
  facet normal 0.864241 0.503078 0
    outer loop
      vertex 11.4107 6.61256 1.3
      vertex 11.3247 6.7603 0.9
      vertex 11.3247 6.7603 1.3
    endloop
  endfacet
  facet normal 0.864241 0.503078 0
    outer loop
      vertex 11.3247 6.7603 0.9
      vertex 11.4107 6.61256 1.3
      vertex 11.4107 6.61256 0.9
    endloop
  endfacet
  facet normal 0.966133 0.258045 0
    outer loop
      vertex 11.4695 6.39241 1.3
      vertex 11.4107 6.61256 0.9
      vertex 11.4107 6.61256 1.3
    endloop
  endfacet
  facet normal 0.966133 0.258045 0
    outer loop
      vertex 11.4107 6.61256 0.9
      vertex 11.4695 6.39241 1.3
      vertex 11.4695 6.39241 0.9
    endloop
  endfacet
  facet normal 0.99403 0.109103 0
    outer loop
      vertex 11.5033 6.08446 1.3
      vertex 11.4695 6.39241 0.9
      vertex 11.4695 6.39241 1.3
    endloop
  endfacet
  facet normal 0.99403 0.109103 0
    outer loop
      vertex 11.4695 6.39241 0.9
      vertex 11.5033 6.08446 1.3
      vertex 11.5033 6.08446 0.9
    endloop
  endfacet
  facet normal 0.999623 0.0274715 0
    outer loop
      vertex 11.5146 5.67328 1.3
      vertex 11.5033 6.08446 0.9
      vertex 11.5033 6.08446 1.3
    endloop
  endfacet
  facet normal 0.999623 0.0274715 0
    outer loop
      vertex 11.5033 6.08446 0.9
      vertex 11.5146 5.67328 1.3
      vertex 11.5146 5.67328 0.9
    endloop
  endfacet
  facet normal 0.999575 -0.0291648 0
    outer loop
      vertex 11.503 5.27571 1.3
      vertex 11.5146 5.67328 0.9
      vertex 11.5146 5.67328 1.3
    endloop
  endfacet
  facet normal 0.999575 -0.0291648 0
    outer loop
      vertex 11.5146 5.67328 0.9
      vertex 11.503 5.27571 1.3
      vertex 11.503 5.27571 0.9
    endloop
  endfacet
  facet normal 0.99359 -0.113045 0
    outer loop
      vertex 11.4683 4.97072 1.3
      vertex 11.503 5.27571 0.9
      vertex 11.503 5.27571 1.3
    endloop
  endfacet
  facet normal 0.99359 -0.113045 0
    outer loop
      vertex 11.503 5.27571 0.9
      vertex 11.4683 4.97072 1.3
      vertex 11.4683 4.97072 0.9
    endloop
  endfacet
  facet normal 0.965228 -0.26141 0
    outer loop
      vertex 11.4078 4.74733 1.3
      vertex 11.4683 4.97072 0.9
      vertex 11.4683 4.97072 1.3
    endloop
  endfacet
  facet normal 0.965228 -0.26141 0
    outer loop
      vertex 11.4683 4.97072 0.9
      vertex 11.4078 4.74733 1.3
      vertex 11.4078 4.74733 0.9
    endloop
  endfacet
  facet normal 0.864093 -0.503333 0
    outer loop
      vertex 11.3188 4.59454 1.3
      vertex 11.4078 4.74733 0.9
      vertex 11.4078 4.74733 1.3
    endloop
  endfacet
  facet normal 0.864093 -0.503333 0
    outer loop
      vertex 11.4078 4.74733 0.9
      vertex 11.3188 4.59454 1.3
      vertex 11.3188 4.59454 0.9
    endloop
  endfacet
  facet normal 0.576532 -0.817075 0
    outer loop
      vertex 11.1939 4.50641 0.9
      vertex 11.3188 4.59454 1.3
      vertex 11.1939 4.50641 1.3
    endloop
  endfacet
  facet normal 0.576532 -0.817075 0
    outer loop
      vertex 11.3188 4.59454 1.3
      vertex 11.1939 4.50641 0.9
      vertex 11.3188 4.59454 0.9
    endloop
  endfacet
  facet normal 0.172011 -0.985095 0
    outer loop
      vertex 11.0257 4.47704 0.9
      vertex 11.1939 4.50641 1.3
      vertex 11.0257 4.47704 1.3
    endloop
  endfacet
  facet normal 0.172011 -0.985095 0
    outer loop
      vertex 11.1939 4.50641 1.3
      vertex 11.0257 4.47704 0.9
      vertex 11.1939 4.50641 0.9
    endloop
  endfacet
  facet normal -0.162453 -0.986716 0
    outer loop
      vertex 10.8563 4.50493 0.9
      vertex 11.0257 4.47704 1.3
      vertex 10.8563 4.50493 1.3
    endloop
  endfacet
  facet normal -0.162453 -0.986716 -0
    outer loop
      vertex 11.0257 4.47704 1.3
      vertex 10.8563 4.50493 0.9
      vertex 11.0257 4.47704 0.9
    endloop
  endfacet
  facet normal 1 -0 0
    outer loop
      vertex 21.9 7.9 1.3
      vertex 21.9 22.1 0
      vertex 21.9 22.1 1.3
    endloop
  endfacet
  facet normal 1 0 0
    outer loop
      vertex 21.9 22.1 0
      vertex 21.9 7.9 1.3
      vertex 21.9 7.9 0
    endloop
  endfacet
  facet normal 0 -1 0
    outer loop
      vertex 21.9 22.1 0
      vertex 36.1 22.1 1.3
      vertex 21.9 22.1 1.3
    endloop
  endfacet
  facet normal 0 -1 -0
    outer loop
      vertex 36.1 22.1 1.3
      vertex 21.9 22.1 0
      vertex 36.1 22.1 0
    endloop
  endfacet
  facet normal -1 0 0
    outer loop
      vertex 36.1 7.9 0
      vertex 36.1 22.1 1.3
      vertex 36.1 22.1 0
    endloop
  endfacet
  facet normal -1 -0 0
    outer loop
      vertex 36.1 22.1 1.3
      vertex 36.1 7.9 0
      vertex 36.1 7.9 1.3
    endloop
  endfacet
  facet normal 0 1 -0
    outer loop
      vertex 36.1 7.9 0
      vertex 21.9 7.9 1.3
      vertex 36.1 7.9 1.3
    endloop
  endfacet
  facet normal 0 1 0
    outer loop
      vertex 21.9 7.9 1.3
      vertex 36.1 7.9 0
      vertex 21.9 7.9 0
    endloop
  endfacet
  facet normal -0 0 1
    outer loop
      vertex 30.8234 6.08446 0.9
      vertex 31.504 5.67328 0.9
      vertex 31.4351 6.42683 0.9
    endloop
  endfacet
  facet normal -0 0 1
    outer loop
      vertex 30.7308 6.61256 0.9
      vertex 31.4351 6.42683 0.9
      vertex 31.2287 6.96442 0.9
    endloop
  endfacet
  facet normal 0 0 1
    outer loop
      vertex 31.504 5.67328 0.9
      vertex 30.8234 6.08446 0.9
      vertex 30.8347 5.67328 0.9
    endloop
  endfacet
  facet normal 0 0 1
    outer loop
      vertex 30.6448 6.7603 0.9
      vertex 31.2287 6.96442 0.9
      vertex 30.8738 7.28662 0.9
    endloop
  endfacet
  facet normal 0 0 1
    outer loop
      vertex 30.8231 5.27571 0.9
      vertex 31.504 5.67328 0.9
      vertex 30.8347 5.67328 0.9
    endloop
  endfacet
  facet normal -0 0 1
    outer loop
      vertex 30.7883 4.97072 0.9
      vertex 31.4313 4.9286 0.9
      vertex 30.8231 5.27571 0.9
    endloop
  endfacet
  facet normal 0 0 1
    outer loop
      vertex 31.504 5.67328 0.9
      vertex 30.8231 5.27571 0.9
      vertex 31.4313 4.9286 0.9
    endloop
  endfacet
  facet normal 0 0 1
    outer loop
      vertex 31.4351 6.42683 0.9
      vertex 30.7895 6.39241 0.9
      vertex 30.8234 6.08446 0.9
    endloop
  endfacet
  facet normal 0 0 1
    outer loop
      vertex 31.4351 6.42683 0.9
      vertex 30.7308 6.61256 0.9
      vertex 30.7895 6.39241 0.9
    endloop
  endfacet
  facet normal 0 0 1
    outer loop
      vertex 31.2287 6.96442 0.9
      vertex 30.6448 6.7603 0.9
      vertex 30.7308 6.61256 0.9
    endloop
  endfacet
  facet normal 0 0 1
    outer loop
      vertex 30.8738 7.28662 0.9
      vertex 30.5226 6.84396 0.9
      vertex 30.6448 6.7603 0.9
    endloop
  endfacet
  facet normal 0 0 1
    outer loop
      vertex 30.36 7.39401 0.9
      vertex 30.5226 6.84396 0.9
      vertex 30.8738 7.28662 0.9
    endloop
  endfacet
  facet normal 0 0 1
    outer loop
      vertex 30.36 7.39401 0.9
      vertex 30.3552 6.87184 0.9
      vertex 30.5226 6.84396 0.9
    endloop
  endfacet
  facet normal 0 0 1
    outer loop
      vertex 30.36 7.39401 0.9
      vertex 30.1781 6.84366 0.9
      vertex 30.3552 6.87184 0.9
    endloop
  endfacet
  facet normal -0 0 1
    outer loop
      vertex 29.9873 7.34891 0.9
      vertex 30.1781 6.84366 0.9
      vertex 30.36 7.39401 0.9
    endloop
  endfacet
  facet normal 0 0 1
    outer loop
      vertex 30.1781 6.84366 0.9
      vertex 29.9873 7.34891 0.9
      vertex 30.0502 6.75911 0.9
    endloop
  endfacet
  facet normal -0 0 1
    outer loop
      vertex 29.6954 7.21362 0.9
      vertex 30.0502 6.75911 0.9
      vertex 29.9873 7.34891 0.9
    endloop
  endfacet
  facet normal -0 0 1
    outer loop
      vertex 29.4753 6.9834 0.9
      vertex 30.0502 6.75911 0.9
      vertex 29.6954 7.21362 0.9
    endloop
  endfacet
  facet normal 0 0 1
    outer loop
      vertex 30.0502 6.75911 0.9
      vertex 29.4753 6.9834 0.9
      vertex 29.9618 6.61078 0.9
    endloop
  endfacet
  facet normal 0 0 1
    outer loop
      vertex 29.9618 6.61078 0.9
      vertex 29.318 6.65349 0.9
      vertex 29.9031 6.39122 0.9
    endloop
  endfacet
  facet normal -0 0 1
    outer loop
      vertex 29.318 6.65349 0.9
      vertex 29.9618 6.61078 0.9
      vertex 29.4753 6.9834 0.9
    endloop
  endfacet
  facet normal 0 0 1
    outer loop
      vertex 30.7278 4.74733 0.9
      vertex 31.4313 4.9286 0.9
      vertex 30.7883 4.97072 0.9
    endloop
  endfacet
  facet normal 0 0 1
    outer loop
      vertex 31.4313 4.9286 0.9
      vertex 30.7278 4.74733 0.9
      vertex 31.2132 4.38922 0.9
    endloop
  endfacet
  facet normal -0 0 1
    outer loop
      vertex 30.6388 4.59454 0.9
      vertex 31.2132 4.38922 0.9
      vertex 30.7278 4.74733 0.9
    endloop
  endfacet
  facet normal 0 0 1
    outer loop
      vertex 31.2132 4.38922 0.9
      vertex 30.6388 4.59454 0.9
      vertex 30.8498 4.06171 0.9
    endloop
  endfacet
  facet normal -0 0 1
    outer loop
      vertex 30.5139 4.50641 0.9
      vertex 30.8498 4.06171 0.9
      vertex 30.6388 4.59454 0.9
    endloop
  endfacet
  facet normal 0 0 1
    outer loop
      vertex 30.341 3.95255 0.9
      vertex 30.5139 4.50641 0.9
      vertex 30.3457 4.47704 0.9
    endloop
  endfacet
  facet normal 0 0 1
    outer loop
      vertex 30.5139 4.50641 0.9
      vertex 30.341 3.95255 0.9
      vertex 30.8498 4.06171 0.9
    endloop
  endfacet
  facet normal 0 0 1
    outer loop
      vertex 30.1763 4.50493 0.9
      vertex 30.341 3.95255 0.9
      vertex 30.3457 4.47704 0.9
    endloop
  endfacet
  facet normal 0 0 1
    outer loop
      vertex 29.4794 4.38272 0.9
      vertex 30.1763 4.50493 0.9
      vertex 30.0526 4.58859 0.9
    endloop
  endfacet
  facet normal 0 0 1
    outer loop
      vertex 29.4794 4.38272 0.9
      vertex 30.0526 4.58859 0.9
      vertex 29.9654 4.73665 0.9
    endloop
  endfacet
  facet normal 0 0 1
    outer loop
      vertex 29.2237 6.21855 0.9
      vertex 29.9031 6.39122 0.9
      vertex 29.318 6.65349 0.9
    endloop
  endfacet
  facet normal 0 0 1
    outer loop
      vertex 30.1763 4.50493 0.9
      vertex 29.4794 4.38272 0.9
      vertex 30.341 3.95255 0.9
    endloop
  endfacet
  facet normal 0 0 1
    outer loop
      vertex 29.9054 4.95766 0.9
      vertex 29.4794 4.38272 0.9
      vertex 29.9654 4.73665 0.9
    endloop
  endfacet
  facet normal 0 0 1
    outer loop
      vertex 29.1922 5.67328 0.9
      vertex 29.9054 4.95766 0.9
      vertex 29.8707 5.26534 0.9
    endloop
  endfacet
  facet normal 0 0 1
    outer loop
      vertex 29.1922 5.67328 0.9
      vertex 29.8701 6.08417 0.9
      vertex 29.2237 6.21855 0.9
    endloop
  endfacet
  facet normal 0 0 1
    outer loop
      vertex 29.9031 6.39122 0.9
      vertex 29.2237 6.21855 0.9
      vertex 29.8701 6.08417 0.9
    endloop
  endfacet
  facet normal 0 0 1
    outer loop
      vertex 29.8701 6.08417 0.9
      vertex 29.1922 5.67328 0.9
      vertex 29.8592 5.67328 0.9
    endloop
  endfacet
  facet normal 0 0 1
    outer loop
      vertex 29.8592 5.67328 0.9
      vertex 29.1922 5.67328 0.9
      vertex 29.8707 5.26534 0.9
    endloop
  endfacet
  facet normal 0 0 1
    outer loop
      vertex 29.9054 4.95766 0.9
      vertex 29.1922 5.67328 0.9
      vertex 29.4794 4.38272 0.9
    endloop
  endfacet
  facet normal 0 0 1
    outer loop
      vertex 27.4944 6.77693 0.9
      vertex 28.1613 7.34418 0.9
      vertex 27.53 7.34418 0.9
    endloop
  endfacet
  facet normal -0 0 1
    outer loop
      vertex 28.1613 4.49605 0.9
      vertex 28.9279 4 0.9
      vertex 28.9279 4.49605 0.9
    endloop
  endfacet
  facet normal 0 0 1
    outer loop
      vertex 28.1613 7.34418 0.9
      vertex 27.4944 6.77693 0.9
      vertex 28.1613 4.49605 0.9
    endloop
  endfacet
  facet normal 0 0 1
    outer loop
      vertex 27.4944 4.49605 0.9
      vertex 28.1613 4.49605 0.9
      vertex 27.4944 6.77693 0.9
    endloop
  endfacet
  facet normal -0 0 1
    outer loop
      vertex 27.4944 4.49605 0.9
      vertex 28.9279 4 0.9
      vertex 28.1613 4.49605 0.9
    endloop
  endfacet
  facet normal 0 0 1
    outer loop
      vertex 26.666 4 0.9
      vertex 27.4944 4.49605 0.9
      vertex 26.666 4.49605 0.9
    endloop
  endfacet
  facet normal 0 0 1
    outer loop
      vertex 27.4944 4.49605 0.9
      vertex 26.666 4 0.9
      vertex 28.9279 4 0.9
    endloop
  endfacet
  facet normal -0 0 1
    outer loop
      vertex 26.6922 6.80066 0.9
      vertex 27.4944 6.77693 0.9
      vertex 27.53 7.34418 0.9
    endloop
  endfacet
  facet normal 0 0 1
    outer loop
      vertex 27.4944 6.77693 0.9
      vertex 26.6922 6.80066 0.9
      vertex 26.6922 6.27611 0.9
    endloop
  endfacet
  facet normal -0.669473 0.742837 0
    outer loop
      vertex 31.2132 4.38922 0.9
      vertex 30.8498 4.06171 1.3
      vertex 31.2132 4.38922 1.3
    endloop
  endfacet
  facet normal -0.669473 0.742837 0
    outer loop
      vertex 30.8498 4.06171 1.3
      vertex 31.2132 4.38922 0.9
      vertex 30.8498 4.06171 0.9
    endloop
  endfacet
  facet normal -0.927079 0.374867 0
    outer loop
      vertex 31.2132 4.38922 0.9
      vertex 31.4313 4.9286 1.3
      vertex 31.4313 4.9286 0.9
    endloop
  endfacet
  facet normal -0.927079 0.374867 0
    outer loop
      vertex 31.4313 4.9286 1.3
      vertex 31.2132 4.38922 0.9
      vertex 31.2132 4.38922 1.3
    endloop
  endfacet
  facet normal -0.995268 0.0971639 0
    outer loop
      vertex 31.4313 4.9286 0.9
      vertex 31.504 5.67328 1.3
      vertex 31.504 5.67328 0.9
    endloop
  endfacet
  facet normal -0.995268 0.0971639 0
    outer loop
      vertex 31.504 5.67328 1.3
      vertex 31.4313 4.9286 0.9
      vertex 31.4313 4.9286 1.3
    endloop
  endfacet
  facet normal -0.995846 -0.0910541 0
    outer loop
      vertex 31.504 5.67328 0.9
      vertex 31.4351 6.42683 1.3
      vertex 31.4351 6.42683 0.9
    endloop
  endfacet
  facet normal -0.995846 -0.0910541 0
    outer loop
      vertex 31.4351 6.42683 1.3
      vertex 31.504 5.67328 0.9
      vertex 31.504 5.67328 1.3
    endloop
  endfacet
  facet normal -0.933558 -0.358426 0
    outer loop
      vertex 31.4351 6.42683 0.9
      vertex 31.2287 6.96442 1.3
      vertex 31.2287 6.96442 0.9
    endloop
  endfacet
  facet normal -0.933558 -0.358426 0
    outer loop
      vertex 31.2287 6.96442 1.3
      vertex 31.4351 6.42683 0.9
      vertex 31.4351 6.42683 1.3
    endloop
  endfacet
  facet normal -0.672174 -0.740393 0
    outer loop
      vertex 30.8738 7.28662 0.9
      vertex 31.2287 6.96442 1.3
      vertex 30.8738 7.28662 1.3
    endloop
  endfacet
  facet normal -0.672174 -0.740393 -0
    outer loop
      vertex 31.2287 6.96442 1.3
      vertex 30.8738 7.28662 0.9
      vertex 31.2287 6.96442 0.9
    endloop
  endfacet
  facet normal -0.20459 -0.978848 0
    outer loop
      vertex 30.36 7.39401 0.9
      vertex 30.8738 7.28662 1.3
      vertex 30.36 7.39401 1.3
    endloop
  endfacet
  facet normal -0.20459 -0.978848 -0
    outer loop
      vertex 30.8738 7.28662 1.3
      vertex 30.36 7.39401 0.9
      vertex 30.8738 7.28662 0.9
    endloop
  endfacet
  facet normal 0.120132 -0.992758 0
    outer loop
      vertex 29.9873 7.34891 0.9
      vertex 30.36 7.39401 1.3
      vertex 29.9873 7.34891 1.3
    endloop
  endfacet
  facet normal 0.120132 -0.992758 0
    outer loop
      vertex 30.36 7.39401 1.3
      vertex 29.9873 7.34891 0.9
      vertex 30.36 7.39401 0.9
    endloop
  endfacet
  facet normal 0.42051 -0.907288 0
    outer loop
      vertex 29.6954 7.21362 0.9
      vertex 29.9873 7.34891 1.3
      vertex 29.6954 7.21362 1.3
    endloop
  endfacet
  facet normal 0.42051 -0.907288 0
    outer loop
      vertex 29.9873 7.34891 1.3
      vertex 29.6954 7.21362 0.9
      vertex 29.9873 7.34891 0.9
    endloop
  endfacet
  facet normal 0.722815 -0.691042 0
    outer loop
      vertex 29.4753 6.9834 1.3
      vertex 29.6954 7.21362 0.9
      vertex 29.6954 7.21362 1.3
    endloop
  endfacet
  facet normal 0.722815 -0.691042 0
    outer loop
      vertex 29.6954 7.21362 0.9
      vertex 29.4753 6.9834 1.3
      vertex 29.4753 6.9834 0.9
    endloop
  endfacet
  facet normal 0.902648 -0.43038 0
    outer loop
      vertex 29.318 6.65349 1.3
      vertex 29.4753 6.9834 0.9
      vertex 29.4753 6.9834 1.3
    endloop
  endfacet
  facet normal 0.902648 -0.43038 0
    outer loop
      vertex 29.4753 6.9834 0.9
      vertex 29.318 6.65349 1.3
      vertex 29.318 6.65349 0.9
    endloop
  endfacet
  facet normal 0.977294 -0.211889 0
    outer loop
      vertex 29.2237 6.21855 1.3
      vertex 29.318 6.65349 0.9
      vertex 29.318 6.65349 1.3
    endloop
  endfacet
  facet normal 0.977294 -0.211889 0
    outer loop
      vertex 29.318 6.65349 0.9
      vertex 29.2237 6.21855 1.3
      vertex 29.2237 6.21855 0.9
    endloop
  endfacet
  facet normal 0.998336 -0.0576734 0
    outer loop
      vertex 29.1922 5.67328 1.3
      vertex 29.2237 6.21855 0.9
      vertex 29.2237 6.21855 1.3
    endloop
  endfacet
  facet normal 0.998336 -0.0576734 0
    outer loop
      vertex 29.2237 6.21855 0.9
      vertex 29.1922 5.67328 1.3
      vertex 29.1922 5.67328 0.9
    endloop
  endfacet
  facet normal 0.976122 0.217225 0
    outer loop
      vertex 29.4794 4.38272 1.3
      vertex 29.1922 5.67328 0.9
      vertex 29.1922 5.67328 1.3
    endloop
  endfacet
  facet normal 0.976122 0.217225 0
    outer loop
      vertex 29.1922 5.67328 0.9
      vertex 29.4794 4.38272 1.3
      vertex 29.4794 4.38272 0.9
    endloop
  endfacet
  facet normal 0.44669 0.894689 -0
    outer loop
      vertex 30.341 3.95255 0.9
      vertex 29.4794 4.38272 1.3
      vertex 30.341 3.95255 1.3
    endloop
  endfacet
  facet normal 0.44669 0.894689 0
    outer loop
      vertex 29.4794 4.38272 1.3
      vertex 30.341 3.95255 0.9
      vertex 29.4794 4.38272 0.9
    endloop
  endfacet
  facet normal -0.209771 0.977751 0
    outer loop
      vertex 30.8498 4.06171 0.9
      vertex 30.341 3.95255 1.3
      vertex 30.8498 4.06171 1.3
    endloop
  endfacet
  facet normal -0.209771 0.977751 0
    outer loop
      vertex 30.341 3.95255 1.3
      vertex 30.8498 4.06171 0.9
      vertex 30.341 3.95255 0.9
    endloop
  endfacet
  facet normal -0.56022 -0.828344 0
    outer loop
      vertex 30.0526 4.58859 0.9
      vertex 30.1763 4.50493 1.3
      vertex 30.0526 4.58859 1.3
    endloop
  endfacet
  facet normal -0.56022 -0.828344 -0
    outer loop
      vertex 30.1763 4.50493 1.3
      vertex 30.0526 4.58859 0.9
      vertex 30.1763 4.50493 0.9
    endloop
  endfacet
  facet normal -0.861665 -0.507478 0
    outer loop
      vertex 30.0526 4.58859 0.9
      vertex 29.9654 4.73665 1.3
      vertex 29.9654 4.73665 0.9
    endloop
  endfacet
  facet normal -0.861665 -0.507478 0
    outer loop
      vertex 29.9654 4.73665 1.3
      vertex 30.0526 4.58859 0.9
      vertex 30.0526 4.58859 1.3
    endloop
  endfacet
  facet normal -0.965068 -0.261998 0
    outer loop
      vertex 29.9654 4.73665 0.9
      vertex 29.9054 4.95766 1.3
      vertex 29.9054 4.95766 0.9
    endloop
  endfacet
  facet normal -0.965068 -0.261998 0
    outer loop
      vertex 29.9054 4.95766 1.3
      vertex 29.9654 4.73665 0.9
      vertex 29.9654 4.73665 1.3
    endloop
  endfacet
  facet normal -0.9937 -0.112069 0
    outer loop
      vertex 29.9054 4.95766 0.9
      vertex 29.8707 5.26534 1.3
      vertex 29.8707 5.26534 0.9
    endloop
  endfacet
  facet normal -0.9937 -0.112069 0
    outer loop
      vertex 29.8707 5.26534 1.3
      vertex 29.9054 4.95766 0.9
      vertex 29.9054 4.95766 1.3
    endloop
  endfacet
  facet normal -0.999603 -0.0281792 0
    outer loop
      vertex 29.8707 5.26534 0.9
      vertex 29.8592 5.67328 1.3
      vertex 29.8592 5.67328 0.9
    endloop
  endfacet
  facet normal -0.999603 -0.0281792 0
    outer loop
      vertex 29.8592 5.67328 1.3
      vertex 29.8707 5.26534 0.9
      vertex 29.8707 5.26534 1.3
    endloop
  endfacet
  facet normal -0.999648 0.0265185 0
    outer loop
      vertex 29.8592 5.67328 0.9
      vertex 29.8701 6.08417 1.3
      vertex 29.8701 6.08417 0.9
    endloop
  endfacet
  facet normal -0.999648 0.0265185 0
    outer loop
      vertex 29.8701 6.08417 1.3
      vertex 29.8592 5.67328 0.9
      vertex 29.8592 5.67328 1.3
    endloop
  endfacet
  facet normal -0.994274 0.106859 0
    outer loop
      vertex 29.8701 6.08417 0.9
      vertex 29.9031 6.39122 1.3
      vertex 29.9031 6.39122 0.9
    endloop
  endfacet
  facet normal -0.994274 0.106859 0
    outer loop
      vertex 29.9031 6.39122 1.3
      vertex 29.8701 6.08417 0.9
      vertex 29.8701 6.08417 1.3
    endloop
  endfacet
  facet normal -0.96607 0.258282 0
    outer loop
      vertex 29.9031 6.39122 0.9
      vertex 29.9618 6.61078 1.3
      vertex 29.9618 6.61078 0.9
    endloop
  endfacet
  facet normal -0.96607 0.258282 0
    outer loop
      vertex 29.9618 6.61078 1.3
      vertex 29.9031 6.39122 0.9
      vertex 29.9031 6.39122 1.3
    endloop
  endfacet
  facet normal -0.859017 0.511947 0
    outer loop
      vertex 29.9618 6.61078 0.9
      vertex 30.0502 6.75911 1.3
      vertex 30.0502 6.75911 0.9
    endloop
  endfacet
  facet normal -0.859017 0.511947 0
    outer loop
      vertex 30.0502 6.75911 1.3
      vertex 29.9618 6.61078 0.9
      vertex 29.9618 6.61078 1.3
    endloop
  endfacet
  facet normal -0.55146 0.834201 0
    outer loop
      vertex 30.1781 6.84366 0.9
      vertex 30.0502 6.75911 1.3
      vertex 30.1781 6.84366 1.3
    endloop
  endfacet
  facet normal -0.55146 0.834201 0
    outer loop
      vertex 30.0502 6.75911 1.3
      vertex 30.1781 6.84366 0.9
      vertex 30.0502 6.75911 0.9
    endloop
  endfacet
  facet normal -0.157142 0.987576 0
    outer loop
      vertex 30.3552 6.87184 0.9
      vertex 30.1781 6.84366 1.3
      vertex 30.3552 6.87184 1.3
    endloop
  endfacet
  facet normal -0.157142 0.987576 0
    outer loop
      vertex 30.1781 6.84366 1.3
      vertex 30.3552 6.87184 0.9
      vertex 30.1781 6.84366 0.9
    endloop
  endfacet
  facet normal 0.164284 0.986413 -0
    outer loop
      vertex 30.5226 6.84396 0.9
      vertex 30.3552 6.87184 1.3
      vertex 30.5226 6.84396 1.3
    endloop
  endfacet
  facet normal 0.164284 0.986413 0
    outer loop
      vertex 30.3552 6.87184 1.3
      vertex 30.5226 6.84396 0.9
      vertex 30.3552 6.87184 0.9
    endloop
  endfacet
  facet normal 0.564911 0.825152 -0
    outer loop
      vertex 30.6448 6.7603 0.9
      vertex 30.5226 6.84396 1.3
      vertex 30.6448 6.7603 1.3
    endloop
  endfacet
  facet normal 0.564911 0.825152 0
    outer loop
      vertex 30.5226 6.84396 1.3
      vertex 30.6448 6.7603 0.9
      vertex 30.5226 6.84396 0.9
    endloop
  endfacet
  facet normal 0.864241 0.503078 0
    outer loop
      vertex 30.7308 6.61256 1.3
      vertex 30.6448 6.7603 0.9
      vertex 30.6448 6.7603 1.3
    endloop
  endfacet
  facet normal 0.864241 0.503078 0
    outer loop
      vertex 30.6448 6.7603 0.9
      vertex 30.7308 6.61256 1.3
      vertex 30.7308 6.61256 0.9
    endloop
  endfacet
  facet normal 0.966242 0.257635 0
    outer loop
      vertex 30.7895 6.39241 1.3
      vertex 30.7308 6.61256 0.9
      vertex 30.7308 6.61256 1.3
    endloop
  endfacet
  facet normal 0.966242 0.257635 0
    outer loop
      vertex 30.7308 6.61256 0.9
      vertex 30.7895 6.39241 1.3
      vertex 30.7895 6.39241 0.9
    endloop
  endfacet
  facet normal 0.993995 0.109422 0
    outer loop
      vertex 30.8234 6.08446 1.3
      vertex 30.7895 6.39241 0.9
      vertex 30.7895 6.39241 1.3
    endloop
  endfacet
  facet normal 0.993995 0.109422 0
    outer loop
      vertex 30.7895 6.39241 0.9
      vertex 30.8234 6.08446 1.3
      vertex 30.8234 6.08446 0.9
    endloop
  endfacet
  facet normal 0.999623 0.0274715 0
    outer loop
      vertex 30.8347 5.67328 1.3
      vertex 30.8234 6.08446 0.9
      vertex 30.8234 6.08446 1.3
    endloop
  endfacet
  facet normal 0.999623 0.0274715 0
    outer loop
      vertex 30.8234 6.08446 0.9
      vertex 30.8347 5.67328 1.3
      vertex 30.8347 5.67328 0.9
    endloop
  endfacet
  facet normal 0.999575 -0.0291648 0
    outer loop
      vertex 30.8231 5.27571 1.3
      vertex 30.8347 5.67328 0.9
      vertex 30.8347 5.67328 1.3
    endloop
  endfacet
  facet normal 0.999575 -0.0291648 0
    outer loop
      vertex 30.8347 5.67328 0.9
      vertex 30.8231 5.27571 1.3
      vertex 30.8231 5.27571 0.9
    endloop
  endfacet
  facet normal 0.993553 -0.113367 0
    outer loop
      vertex 30.7883 4.97072 1.3
      vertex 30.8231 5.27571 0.9
      vertex 30.8231 5.27571 1.3
    endloop
  endfacet
  facet normal 0.993553 -0.113367 0
    outer loop
      vertex 30.8231 5.27571 0.9
      vertex 30.7883 4.97072 1.3
      vertex 30.7883 4.97072 0.9
    endloop
  endfacet
  facet normal 0.965228 -0.26141 0
    outer loop
      vertex 30.7278 4.74733 1.3
      vertex 30.7883 4.97072 0.9
      vertex 30.7883 4.97072 1.3
    endloop
  endfacet
  facet normal 0.965228 -0.26141 0
    outer loop
      vertex 30.7883 4.97072 0.9
      vertex 30.7278 4.74733 1.3
      vertex 30.7278 4.74733 0.9
    endloop
  endfacet
  facet normal 0.864093 -0.503333 0
    outer loop
      vertex 30.6388 4.59454 1.3
      vertex 30.7278 4.74733 0.9
      vertex 30.7278 4.74733 1.3
    endloop
  endfacet
  facet normal 0.864093 -0.503333 0
    outer loop
      vertex 30.7278 4.74733 0.9
      vertex 30.6388 4.59454 1.3
      vertex 30.6388 4.59454 0.9
    endloop
  endfacet
  facet normal 0.576532 -0.817075 0
    outer loop
      vertex 30.5139 4.50641 0.9
      vertex 30.6388 4.59454 1.3
      vertex 30.5139 4.50641 1.3
    endloop
  endfacet
  facet normal 0.576532 -0.817075 0
    outer loop
      vertex 30.6388 4.59454 1.3
      vertex 30.5139 4.50641 0.9
      vertex 30.6388 4.59454 0.9
    endloop
  endfacet
  facet normal 0.172011 -0.985095 0
    outer loop
      vertex 30.3457 4.47704 0.9
      vertex 30.5139 4.50641 1.3
      vertex 30.3457 4.47704 1.3
    endloop
  endfacet
  facet normal 0.172011 -0.985095 0
    outer loop
      vertex 30.5139 4.50641 1.3
      vertex 30.3457 4.47704 0.9
      vertex 30.5139 4.50641 0.9
    endloop
  endfacet
  facet normal -0.162453 -0.986716 0
    outer loop
      vertex 30.1763 4.50493 0.9
      vertex 30.3457 4.47704 1.3
      vertex 30.1763 4.50493 1.3
    endloop
  endfacet
  facet normal -0.162453 -0.986716 -0
    outer loop
      vertex 30.3457 4.47704 1.3
      vertex 30.1763 4.50493 0.9
      vertex 30.3457 4.47704 0.9
    endloop
  endfacet
  facet normal 0 -1 0
    outer loop
      vertex 28.1613 4.49605 0.9
      vertex 28.9279 4.49605 1.3
      vertex 28.1613 4.49605 1.3
    endloop
  endfacet
  facet normal 0 -1 -0
    outer loop
      vertex 28.9279 4.49605 1.3
      vertex 28.1613 4.49605 0.9
      vertex 28.9279 4.49605 0.9
    endloop
  endfacet
  facet normal -1 0 0
    outer loop
      vertex 28.1613 4.49605 0.9
      vertex 28.1613 7.34418 1.3
      vertex 28.1613 7.34418 0.9
    endloop
  endfacet
  facet normal -1 -0 0
    outer loop
      vertex 28.1613 7.34418 1.3
      vertex 28.1613 4.49605 0.9
      vertex 28.1613 4.49605 1.3
    endloop
  endfacet
  facet normal 0 -1 0
    outer loop
      vertex 27.53 7.34418 0.9
      vertex 28.1613 7.34418 1.3
      vertex 27.53 7.34418 1.3
    endloop
  endfacet
  facet normal 0 -1 -0
    outer loop
      vertex 28.1613 7.34418 1.3
      vertex 27.53 7.34418 0.9
      vertex 28.1613 7.34418 0.9
    endloop
  endfacet
  facet normal 0.544249 -0.838924 0
    outer loop
      vertex 26.6922 6.80066 0.9
      vertex 27.53 7.34418 1.3
      vertex 26.6922 6.80066 1.3
    endloop
  endfacet
  facet normal 0.544249 -0.838924 0
    outer loop
      vertex 27.53 7.34418 1.3
      vertex 26.6922 6.80066 0.9
      vertex 27.53 7.34418 0.9
    endloop
  endfacet
  facet normal 1 -0 0
    outer loop
      vertex 26.6922 6.27611 1.3
      vertex 26.6922 6.80066 0.9
      vertex 26.6922 6.80066 1.3
    endloop
  endfacet
  facet normal 1 0 0
    outer loop
      vertex 26.6922 6.80066 0.9
      vertex 26.6922 6.27611 1.3
      vertex 26.6922 6.27611 0.9
    endloop
  endfacet
  facet normal -0.529577 0.848262 0
    outer loop
      vertex 27.4944 6.77693 0.9
      vertex 26.6922 6.27611 1.3
      vertex 27.4944 6.77693 1.3
    endloop
  endfacet
  facet normal -0.529577 0.848262 0
    outer loop
      vertex 26.6922 6.27611 1.3
      vertex 27.4944 6.77693 0.9
      vertex 26.6922 6.27611 0.9
    endloop
  endfacet
  facet normal 1 -0 0
    outer loop
      vertex 27.4944 4.49605 1.3
      vertex 27.4944 6.77693 0.9
      vertex 27.4944 6.77693 1.3
    endloop
  endfacet
  facet normal 1 0 0
    outer loop
      vertex 27.4944 6.77693 0.9
      vertex 27.4944 4.49605 1.3
      vertex 27.4944 4.49605 0.9
    endloop
  endfacet
  facet normal 0 -1 0
    outer loop
      vertex 26.666 4.49605 0.9
      vertex 27.4944 4.49605 1.3
      vertex 26.666 4.49605 1.3
    endloop
  endfacet
  facet normal 0 -1 -0
    outer loop
      vertex 27.4944 4.49605 1.3
      vertex 26.666 4.49605 0.9
      vertex 27.4944 4.49605 0.9
    endloop
  endfacet
  facet normal 1 -0 0
    outer loop
      vertex 26.666 4 1.3
      vertex 26.666 4.49605 0.9
      vertex 26.666 4.49605 1.3
    endloop
  endfacet
  facet normal 1 0 0
    outer loop
      vertex 26.666 4.49605 0.9
      vertex 26.666 4 1.3
      vertex 26.666 4 0.9
    endloop
  endfacet
  facet normal 0 1 -0
    outer loop
      vertex 28.9279 4 0.9
      vertex 26.666 4 1.3
      vertex 28.9279 4 1.3
    endloop
  endfacet
  facet normal 0 1 0
    outer loop
      vertex 26.666 4 1.3
      vertex 28.9279 4 0.9
      vertex 26.666 4 0.9
    endloop
  endfacet
  facet normal -1 0 0
    outer loop
      vertex 28.9279 4 0.9
      vertex 28.9279 4.49605 1.3
      vertex 28.9279 4.49605 0.9
    endloop
  endfacet
  facet normal -1 -0 0
    outer loop
      vertex 28.9279 4.49605 1.3
      vertex 28.9279 4 0.9
      vertex 28.9279 4 1.3
    endloop
  endfacet
  facet normal 1 -0 0
    outer loop
      vertex 39.85 7.85 1.3
      vertex 39.85 22.15 0
      vertex 39.85 22.15 1.3
    endloop
  endfacet
  facet normal 1 0 0
    outer loop
      vertex 39.85 22.15 0
      vertex 39.85 7.85 1.3
      vertex 39.85 7.85 0
    endloop
  endfacet
  facet normal 0 -1 0
    outer loop
      vertex 39.85 22.15 0
      vertex 54.15 22.15 1.3
      vertex 39.85 22.15 1.3
    endloop
  endfacet
  facet normal 0 -1 -0
    outer loop
      vertex 54.15 22.15 1.3
      vertex 39.85 22.15 0
      vertex 54.15 22.15 0
    endloop
  endfacet
  facet normal -1 0 0
    outer loop
      vertex 54.15 7.85 0
      vertex 54.15 22.15 1.3
      vertex 54.15 22.15 0
    endloop
  endfacet
  facet normal -1 -0 0
    outer loop
      vertex 54.15 22.15 1.3
      vertex 54.15 7.85 0
      vertex 54.15 7.85 1.3
    endloop
  endfacet
  facet normal 0 1 -0
    outer loop
      vertex 54.15 7.85 0
      vertex 39.85 7.85 1.3
      vertex 54.15 7.85 1.3
    endloop
  endfacet
  facet normal 0 1 0
    outer loop
      vertex 39.85 7.85 1.3
      vertex 54.15 7.85 0
      vertex 39.85 7.85 0
    endloop
  endfacet
  facet normal 0 0 1
    outer loop
      vertex 45.4944 6.77693 0.9
      vertex 46.1613 7.34418 0.9
      vertex 45.53 7.34418 0.9
    endloop
  endfacet
  facet normal -0 0 1
    outer loop
      vertex 46.1613 4.49605 0.9
      vertex 46.9279 4 0.9
      vertex 46.9279 4.49605 0.9
    endloop
  endfacet
  facet normal 0 0 1
    outer loop
      vertex 46.1613 7.34418 0.9
      vertex 45.4944 6.77693 0.9
      vertex 46.1613 4.49605 0.9
    endloop
  endfacet
  facet normal 0 0 1
    outer loop
      vertex 45.4944 4.49605 0.9
      vertex 46.1613 4.49605 0.9
      vertex 45.4944 6.77693 0.9
    endloop
  endfacet
  facet normal -0 0 1
    outer loop
      vertex 45.4944 4.49605 0.9
      vertex 46.9279 4 0.9
      vertex 46.1613 4.49605 0.9
    endloop
  endfacet
  facet normal 0 0 1
    outer loop
      vertex 44.666 4 0.9
      vertex 45.4944 4.49605 0.9
      vertex 44.666 4.49605 0.9
    endloop
  endfacet
  facet normal 0 0 1
    outer loop
      vertex 45.4944 4.49605 0.9
      vertex 44.666 4 0.9
      vertex 46.9279 4 0.9
    endloop
  endfacet
  facet normal -0 0 1
    outer loop
      vertex 44.6922 6.80066 0.9
      vertex 45.4944 6.77693 0.9
      vertex 45.53 7.34418 0.9
    endloop
  endfacet
  facet normal 0 0 1
    outer loop
      vertex 45.4944 6.77693 0.9
      vertex 44.6922 6.80066 0.9
      vertex 44.6922 6.27611 0.9
    endloop
  endfacet
  facet normal 0 0 1
    outer loop
      vertex 49.3734 7.34418 0.9
      vertex 47.9684 6.84811 0.9
      vertex 49.3734 6.84811 0.9
    endloop
  endfacet
  facet normal -0 0 1
    outer loop
      vertex 47.3631 7.34418 0.9
      vertex 47.9684 6.84811 0.9
      vertex 49.3734 7.34418 0.9
    endloop
  endfacet
  facet normal 0 0 1
    outer loop
      vertex 47.3631 7.34418 0.9
      vertex 47.9138 6.00319 0.9
      vertex 47.9684 6.84811 0.9
    endloop
  endfacet
  facet normal 0 0 1
    outer loop
      vertex 47.2468 5.46205 0.9
      vertex 47.9138 6.00319 0.9
      vertex 47.3631 7.34418 0.9
    endloop
  endfacet
  facet normal 0 0 1
    outer loop
      vertex 47.9138 6.00319 0.9
      vertex 47.2468 5.46205 0.9
      vertex 47.8971 5.46205 0.9
    endloop
  endfacet
  facet normal 0 0 1
    outer loop
      vertex 49.5681 5.11313 0.9
      vertex 48.8471 5.33592 0.9
      vertex 48.8821 5.09889 0.9
    endloop
  endfacet
  facet normal 0 0 1
    outer loop
      vertex 49.282 5.92009 0.9
      vertex 48.7421 5.52014 0.9
      vertex 48.8471 5.33592 0.9
    endloop
  endfacet
  facet normal 0 0 1
    outer loop
      vertex 48.9483 6.14261 0.9
      vertex 48.5742 5.63853 0.9
      vertex 48.7421 5.52014 0.9
    endloop
  endfacet
  facet normal 0 0 1
    outer loop
      vertex 48.519 6.21678 0.9
      vertex 48.5742 5.63853 0.9
      vertex 48.9483 6.14261 0.9
    endloop
  endfacet
  facet normal 0 0 1
    outer loop
      vertex 48.519 6.21678 0.9
      vertex 48.3505 5.67799 0.9
      vertex 48.5742 5.63853 0.9
    endloop
  endfacet
  facet normal -0 0 1
    outer loop
      vertex 48.1861 6.16339 0.9
      vertex 48.3505 5.67799 0.9
      vertex 48.519 6.21678 0.9
    endloop
  endfacet
  facet normal 0 0 1
    outer loop
      vertex 48.1861 6.16339 0.9
      vertex 48.0983 5.62401 0.9
      vertex 48.3505 5.67799 0.9
    endloop
  endfacet
  facet normal -0 0 1
    outer loop
      vertex 47.9138 6.00319 0.9
      vertex 48.0983 5.62401 0.9
      vertex 48.1861 6.16339 0.9
    endloop
  endfacet
  facet normal 0 0 1
    outer loop
      vertex 48.0983 5.62401 0.9
      vertex 47.9138 6.00319 0.9
      vertex 47.8971 5.46205 0.9
    endloop
  endfacet
  facet normal -0 0 1
    outer loop
      vertex 48.8471 5.33592 0.9
      vertex 49.5681 5.11313 0.9
      vertex 49.4965 5.57002 0.9
    endloop
  endfacet
  facet normal 0 0 1
    outer loop
      vertex 48.8471 5.33592 0.9
      vertex 49.4965 5.57002 0.9
      vertex 49.282 5.92009 0.9
    endloop
  endfacet
  facet normal 0 0 1
    outer loop
      vertex 49.5681 5.11313 0.9
      vertex 48.8821 5.09889 0.9
      vertex 49.4853 4.63577 0.9
    endloop
  endfacet
  facet normal 0 0 1
    outer loop
      vertex 48.7421 5.52014 0.9
      vertex 49.282 5.92009 0.9
      vertex 48.9483 6.14261 0.9
    endloop
  endfacet
  facet normal -0 0 1
    outer loop
      vertex 48.845 4.83485 0.9
      vertex 49.4853 4.63577 0.9
      vertex 48.8821 5.09889 0.9
    endloop
  endfacet
  facet normal 0 0 1
    outer loop
      vertex 49.4853 4.63577 0.9
      vertex 48.845 4.83485 0.9
      vertex 49.237 4.26701 0.9
    endloop
  endfacet
  facet normal -0 0 1
    outer loop
      vertex 48.7338 4.64081 0.9
      vertex 49.237 4.26701 0.9
      vertex 48.845 4.83485 0.9
    endloop
  endfacet
  facet normal 0 0 1
    outer loop
      vertex 49.237 4.26701 0.9
      vertex 48.7338 4.64081 0.9
      vertex 48.8444 4.03116 0.9
    endloop
  endfacet
  facet normal -0 0 1
    outer loop
      vertex 48.5602 4.52156 0.9
      vertex 48.8444 4.03116 0.9
      vertex 48.7338 4.64081 0.9
    endloop
  endfacet
  facet normal 0 0 1
    outer loop
      vertex 48.3291 3.95255 0.9
      vertex 48.5602 4.52156 0.9
      vertex 48.3362 4.4818 0.9
    endloop
  endfacet
  facet normal 0 0 1
    outer loop
      vertex 48.5602 4.52156 0.9
      vertex 48.3291 3.95255 0.9
      vertex 48.8444 4.03116 0.9
    endloop
  endfacet
  facet normal 0 0 1
    outer loop
      vertex 48.1517 4.50613 0.9
      vertex 48.3291 3.95255 0.9
      vertex 48.3362 4.4818 0.9
    endloop
  endfacet
  facet normal 0 0 1
    outer loop
      vertex 47.8761 4.0092 0.9
      vertex 48.1517 4.50613 0.9
      vertex 48.0016 4.5791 0.9
    endloop
  endfacet
  facet normal 0 0 1
    outer loop
      vertex 47.5233 4.1792 0.9
      vertex 48.0016 4.5791 0.9
      vertex 47.8888 4.70551 0.9
    endloop
  endfacet
  facet normal 0 0 1
    outer loop
      vertex 48.1517 4.50613 0.9
      vertex 47.8761 4.0092 0.9
      vertex 48.3291 3.95255 0.9
    endloop
  endfacet
  facet normal 0 0 1
    outer loop
      vertex 47.2786 4.45659 0.9
      vertex 47.8888 4.70551 0.9
      vertex 47.8165 4.89005 0.9
    endloop
  endfacet
  facet normal 0 0 1
    outer loop
      vertex 48.0016 4.5791 0.9
      vertex 47.5233 4.1792 0.9
      vertex 47.8761 4.0092 0.9
    endloop
  endfacet
  facet normal 0 0 1
    outer loop
      vertex 47.8888 4.70551 0.9
      vertex 47.2786 4.45659 0.9
      vertex 47.5233 4.1792 0.9
    endloop
  endfacet
  facet normal 0 -0 1
    outer loop
      vertex 47.2786 4.45659 0.9
      vertex 47.8165 4.89005 0.9
      vertex 47.1495 4.83545 0.9
    endloop
  endfacet
  facet normal 0 -1 0
    outer loop
      vertex 46.1613 4.49605 0.9
      vertex 46.9279 4.49605 1.3
      vertex 46.1613 4.49605 1.3
    endloop
  endfacet
  facet normal 0 -1 -0
    outer loop
      vertex 46.9279 4.49605 1.3
      vertex 46.1613 4.49605 0.9
      vertex 46.9279 4.49605 0.9
    endloop
  endfacet
  facet normal -1 0 0
    outer loop
      vertex 46.1613 4.49605 0.9
      vertex 46.1613 7.34418 1.3
      vertex 46.1613 7.34418 0.9
    endloop
  endfacet
  facet normal -1 -0 0
    outer loop
      vertex 46.1613 7.34418 1.3
      vertex 46.1613 4.49605 0.9
      vertex 46.1613 4.49605 1.3
    endloop
  endfacet
  facet normal 0 -1 0
    outer loop
      vertex 45.53 7.34418 0.9
      vertex 46.1613 7.34418 1.3
      vertex 45.53 7.34418 1.3
    endloop
  endfacet
  facet normal 0 -1 -0
    outer loop
      vertex 46.1613 7.34418 1.3
      vertex 45.53 7.34418 0.9
      vertex 46.1613 7.34418 0.9
    endloop
  endfacet
  facet normal 0.544249 -0.838924 0
    outer loop
      vertex 44.6922 6.80066 0.9
      vertex 45.53 7.34418 1.3
      vertex 44.6922 6.80066 1.3
    endloop
  endfacet
  facet normal 0.544249 -0.838924 0
    outer loop
      vertex 45.53 7.34418 1.3
      vertex 44.6922 6.80066 0.9
      vertex 45.53 7.34418 0.9
    endloop
  endfacet
  facet normal 1 -0 0
    outer loop
      vertex 44.6922 6.27611 1.3
      vertex 44.6922 6.80066 0.9
      vertex 44.6922 6.80066 1.3
    endloop
  endfacet
  facet normal 1 0 0
    outer loop
      vertex 44.6922 6.80066 0.9
      vertex 44.6922 6.27611 1.3
      vertex 44.6922 6.27611 0.9
    endloop
  endfacet
  facet normal -0.529577 0.848262 0
    outer loop
      vertex 45.4944 6.77693 0.9
      vertex 44.6922 6.27611 1.3
      vertex 45.4944 6.77693 1.3
    endloop
  endfacet
  facet normal -0.529577 0.848262 0
    outer loop
      vertex 44.6922 6.27611 1.3
      vertex 45.4944 6.77693 0.9
      vertex 44.6922 6.27611 0.9
    endloop
  endfacet
  facet normal 1 -0 0
    outer loop
      vertex 45.4944 4.49605 1.3
      vertex 45.4944 6.77693 0.9
      vertex 45.4944 6.77693 1.3
    endloop
  endfacet
  facet normal 1 0 0
    outer loop
      vertex 45.4944 6.77693 0.9
      vertex 45.4944 4.49605 1.3
      vertex 45.4944 4.49605 0.9
    endloop
  endfacet
  facet normal 0 -1 0
    outer loop
      vertex 44.666 4.49605 0.9
      vertex 45.4944 4.49605 1.3
      vertex 44.666 4.49605 1.3
    endloop
  endfacet
  facet normal 0 -1 -0
    outer loop
      vertex 45.4944 4.49605 1.3
      vertex 44.666 4.49605 0.9
      vertex 45.4944 4.49605 0.9
    endloop
  endfacet
  facet normal 1 -0 0
    outer loop
      vertex 44.666 4 1.3
      vertex 44.666 4.49605 0.9
      vertex 44.666 4.49605 1.3
    endloop
  endfacet
  facet normal 1 0 0
    outer loop
      vertex 44.666 4.49605 0.9
      vertex 44.666 4 1.3
      vertex 44.666 4 0.9
    endloop
  endfacet
  facet normal 0 1 -0
    outer loop
      vertex 46.9279 4 0.9
      vertex 44.666 4 1.3
      vertex 46.9279 4 1.3
    endloop
  endfacet
  facet normal 0 1 0
    outer loop
      vertex 44.666 4 1.3
      vertex 46.9279 4 0.9
      vertex 44.666 4 0.9
    endloop
  endfacet
  facet normal -1 0 0
    outer loop
      vertex 46.9279 4 0.9
      vertex 46.9279 4.49605 1.3
      vertex 46.9279 4.49605 0.9
    endloop
  endfacet
  facet normal -1 -0 0
    outer loop
      vertex 46.9279 4.49605 1.3
      vertex 46.9279 4 0.9
      vertex 46.9279 4 1.3
    endloop
  endfacet
  facet normal -0.514961 0.857213 0
    outer loop
      vertex 49.237 4.26701 0.9
      vertex 48.8444 4.03116 1.3
      vertex 49.237 4.26701 1.3
    endloop
  endfacet
  facet normal -0.514961 0.857213 0
    outer loop
      vertex 48.8444 4.03116 1.3
      vertex 49.237 4.26701 0.9
      vertex 48.8444 4.03116 0.9
    endloop
  endfacet
  facet normal -0.829488 0.558525 0
    outer loop
      vertex 49.237 4.26701 0.9
      vertex 49.4853 4.63577 1.3
      vertex 49.4853 4.63577 0.9
    endloop
  endfacet
  facet normal -0.829488 0.558525 0
    outer loop
      vertex 49.4853 4.63577 1.3
      vertex 49.237 4.26701 0.9
      vertex 49.237 4.26701 1.3
    endloop
  endfacet
  facet normal -0.985288 0.170902 0
    outer loop
      vertex 49.4853 4.63577 0.9
      vertex 49.5681 5.11313 1.3
      vertex 49.5681 5.11313 0.9
    endloop
  endfacet
  facet normal -0.985288 0.170902 0
    outer loop
      vertex 49.5681 5.11313 1.3
      vertex 49.4853 4.63577 0.9
      vertex 49.4853 4.63577 1.3
    endloop
  endfacet
  facet normal -0.987942 -0.154822 0
    outer loop
      vertex 49.5681 5.11313 0.9
      vertex 49.4965 5.57002 1.3
      vertex 49.4965 5.57002 0.9
    endloop
  endfacet
  facet normal -0.987942 -0.154822 0
    outer loop
      vertex 49.4965 5.57002 1.3
      vertex 49.5681 5.11313 0.9
      vertex 49.5681 5.11313 1.3
    endloop
  endfacet
  facet normal -0.852665 -0.522458 0
    outer loop
      vertex 49.4965 5.57002 0.9
      vertex 49.282 5.92009 1.3
      vertex 49.282 5.92009 0.9
    endloop
  endfacet
  facet normal -0.852665 -0.522458 0
    outer loop
      vertex 49.282 5.92009 1.3
      vertex 49.4965 5.57002 0.9
      vertex 49.4965 5.57002 1.3
    endloop
  endfacet
  facet normal -0.554792 -0.831989 0
    outer loop
      vertex 48.9483 6.14261 0.9
      vertex 49.282 5.92009 1.3
      vertex 48.9483 6.14261 1.3
    endloop
  endfacet
  facet normal -0.554792 -0.831989 -0
    outer loop
      vertex 49.282 5.92009 1.3
      vertex 48.9483 6.14261 0.9
      vertex 49.282 5.92009 0.9
    endloop
  endfacet
  facet normal -0.170247 -0.985401 0
    outer loop
      vertex 48.519 6.21678 0.9
      vertex 48.9483 6.14261 1.3
      vertex 48.519 6.21678 1.3
    endloop
  endfacet
  facet normal -0.170247 -0.985401 -0
    outer loop
      vertex 48.9483 6.14261 1.3
      vertex 48.519 6.21678 0.9
      vertex 48.9483 6.14261 0.9
    endloop
  endfacet
  facet normal 0.158355 -0.987382 0
    outer loop
      vertex 48.1861 6.16339 0.9
      vertex 48.519 6.21678 1.3
      vertex 48.1861 6.16339 1.3
    endloop
  endfacet
  facet normal 0.158355 -0.987382 0
    outer loop
      vertex 48.519 6.21678 1.3
      vertex 48.1861 6.16339 0.9
      vertex 48.519 6.21678 0.9
    endloop
  endfacet
  facet normal 0.507075 -0.861902 0
    outer loop
      vertex 47.9138 6.00319 0.9
      vertex 48.1861 6.16339 1.3
      vertex 47.9138 6.00319 1.3
    endloop
  endfacet
  facet normal 0.507075 -0.861902 0
    outer loop
      vertex 48.1861 6.16339 1.3
      vertex 47.9138 6.00319 0.9
      vertex 48.1861 6.16339 0.9
    endloop
  endfacet
  facet normal -0.997919 0.064487 0
    outer loop
      vertex 47.9138 6.00319 0.9
      vertex 47.9684 6.84811 1.3
      vertex 47.9684 6.84811 0.9
    endloop
  endfacet
  facet normal -0.997919 0.064487 0
    outer loop
      vertex 47.9684 6.84811 1.3
      vertex 47.9138 6.00319 0.9
      vertex 47.9138 6.00319 1.3
    endloop
  endfacet
  facet normal 0 1 -0
    outer loop
      vertex 49.3734 6.84811 0.9
      vertex 47.9684 6.84811 1.3
      vertex 49.3734 6.84811 1.3
    endloop
  endfacet
  facet normal 0 1 0
    outer loop
      vertex 47.9684 6.84811 1.3
      vertex 49.3734 6.84811 0.9
      vertex 47.9684 6.84811 0.9
    endloop
  endfacet
  facet normal -1 0 0
    outer loop
      vertex 49.3734 6.84811 0.9
      vertex 49.3734 7.34418 1.3
      vertex 49.3734 7.34418 0.9
    endloop
  endfacet
  facet normal -1 -0 0
    outer loop
      vertex 49.3734 7.34418 1.3
      vertex 49.3734 6.84811 0.9
      vertex 49.3734 6.84811 1.3
    endloop
  endfacet
  facet normal 0 -1 0
    outer loop
      vertex 47.3631 7.34418 0.9
      vertex 49.3734 7.34418 1.3
      vertex 47.3631 7.34418 1.3
    endloop
  endfacet
  facet normal 0 -1 -0
    outer loop
      vertex 49.3734 7.34418 1.3
      vertex 47.3631 7.34418 0.9
      vertex 49.3734 7.34418 0.9
    endloop
  endfacet
  facet normal 0.998096 -0.0616741 0
    outer loop
      vertex 47.2468 5.46205 1.3
      vertex 47.3631 7.34418 0.9
      vertex 47.3631 7.34418 1.3
    endloop
  endfacet
  facet normal 0.998096 -0.0616741 0
    outer loop
      vertex 47.3631 7.34418 0.9
      vertex 47.2468 5.46205 1.3
      vertex 47.2468 5.46205 0.9
    endloop
  endfacet
  facet normal 0 1 -0
    outer loop
      vertex 47.8971 5.46205 0.9
      vertex 47.2468 5.46205 1.3
      vertex 47.8971 5.46205 1.3
    endloop
  endfacet
  facet normal 0 1 0
    outer loop
      vertex 47.2468 5.46205 1.3
      vertex 47.8971 5.46205 0.9
      vertex 47.2468 5.46205 0.9
    endloop
  endfacet
  facet normal -0.627053 0.778977 0
    outer loop
      vertex 48.0983 5.62401 0.9
      vertex 47.8971 5.46205 1.3
      vertex 48.0983 5.62401 1.3
    endloop
  endfacet
  facet normal -0.627053 0.778977 0
    outer loop
      vertex 47.8971 5.46205 1.3
      vertex 48.0983 5.62401 0.9
      vertex 47.8971 5.46205 0.9
    endloop
  endfacet
  facet normal -0.209296 0.977852 0
    outer loop
      vertex 48.3505 5.67799 0.9
      vertex 48.0983 5.62401 1.3
      vertex 48.3505 5.67799 1.3
    endloop
  endfacet
  facet normal -0.209296 0.977852 0
    outer loop
      vertex 48.0983 5.62401 1.3
      vertex 48.3505 5.67799 0.9
      vertex 48.0983 5.62401 0.9
    endloop
  endfacet
  facet normal 0.173715 0.984796 -0
    outer loop
      vertex 48.5742 5.63853 0.9
      vertex 48.3505 5.67799 1.3
      vertex 48.5742 5.63853 1.3
    endloop
  endfacet
  facet normal 0.173715 0.984796 0
    outer loop
      vertex 48.3505 5.67799 1.3
      vertex 48.5742 5.63853 0.9
      vertex 48.3505 5.67799 0.9
    endloop
  endfacet
  facet normal 0.576268 0.81726 -0
    outer loop
      vertex 48.7421 5.52014 0.9
      vertex 48.5742 5.63853 1.3
      vertex 48.7421 5.52014 1.3
    endloop
  endfacet
  facet normal 0.576268 0.81726 0
    outer loop
      vertex 48.5742 5.63853 1.3
      vertex 48.7421 5.52014 0.9
      vertex 48.5742 5.63853 0.9
    endloop
  endfacet
  facet normal 0.868788 0.495184 0
    outer loop
      vertex 48.8471 5.33592 1.3
      vertex 48.7421 5.52014 0.9
      vertex 48.7421 5.52014 1.3
    endloop
  endfacet
  facet normal 0.868788 0.495184 0
    outer loop
      vertex 48.7421 5.52014 0.9
      vertex 48.8471 5.33592 1.3
      vertex 48.8471 5.33592 0.9
    endloop
  endfacet
  facet normal 0.989273 0.146077 0
    outer loop
      vertex 48.8821 5.09889 1.3
      vertex 48.8471 5.33592 0.9
      vertex 48.8471 5.33592 1.3
    endloop
  endfacet
  facet normal 0.989273 0.146077 0
    outer loop
      vertex 48.8471 5.33592 0.9
      vertex 48.8821 5.09889 1.3
      vertex 48.8821 5.09889 0.9
    endloop
  endfacet
  facet normal 0.990272 -0.139142 0
    outer loop
      vertex 48.845 4.83485 1.3
      vertex 48.8821 5.09889 0.9
      vertex 48.8821 5.09889 1.3
    endloop
  endfacet
  facet normal 0.990272 -0.139142 0
    outer loop
      vertex 48.8821 5.09889 0.9
      vertex 48.845 4.83485 1.3
      vertex 48.845 4.83485 0.9
    endloop
  endfacet
  facet normal 0.867626 -0.497217 0
    outer loop
      vertex 48.7338 4.64081 1.3
      vertex 48.845 4.83485 0.9
      vertex 48.845 4.83485 1.3
    endloop
  endfacet
  facet normal 0.867626 -0.497217 0
    outer loop
      vertex 48.845 4.83485 0.9
      vertex 48.7338 4.64081 1.3
      vertex 48.7338 4.64081 0.9
    endloop
  endfacet
  facet normal 0.566206 -0.824264 0
    outer loop
      vertex 48.5602 4.52156 0.9
      vertex 48.7338 4.64081 1.3
      vertex 48.5602 4.52156 1.3
    endloop
  endfacet
  facet normal 0.566206 -0.824264 0
    outer loop
      vertex 48.7338 4.64081 1.3
      vertex 48.5602 4.52156 0.9
      vertex 48.7338 4.64081 0.9
    endloop
  endfacet
  facet normal 0.174768 -0.98461 0
    outer loop
      vertex 48.3362 4.4818 0.9
      vertex 48.5602 4.52156 1.3
      vertex 48.3362 4.4818 1.3
    endloop
  endfacet
  facet normal 0.174768 -0.98461 0
    outer loop
      vertex 48.5602 4.52156 1.3
      vertex 48.3362 4.4818 0.9
      vertex 48.5602 4.52156 0.9
    endloop
  endfacet
  facet normal -0.130738 -0.991417 0
    outer loop
      vertex 48.1517 4.50613 0.9
      vertex 48.3362 4.4818 1.3
      vertex 48.1517 4.50613 1.3
    endloop
  endfacet
  facet normal -0.130738 -0.991417 -0
    outer loop
      vertex 48.3362 4.4818 1.3
      vertex 48.1517 4.50613 0.9
      vertex 48.3362 4.4818 0.9
    endloop
  endfacet
  facet normal -0.437216 -0.899357 0
    outer loop
      vertex 48.0016 4.5791 0.9
      vertex 48.1517 4.50613 1.3
      vertex 48.0016 4.5791 1.3
    endloop
  endfacet
  facet normal -0.437216 -0.899357 -0
    outer loop
      vertex 48.1517 4.50613 1.3
      vertex 48.0016 4.5791 0.9
      vertex 48.1517 4.50613 0.9
    endloop
  endfacet
  facet normal -0.746131 -0.665799 0
    outer loop
      vertex 48.0016 4.5791 0.9
      vertex 47.8888 4.70551 1.3
      vertex 47.8888 4.70551 0.9
    endloop
  endfacet
  facet normal -0.746131 -0.665799 0
    outer loop
      vertex 47.8888 4.70551 1.3
      vertex 48.0016 4.5791 0.9
      vertex 48.0016 4.5791 1.3
    endloop
  endfacet
  facet normal -0.931091 -0.364787 0
    outer loop
      vertex 47.8888 4.70551 0.9
      vertex 47.8165 4.89005 1.3
      vertex 47.8165 4.89005 0.9
    endloop
  endfacet
  facet normal -0.931091 -0.364787 0
    outer loop
      vertex 47.8165 4.89005 1.3
      vertex 47.8888 4.70551 0.9
      vertex 47.8888 4.70551 1.3
    endloop
  endfacet
  facet normal 0.0815862 -0.996666 0
    outer loop
      vertex 47.1495 4.83545 0.9
      vertex 47.8165 4.89005 1.3
      vertex 47.1495 4.83545 1.3
    endloop
  endfacet
  facet normal 0.0815862 -0.996666 0
    outer loop
      vertex 47.8165 4.89005 1.3
      vertex 47.1495 4.83545 0.9
      vertex 47.8165 4.89005 0.9
    endloop
  endfacet
  facet normal 0.946554 0.322547 0
    outer loop
      vertex 47.2786 4.45659 1.3
      vertex 47.1495 4.83545 0.9
      vertex 47.1495 4.83545 1.3
    endloop
  endfacet
  facet normal 0.946554 0.322547 0
    outer loop
      vertex 47.1495 4.83545 0.9
      vertex 47.2786 4.45659 1.3
      vertex 47.2786 4.45659 0.9
    endloop
  endfacet
  facet normal 0.749913 0.661537 0
    outer loop
      vertex 47.5233 4.1792 1.3
      vertex 47.2786 4.45659 0.9
      vertex 47.2786 4.45659 1.3
    endloop
  endfacet
  facet normal 0.749913 0.661537 0
    outer loop
      vertex 47.2786 4.45659 0.9
      vertex 47.5233 4.1792 1.3
      vertex 47.5233 4.1792 0.9
    endloop
  endfacet
  facet normal 0.434092 0.900869 -0
    outer loop
      vertex 47.8761 4.0092 0.9
      vertex 47.5233 4.1792 1.3
      vertex 47.8761 4.0092 1.3
    endloop
  endfacet
  facet normal 0.434092 0.900869 0
    outer loop
      vertex 47.5233 4.1792 1.3
      vertex 47.8761 4.0092 0.9
      vertex 47.5233 4.1792 0.9
    endloop
  endfacet
  facet normal 0.124089 0.992271 -0
    outer loop
      vertex 48.3291 3.95255 0.9
      vertex 47.8761 4.0092 1.3
      vertex 48.3291 3.95255 1.3
    endloop
  endfacet
  facet normal 0.124089 0.992271 0
    outer loop
      vertex 47.8761 4.0092 1.3
      vertex 48.3291 3.95255 0.9
      vertex 47.8761 4.0092 0.9
    endloop
  endfacet
  facet normal -0.150807 0.988563 0
    outer loop
      vertex 48.8444 4.03116 0.9
      vertex 48.3291 3.95255 1.3
      vertex 48.8444 4.03116 1.3
    endloop
  endfacet
  facet normal -0.150807 0.988563 0
    outer loop
      vertex 48.3291 3.95255 1.3
      vertex 48.8444 4.03116 0.9
      vertex 48.3291 3.95255 0.9
    endloop
  endfacet
  facet normal 1 -0 0
    outer loop
      vertex 57.8 7.8 1.3
      vertex 57.8 22.2 0
      vertex 57.8 22.2 1.3
    endloop
  endfacet
  facet normal 1 0 0
    outer loop
      vertex 57.8 22.2 0
      vertex 57.8 7.8 1.3
      vertex 57.8 7.8 0
    endloop
  endfacet
  facet normal 0 -1 0
    outer loop
      vertex 57.8 22.2 0
      vertex 72.2 22.2 1.3
      vertex 57.8 22.2 1.3
    endloop
  endfacet
  facet normal 0 -1 -0
    outer loop
      vertex 72.2 22.2 1.3
      vertex 57.8 22.2 0
      vertex 72.2 22.2 0
    endloop
  endfacet
  facet normal -1 0 0
    outer loop
      vertex 72.2 7.8 0
      vertex 72.2 22.2 1.3
      vertex 72.2 22.2 0
    endloop
  endfacet
  facet normal -1 -0 0
    outer loop
      vertex 72.2 22.2 1.3
      vertex 72.2 7.8 0
      vertex 72.2 7.8 1.3
    endloop
  endfacet
  facet normal 0 1 -0
    outer loop
      vertex 72.2 7.8 0
      vertex 57.8 7.8 1.3
      vertex 72.2 7.8 1.3
    endloop
  endfacet
  facet normal 0 1 0
    outer loop
      vertex 57.8 7.8 1.3
      vertex 72.2 7.8 0
      vertex 57.8 7.8 0
    endloop
  endfacet
  facet normal 0 0 1
    outer loop
      vertex 64.1399 6.42563 0.9
      vertex 64.8164 6.45412 0.9
      vertex 64.744 6.85049 0.9
    endloop
  endfacet
  facet normal 0 0 1
    outer loop
      vertex 64.8164 6.45412 0.9
      vertex 64.1399 6.42563 0.9
      vertex 64.7932 6.23044 0.9
    endloop
  endfacet
  facet normal -0 0 1
    outer loop
      vertex 64.1046 6.24585 0.9
      vertex 64.7932 6.23044 0.9
      vertex 64.1399 6.42563 0.9
    endloop
  endfacet
  facet normal 0 0 1
    outer loop
      vertex 64.0302 6.75317 0.9
      vertex 64.744 6.85049 0.9
      vertex 64.5268 7.14716 0.9
    endloop
  endfacet
  facet normal 0 0 1
    outer loop
      vertex 64.7932 6.23044 0.9
      vertex 64.1046 6.24585 0.9
      vertex 64.7238 6.0293 0.9
    endloop
  endfacet
  facet normal 0 0 1
    outer loop
      vertex 64.7238 6.0293 0.9
      vertex 64.1046 6.24585 0.9
      vertex 64.6182 5.84683 0.9
    endloop
  endfacet
  facet normal 0 0 1
    outer loop
      vertex 64.0302 6.75317 0.9
      vertex 64.5268 7.14716 0.9
      vertex 64.1744 7.33231 0.9
    endloop
  endfacet
  facet normal -0 0 1
    outer loop
      vertex 63.9987 6.0625 0.9
      vertex 64.6182 5.84683 0.9
      vertex 64.1046 6.24585 0.9
    endloop
  endfacet
  facet normal 0 0 1
    outer loop
      vertex 64.6182 5.84683 0.9
      vertex 63.9987 6.0625 0.9
      vertex 64.4865 5.67918 0.9
    endloop
  endfacet
  facet normal 0 0 1
    outer loop
      vertex 64.744 6.85049 0.9
      vertex 64.0302 6.75317 0.9
      vertex 64.1399 6.42563 0.9
    endloop
  endfacet
  facet normal 0 0 1
    outer loop
      vertex 64.1744 7.33231 0.9
      vertex 63.7009 6.86237 0.9
      vertex 64.0302 6.75317 0.9
    endloop
  endfacet
  facet normal 0 0 1
    outer loop
      vertex 63.6961 7.39401 0.9
      vertex 63.7009 6.86237 0.9
      vertex 64.1744 7.33231 0.9
    endloop
  endfacet
  facet normal 0 0 1
    outer loop
      vertex 63.6961 7.39401 0.9
      vertex 63.5125 6.83359 0.9
      vertex 63.7009 6.86237 0.9
    endloop
  endfacet
  facet normal -0 0 1
    outer loop
      vertex 63.2478 7.3329 0.9
      vertex 63.5125 6.83359 0.9
      vertex 63.6961 7.39401 0.9
    endloop
  endfacet
  facet normal 0 0 1
    outer loop
      vertex 63.5125 6.83359 0.9
      vertex 63.2478 7.3329 0.9
      vertex 63.3745 6.74725 0.9
    endloop
  endfacet
  facet normal -0 0 1
    outer loop
      vertex 62.9046 7.14954 0.9
      vertex 63.3745 6.74725 0.9
      vertex 63.2478 7.3329 0.9
    endloop
  endfacet
  facet normal 0 0 1
    outer loop
      vertex 63.3745 6.74725 0.9
      vertex 62.9046 7.14954 0.9
      vertex 63.2816 6.60335 0.9
    endloop
  endfacet
  facet normal -0 0 1
    outer loop
      vertex 62.6723 6.8499 0.9
      vertex 63.2816 6.60335 0.9
      vertex 62.9046 7.14954 0.9
    endloop
  endfacet
  facet normal 0 0 1
    outer loop
      vertex 63.2816 6.60335 0.9
      vertex 62.6723 6.8499 0.9
      vertex 63.2285 6.4019 0.9
    endloop
  endfacet
  facet normal 0 0 1
    outer loop
      vertex 63.2285 6.4019 0.9
      vertex 62.6723 6.8499 0.9
      vertex 62.5568 6.43988 0.9
    endloop
  endfacet
  facet normal 0 0 1
    outer loop
      vertex 64.4865 5.67918 0.9
      vertex 63.9987 6.0625 0.9
      vertex 64.3337 5.52403 0.9
    endloop
  endfacet
  facet normal -0 0 1
    outer loop
      vertex 63.805 5.85246 0.9
      vertex 64.3337 5.52403 0.9
      vertex 63.9987 6.0625 0.9
    endloop
  endfacet
  facet normal 0 0 1
    outer loop
      vertex 64.3337 5.52403 0.9
      vertex 63.805 5.85246 0.9
      vertex 64.1649 5.37895 0.9
    endloop
  endfacet
  facet normal 0 0 1
    outer loop
      vertex 64.1649 5.37895 0.9
      vertex 63.805 5.85246 0.9
      vertex 63.9907 5.24069 0.9
    endloop
  endfacet
  facet normal -0 0 1
    outer loop
      vertex 63.5062 5.59256 0.9
      vertex 63.9907 5.24069 0.9
      vertex 63.805 5.85246 0.9
    endloop
  endfacet
  facet normal 0 0 1
    outer loop
      vertex 63.9907 5.24069 0.9
      vertex 63.5062 5.59256 0.9
      vertex 63.8219 5.10599 0.9
    endloop
  endfacet
  facet normal 0 0 1
    outer loop
      vertex 63.8219 5.10599 0.9
      vertex 63.5062 5.59256 0.9
      vertex 63.6632 4.9725 0.9
    endloop
  endfacet
  facet normal -0 0 1
    outer loop
      vertex 63.1719 5.30182 0.9
      vertex 63.6632 4.9725 0.9
      vertex 63.5062 5.59256 0.9
    endloop
  endfacet
  facet normal 0 0 1
    outer loop
      vertex 63.6632 4.9725 0.9
      vertex 63.1719 5.30182 0.9
      vertex 63.5193 4.83783 0.9
    endloop
  endfacet
  facet normal -0 0 1
    outer loop
      vertex 62.8998 5.02293 0.9
      vertex 63.5193 4.83783 0.9
      vertex 63.1719 5.30182 0.9
    endloop
  endfacet
  facet normal 0 0 1
    outer loop
      vertex 63.5193 4.83783 0.9
      vertex 62.8998 5.02293 0.9
      vertex 63.4003 4.6978 0.9
    endloop
  endfacet
  facet normal -0 0 1
    outer loop
      vertex 63.3163 4.54826 0.9
      vertex 64.8686 4 0.9
      vertex 64.8686 4.54826 0.9
    endloop
  endfacet
  facet normal 0 0 1
    outer loop
      vertex 63.4003 4.6978 0.9
      vertex 62.8998 5.02293 0.9
      vertex 63.3163 4.54826 0.9
    endloop
  endfacet
  facet normal -0 0 1
    outer loop
      vertex 62.6865 4.74644 0.9
      vertex 63.3163 4.54826 0.9
      vertex 62.8998 5.02293 0.9
    endloop
  endfacet
  facet normal 0 0 1
    outer loop
      vertex 62.5284 4.4628 0.9
      vertex 63.3163 4.54826 0.9
      vertex 62.6865 4.74644 0.9
    endloop
  endfacet
  facet normal 0 0 1
    outer loop
      vertex 63.3163 4.54826 0.9
      vertex 62.5284 4.4628 0.9
      vertex 62.5284 4 0.9
    endloop
  endfacet
  facet normal 0 0 1
    outer loop
      vertex 63.3163 4.54826 0.9
      vertex 62.5284 4 0.9
      vertex 64.8686 4 0.9
    endloop
  endfacet
  facet normal -0 0 1
    outer loop
      vertex 66.8234 6.08446 0.9
      vertex 67.504 5.67328 0.9
      vertex 67.4351 6.42683 0.9
    endloop
  endfacet
  facet normal -0 0 1
    outer loop
      vertex 66.7308 6.61256 0.9
      vertex 67.4351 6.42683 0.9
      vertex 67.2287 6.96442 0.9
    endloop
  endfacet
  facet normal 0 0 1
    outer loop
      vertex 67.504 5.67328 0.9
      vertex 66.8234 6.08446 0.9
      vertex 66.8347 5.67328 0.9
    endloop
  endfacet
  facet normal 0 0 1
    outer loop
      vertex 66.6448 6.7603 0.9
      vertex 67.2287 6.96442 0.9
      vertex 66.8738 7.28662 0.9
    endloop
  endfacet
  facet normal 0 0 1
    outer loop
      vertex 66.8231 5.27571 0.9
      vertex 67.504 5.67328 0.9
      vertex 66.8347 5.67328 0.9
    endloop
  endfacet
  facet normal -0 0 1
    outer loop
      vertex 66.7883 4.97072 0.9
      vertex 67.4313 4.9286 0.9
      vertex 66.8231 5.27571 0.9
    endloop
  endfacet
  facet normal 0 0 1
    outer loop
      vertex 67.504 5.67328 0.9
      vertex 66.8231 5.27571 0.9
      vertex 67.4313 4.9286 0.9
    endloop
  endfacet
  facet normal 0 0 1
    outer loop
      vertex 67.4351 6.42683 0.9
      vertex 66.7895 6.39241 0.9
      vertex 66.8234 6.08446 0.9
    endloop
  endfacet
  facet normal 0 0 1
    outer loop
      vertex 67.4351 6.42683 0.9
      vertex 66.7308 6.61256 0.9
      vertex 66.7895 6.39241 0.9
    endloop
  endfacet
  facet normal 0 0 1
    outer loop
      vertex 67.2287 6.96442 0.9
      vertex 66.6448 6.7603 0.9
      vertex 66.7308 6.61256 0.9
    endloop
  endfacet
  facet normal 0 0 1
    outer loop
      vertex 66.8738 7.28662 0.9
      vertex 66.5226 6.84396 0.9
      vertex 66.6448 6.7603 0.9
    endloop
  endfacet
  facet normal 0 0 1
    outer loop
      vertex 66.36 7.39401 0.9
      vertex 66.5226 6.84396 0.9
      vertex 66.8738 7.28662 0.9
    endloop
  endfacet
  facet normal 0 0 1
    outer loop
      vertex 66.36 7.39401 0.9
      vertex 66.3552 6.87184 0.9
      vertex 66.5226 6.84396 0.9
    endloop
  endfacet
  facet normal 0 0 1
    outer loop
      vertex 66.36 7.39401 0.9
      vertex 66.1781 6.84366 0.9
      vertex 66.3552 6.87184 0.9
    endloop
  endfacet
  facet normal -0 0 1
    outer loop
      vertex 65.9873 7.34891 0.9
      vertex 66.1781 6.84366 0.9
      vertex 66.36 7.39401 0.9
    endloop
  endfacet
  facet normal 0 0 1
    outer loop
      vertex 66.1781 6.84366 0.9
      vertex 65.9873 7.34891 0.9
      vertex 66.0502 6.75911 0.9
    endloop
  endfacet
  facet normal -0 0 1
    outer loop
      vertex 65.6954 7.21362 0.9
      vertex 66.0502 6.75911 0.9
      vertex 65.9873 7.34891 0.9
    endloop
  endfacet
  facet normal -0 0 1
    outer loop
      vertex 65.4753 6.9834 0.9
      vertex 66.0502 6.75911 0.9
      vertex 65.6954 7.21362 0.9
    endloop
  endfacet
  facet normal 0 0 1
    outer loop
      vertex 66.0502 6.75911 0.9
      vertex 65.4753 6.9834 0.9
      vertex 65.9618 6.61078 0.9
    endloop
  endfacet
  facet normal 0 0 1
    outer loop
      vertex 65.9618 6.61078 0.9
      vertex 65.318 6.65349 0.9
      vertex 65.9031 6.39122 0.9
    endloop
  endfacet
  facet normal -0 0 1
    outer loop
      vertex 65.318 6.65349 0.9
      vertex 65.9618 6.61078 0.9
      vertex 65.4753 6.9834 0.9
    endloop
  endfacet
  facet normal 0 0 1
    outer loop
      vertex 66.7278 4.74733 0.9
      vertex 67.4313 4.9286 0.9
      vertex 66.7883 4.97072 0.9
    endloop
  endfacet
  facet normal 0 0 1
    outer loop
      vertex 67.4313 4.9286 0.9
      vertex 66.7278 4.74733 0.9
      vertex 67.2132 4.38922 0.9
    endloop
  endfacet
  facet normal -0 0 1
    outer loop
      vertex 66.6388 4.59454 0.9
      vertex 67.2132 4.38922 0.9
      vertex 66.7278 4.74733 0.9
    endloop
  endfacet
  facet normal 0 0 1
    outer loop
      vertex 67.2132 4.38922 0.9
      vertex 66.6388 4.59454 0.9
      vertex 66.8498 4.06171 0.9
    endloop
  endfacet
  facet normal -0 0 1
    outer loop
      vertex 66.5139 4.50641 0.9
      vertex 66.8498 4.06171 0.9
      vertex 66.6388 4.59454 0.9
    endloop
  endfacet
  facet normal 0 0 1
    outer loop
      vertex 66.341 3.95255 0.9
      vertex 66.5139 4.50641 0.9
      vertex 66.3457 4.47704 0.9
    endloop
  endfacet
  facet normal 0 0 1
    outer loop
      vertex 66.5139 4.50641 0.9
      vertex 66.341 3.95255 0.9
      vertex 66.8498 4.06171 0.9
    endloop
  endfacet
  facet normal 0 0 1
    outer loop
      vertex 66.1763 4.50493 0.9
      vertex 66.341 3.95255 0.9
      vertex 66.3457 4.47704 0.9
    endloop
  endfacet
  facet normal 0 0 1
    outer loop
      vertex 65.4794 4.38272 0.9
      vertex 66.1763 4.50493 0.9
      vertex 66.0526 4.58859 0.9
    endloop
  endfacet
  facet normal 0 0 1
    outer loop
      vertex 65.4794 4.38272 0.9
      vertex 66.0526 4.58859 0.9
      vertex 65.9654 4.73665 0.9
    endloop
  endfacet
  facet normal 0 0 1
    outer loop
      vertex 65.2237 6.21855 0.9
      vertex 65.9031 6.39122 0.9
      vertex 65.318 6.65349 0.9
    endloop
  endfacet
  facet normal 0 0 1
    outer loop
      vertex 66.1763 4.50493 0.9
      vertex 65.4794 4.38272 0.9
      vertex 66.341 3.95255 0.9
    endloop
  endfacet
  facet normal 0 0 1
    outer loop
      vertex 65.9054 4.95766 0.9
      vertex 65.4794 4.38272 0.9
      vertex 65.9654 4.73665 0.9
    endloop
  endfacet
  facet normal 0 0 1
    outer loop
      vertex 65.1922 5.67328 0.9
      vertex 65.9054 4.95766 0.9
      vertex 65.8707 5.26534 0.9
    endloop
  endfacet
  facet normal 0 0 1
    outer loop
      vertex 65.1922 5.67328 0.9
      vertex 65.8701 6.08417 0.9
      vertex 65.2237 6.21855 0.9
    endloop
  endfacet
  facet normal 0 0 1
    outer loop
      vertex 65.9031 6.39122 0.9
      vertex 65.2237 6.21855 0.9
      vertex 65.8701 6.08417 0.9
    endloop
  endfacet
  facet normal 0 0 1
    outer loop
      vertex 65.8701 6.08417 0.9
      vertex 65.1922 5.67328 0.9
      vertex 65.8592 5.67328 0.9
    endloop
  endfacet
  facet normal 0 0 1
    outer loop
      vertex 65.8592 5.67328 0.9
      vertex 65.1922 5.67328 0.9
      vertex 65.8707 5.26534 0.9
    endloop
  endfacet
  facet normal 0 0 1
    outer loop
      vertex 65.9054 4.95766 0.9
      vertex 65.1922 5.67328 0.9
      vertex 65.4794 4.38272 0.9
    endloop
  endfacet
  facet normal 0 -1 0
    outer loop
      vertex 63.3163 4.54826 0.9
      vertex 64.8686 4.54826 1.3
      vertex 63.3163 4.54826 1.3
    endloop
  endfacet
  facet normal 0 -1 -0
    outer loop
      vertex 64.8686 4.54826 1.3
      vertex 63.3163 4.54826 0.9
      vertex 64.8686 4.54826 0.9
    endloop
  endfacet
  facet normal -0.871865 0.489746 0
    outer loop
      vertex 63.3163 4.54826 0.9
      vertex 63.4003 4.6978 1.3
      vertex 63.4003 4.6978 0.9
    endloop
  endfacet
  facet normal -0.871865 0.489746 0
    outer loop
      vertex 63.4003 4.6978 1.3
      vertex 63.3163 4.54826 0.9
      vertex 63.3163 4.54826 1.3
    endloop
  endfacet
  facet normal -0.762008 0.647568 0
    outer loop
      vertex 63.4003 4.6978 0.9
      vertex 63.5193 4.83783 1.3
      vertex 63.5193 4.83783 0.9
    endloop
  endfacet
  facet normal -0.762008 0.647568 0
    outer loop
      vertex 63.5193 4.83783 1.3
      vertex 63.4003 4.6978 0.9
      vertex 63.4003 4.6978 1.3
    endloop
  endfacet
  facet normal -0.683303 0.730135 0
    outer loop
      vertex 63.6632 4.9725 0.9
      vertex 63.5193 4.83783 1.3
      vertex 63.6632 4.9725 1.3
    endloop
  endfacet
  facet normal -0.683303 0.730135 0
    outer loop
      vertex 63.5193 4.83783 1.3
      vertex 63.6632 4.9725 0.9
      vertex 63.5193 4.83783 0.9
    endloop
  endfacet
  facet normal -0.643706 0.765272 0
    outer loop
      vertex 63.8219 5.10599 0.9
      vertex 63.6632 4.9725 1.3
      vertex 63.8219 5.10599 1.3
    endloop
  endfacet
  facet normal -0.643706 0.765272 0
    outer loop
      vertex 63.6632 4.9725 1.3
      vertex 63.8219 5.10599 0.9
      vertex 63.6632 4.9725 0.9
    endloop
  endfacet
  facet normal -0.623735 0.781636 0
    outer loop
      vertex 63.9907 5.24069 0.9
      vertex 63.8219 5.10599 1.3
      vertex 63.9907 5.24069 1.3
    endloop
  endfacet
  facet normal -0.623735 0.781636 0
    outer loop
      vertex 63.8219 5.10599 1.3
      vertex 63.9907 5.24069 0.9
      vertex 63.8219 5.10599 0.9
    endloop
  endfacet
  facet normal -0.621674 0.783276 0
    outer loop
      vertex 64.1649 5.37895 0.9
      vertex 63.9907 5.24069 1.3
      vertex 64.1649 5.37895 1.3
    endloop
  endfacet
  facet normal -0.621674 0.783276 0
    outer loop
      vertex 63.9907 5.24069 1.3
      vertex 64.1649 5.37895 0.9
      vertex 63.9907 5.24069 0.9
    endloop
  endfacet
  facet normal -0.651812 0.758381 0
    outer loop
      vertex 64.3337 5.52403 0.9
      vertex 64.1649 5.37895 1.3
      vertex 64.3337 5.52403 1.3
    endloop
  endfacet
  facet normal -0.651812 0.758381 0
    outer loop
      vertex 64.1649 5.37895 1.3
      vertex 64.3337 5.52403 0.9
      vertex 64.1649 5.37895 0.9
    endloop
  endfacet
  facet normal -0.712482 0.70169 0
    outer loop
      vertex 64.3337 5.52403 0.9
      vertex 64.4865 5.67918 1.3
      vertex 64.4865 5.67918 0.9
    endloop
  endfacet
  facet normal -0.712482 0.70169 0
    outer loop
      vertex 64.4865 5.67918 1.3
      vertex 64.3337 5.52403 0.9
      vertex 64.3337 5.52403 1.3
    endloop
  endfacet
  facet normal -0.786375 0.617749 0
    outer loop
      vertex 64.4865 5.67918 0.9
      vertex 64.6182 5.84683 1.3
      vertex 64.6182 5.84683 0.9
    endloop
  endfacet
  facet normal -0.786375 0.617749 0
    outer loop
      vertex 64.6182 5.84683 1.3
      vertex 64.4865 5.67918 0.9
      vertex 64.4865 5.67918 1.3
    endloop
  endfacet
  facet normal -0.86551 0.500892 0
    outer loop
      vertex 64.6182 5.84683 0.9
      vertex 64.7238 6.0293 1.3
      vertex 64.7238 6.0293 0.9
    endloop
  endfacet
  facet normal -0.86551 0.500892 0
    outer loop
      vertex 64.7238 6.0293 1.3
      vertex 64.6182 5.84683 0.9
      vertex 64.6182 5.84683 1.3
    endloop
  endfacet
  facet normal -0.945313 0.326164 0
    outer loop
      vertex 64.7238 6.0293 0.9
      vertex 64.7932 6.23044 1.3
      vertex 64.7932 6.23044 0.9
    endloop
  endfacet
  facet normal -0.945313 0.326164 0
    outer loop
      vertex 64.7932 6.23044 1.3
      vertex 64.7238 6.0293 0.9
      vertex 64.7238 6.0293 1.3
    endloop
  endfacet
  facet normal -0.994664 0.103166 0
    outer loop
      vertex 64.7932 6.23044 0.9
      vertex 64.8164 6.45412 1.3
      vertex 64.8164 6.45412 0.9
    endloop
  endfacet
  facet normal -0.994664 0.103166 0
    outer loop
      vertex 64.8164 6.45412 1.3
      vertex 64.7932 6.23044 0.9
      vertex 64.7932 6.23044 1.3
    endloop
  endfacet
  facet normal -0.983724 -0.179685 0
    outer loop
      vertex 64.8164 6.45412 0.9
      vertex 64.744 6.85049 1.3
      vertex 64.744 6.85049 0.9
    endloop
  endfacet
  facet normal -0.983724 -0.179685 0
    outer loop
      vertex 64.744 6.85049 1.3
      vertex 64.8164 6.45412 0.9
      vertex 64.8164 6.45412 1.3
    endloop
  endfacet
  facet normal -0.806869 -0.59073 0
    outer loop
      vertex 64.744 6.85049 0.9
      vertex 64.5268 7.14716 1.3
      vertex 64.5268 7.14716 0.9
    endloop
  endfacet
  facet normal -0.806869 -0.59073 0
    outer loop
      vertex 64.5268 7.14716 1.3
      vertex 64.744 6.85049 0.9
      vertex 64.744 6.85049 1.3
    endloop
  endfacet
  facet normal -0.46511 -0.885253 0
    outer loop
      vertex 64.1744 7.33231 0.9
      vertex 64.5268 7.14716 1.3
      vertex 64.1744 7.33231 1.3
    endloop
  endfacet
  facet normal -0.46511 -0.885253 -0
    outer loop
      vertex 64.5268 7.14716 1.3
      vertex 64.1744 7.33231 0.9
      vertex 64.5268 7.14716 0.9
    endloop
  endfacet
  facet normal -0.127938 -0.991782 0
    outer loop
      vertex 63.6961 7.39401 0.9
      vertex 64.1744 7.33231 1.3
      vertex 63.6961 7.39401 1.3
    endloop
  endfacet
  facet normal -0.127938 -0.991782 -0
    outer loop
      vertex 64.1744 7.33231 1.3
      vertex 63.6961 7.39401 0.9
      vertex 64.1744 7.33231 0.9
    endloop
  endfacet
  facet normal 0.135066 -0.990837 0
    outer loop
      vertex 63.2478 7.3329 0.9
      vertex 63.6961 7.39401 1.3
      vertex 63.2478 7.3329 1.3
    endloop
  endfacet
  facet normal 0.135066 -0.990837 0
    outer loop
      vertex 63.6961 7.39401 1.3
      vertex 63.2478 7.3329 0.9
      vertex 63.6961 7.39401 0.9
    endloop
  endfacet
  facet normal 0.471228 -0.882011 0
    outer loop
      vertex 62.9046 7.14954 0.9
      vertex 63.2478 7.3329 1.3
      vertex 62.9046 7.14954 1.3
    endloop
  endfacet
  facet normal 0.471228 -0.882011 0
    outer loop
      vertex 63.2478 7.3329 1.3
      vertex 62.9046 7.14954 0.9
      vertex 63.2478 7.3329 0.9
    endloop
  endfacet
  facet normal 0.790314 -0.612702 0
    outer loop
      vertex 62.6723 6.8499 1.3
      vertex 62.9046 7.14954 0.9
      vertex 62.9046 7.14954 1.3
    endloop
  endfacet
  facet normal 0.790314 -0.612702 0
    outer loop
      vertex 62.9046 7.14954 0.9
      vertex 62.6723 6.8499 1.3
      vertex 62.6723 6.8499 0.9
    endloop
  endfacet
  facet normal 0.96254 -0.271141 0
    outer loop
      vertex 62.5568 6.43988 1.3
      vertex 62.6723 6.8499 0.9
      vertex 62.6723 6.8499 1.3
    endloop
  endfacet
  facet normal 0.96254 -0.271141 0
    outer loop
      vertex 62.6723 6.8499 0.9
      vertex 62.5568 6.43988 1.3
      vertex 62.5568 6.43988 0.9
    endloop
  endfacet
  facet normal 0.0564529 0.998405 -0
    outer loop
      vertex 63.2285 6.4019 0.9
      vertex 62.5568 6.43988 1.3
      vertex 63.2285 6.4019 1.3
    endloop
  endfacet
  facet normal 0.0564529 0.998405 0
    outer loop
      vertex 62.5568 6.43988 1.3
      vertex 63.2285 6.4019 0.9
      vertex 62.5568 6.43988 0.9
    endloop
  endfacet
  facet normal -0.966972 0.254883 0
    outer loop
      vertex 63.2285 6.4019 0.9
      vertex 63.2816 6.60335 1.3
      vertex 63.2816 6.60335 0.9
    endloop
  endfacet
  facet normal -0.966972 0.254883 0
    outer loop
      vertex 63.2816 6.60335 1.3
      vertex 63.2285 6.4019 0.9
      vertex 63.2285 6.4019 1.3
    endloop
  endfacet
  facet normal -0.840134 0.54238 0
    outer loop
      vertex 63.2816 6.60335 0.9
      vertex 63.3745 6.74725 1.3
      vertex 63.3745 6.74725 0.9
    endloop
  endfacet
  facet normal -0.840134 0.54238 0
    outer loop
      vertex 63.3745 6.74725 1.3
      vertex 63.2816 6.60335 0.9
      vertex 63.2816 6.60335 1.3
    endloop
  endfacet
  facet normal -0.530396 0.84775 0
    outer loop
      vertex 63.5125 6.83359 0.9
      vertex 63.3745 6.74725 1.3
      vertex 63.5125 6.83359 1.3
    endloop
  endfacet
  facet normal -0.530396 0.84775 0
    outer loop
      vertex 63.3745 6.74725 1.3
      vertex 63.5125 6.83359 0.9
      vertex 63.3745 6.74725 0.9
    endloop
  endfacet
  facet normal -0.151008 0.988532 0
    outer loop
      vertex 63.7009 6.86237 0.9
      vertex 63.5125 6.83359 1.3
      vertex 63.7009 6.86237 1.3
    endloop
  endfacet
  facet normal -0.151008 0.988532 0
    outer loop
      vertex 63.5125 6.83359 1.3
      vertex 63.7009 6.86237 0.9
      vertex 63.5125 6.83359 0.9
    endloop
  endfacet
  facet normal 0.314757 0.949172 -0
    outer loop
      vertex 64.0302 6.75317 0.9
      vertex 63.7009 6.86237 1.3
      vertex 64.0302 6.75317 1.3
    endloop
  endfacet
  facet normal 0.314757 0.949172 0
    outer loop
      vertex 63.7009 6.86237 1.3
      vertex 64.0302 6.75317 0.9
      vertex 63.7009 6.86237 0.9
    endloop
  endfacet
  facet normal 0.948231 0.317582 0
    outer loop
      vertex 64.1399 6.42563 1.3
      vertex 64.0302 6.75317 0.9
      vertex 64.0302 6.75317 1.3
    endloop
  endfacet
  facet normal 0.948231 0.317582 0
    outer loop
      vertex 64.0302 6.75317 0.9
      vertex 64.1399 6.42563 1.3
      vertex 64.1399 6.42563 0.9
    endloop
  endfacet
  facet normal 0.981263 -0.192672 0
    outer loop
      vertex 64.1046 6.24585 1.3
      vertex 64.1399 6.42563 0.9
      vertex 64.1399 6.42563 1.3
    endloop
  endfacet
  facet normal 0.981263 -0.192672 0
    outer loop
      vertex 64.1399 6.42563 0.9
      vertex 64.1046 6.24585 1.3
      vertex 64.1046 6.24585 0.9
    endloop
  endfacet
  facet normal 0.865938 -0.500152 0
    outer loop
      vertex 63.9987 6.0625 1.3
      vertex 64.1046 6.24585 0.9
      vertex 64.1046 6.24585 1.3
    endloop
  endfacet
  facet normal 0.865938 -0.500152 0
    outer loop
      vertex 64.1046 6.24585 0.9
      vertex 63.9987 6.0625 1.3
      vertex 63.9987 6.0625 0.9
    endloop
  endfacet
  facet normal 0.735123 -0.677934 0
    outer loop
      vertex 63.805 5.85246 1.3
      vertex 63.9987 6.0625 0.9
      vertex 63.9987 6.0625 1.3
    endloop
  endfacet
  facet normal 0.735123 -0.677934 0
    outer loop
      vertex 63.9987 6.0625 0.9
      vertex 63.805 5.85246 1.3
      vertex 63.805 5.85246 0.9
    endloop
  endfacet
  facet normal 0.656285 -0.754513 0
    outer loop
      vertex 63.5062 5.59256 0.9
      vertex 63.805 5.85246 1.3
      vertex 63.5062 5.59256 1.3
    endloop
  endfacet
  facet normal 0.656285 -0.754513 0
    outer loop
      vertex 63.805 5.85246 1.3
      vertex 63.5062 5.59256 0.9
      vertex 63.805 5.85246 0.9
    endloop
  endfacet
  facet normal 0.656236 -0.754556 0
    outer loop
      vertex 63.1719 5.30182 0.9
      vertex 63.5062 5.59256 1.3
      vertex 63.1719 5.30182 1.3
    endloop
  endfacet
  facet normal 0.656236 -0.754556 0
    outer loop
      vertex 63.5062 5.59256 1.3
      vertex 63.1719 5.30182 0.9
      vertex 63.5062 5.59256 0.9
    endloop
  endfacet
  facet normal 0.715766 -0.69834 0
    outer loop
      vertex 62.8998 5.02293 1.3
      vertex 63.1719 5.30182 0.9
      vertex 63.1719 5.30182 1.3
    endloop
  endfacet
  facet normal 0.715766 -0.69834 0
    outer loop
      vertex 63.1719 5.30182 0.9
      vertex 62.8998 5.02293 1.3
      vertex 62.8998 5.02293 0.9
    endloop
  endfacet
  facet normal 0.791772 -0.610817 0
    outer loop
      vertex 62.6865 4.74644 1.3
      vertex 62.8998 5.02293 0.9
      vertex 62.8998 5.02293 1.3
    endloop
  endfacet
  facet normal 0.791772 -0.610817 0
    outer loop
      vertex 62.8998 5.02293 0.9
      vertex 62.6865 4.74644 1.3
      vertex 62.6865 4.74644 0.9
    endloop
  endfacet
  facet normal 0.873474 -0.486871 0
    outer loop
      vertex 62.5284 4.4628 1.3
      vertex 62.6865 4.74644 0.9
      vertex 62.6865 4.74644 1.3
    endloop
  endfacet
  facet normal 0.873474 -0.486871 0
    outer loop
      vertex 62.6865 4.74644 0.9
      vertex 62.5284 4.4628 1.3
      vertex 62.5284 4.4628 0.9
    endloop
  endfacet
  facet normal 1 -0 0
    outer loop
      vertex 62.5284 4 1.3
      vertex 62.5284 4.4628 0.9
      vertex 62.5284 4.4628 1.3
    endloop
  endfacet
  facet normal 1 0 0
    outer loop
      vertex 62.5284 4.4628 0.9
      vertex 62.5284 4 1.3
      vertex 62.5284 4 0.9
    endloop
  endfacet
  facet normal 0 1 -0
    outer loop
      vertex 64.8686 4 0.9
      vertex 62.5284 4 1.3
      vertex 64.8686 4 1.3
    endloop
  endfacet
  facet normal 0 1 0
    outer loop
      vertex 62.5284 4 1.3
      vertex 64.8686 4 0.9
      vertex 62.5284 4 0.9
    endloop
  endfacet
  facet normal -1 0 0
    outer loop
      vertex 64.8686 4 0.9
      vertex 64.8686 4.54826 1.3
      vertex 64.8686 4.54826 0.9
    endloop
  endfacet
  facet normal -1 -0 0
    outer loop
      vertex 64.8686 4.54826 1.3
      vertex 64.8686 4 0.9
      vertex 64.8686 4 1.3
    endloop
  endfacet
  facet normal -0.669473 0.742837 0
    outer loop
      vertex 67.2132 4.38922 0.9
      vertex 66.8498 4.06171 1.3
      vertex 67.2132 4.38922 1.3
    endloop
  endfacet
  facet normal -0.669473 0.742837 0
    outer loop
      vertex 66.8498 4.06171 1.3
      vertex 67.2132 4.38922 0.9
      vertex 66.8498 4.06171 0.9
    endloop
  endfacet
  facet normal -0.927079 0.374867 0
    outer loop
      vertex 67.2132 4.38922 0.9
      vertex 67.4313 4.9286 1.3
      vertex 67.4313 4.9286 0.9
    endloop
  endfacet
  facet normal -0.927079 0.374867 0
    outer loop
      vertex 67.4313 4.9286 1.3
      vertex 67.2132 4.38922 0.9
      vertex 67.2132 4.38922 1.3
    endloop
  endfacet
  facet normal -0.995268 0.0971639 0
    outer loop
      vertex 67.4313 4.9286 0.9
      vertex 67.504 5.67328 1.3
      vertex 67.504 5.67328 0.9
    endloop
  endfacet
  facet normal -0.995268 0.0971639 0
    outer loop
      vertex 67.504 5.67328 1.3
      vertex 67.4313 4.9286 0.9
      vertex 67.4313 4.9286 1.3
    endloop
  endfacet
  facet normal -0.995846 -0.0910541 0
    outer loop
      vertex 67.504 5.67328 0.9
      vertex 67.4351 6.42683 1.3
      vertex 67.4351 6.42683 0.9
    endloop
  endfacet
  facet normal -0.995846 -0.0910541 0
    outer loop
      vertex 67.4351 6.42683 1.3
      vertex 67.504 5.67328 0.9
      vertex 67.504 5.67328 1.3
    endloop
  endfacet
  facet normal -0.933558 -0.358426 0
    outer loop
      vertex 67.4351 6.42683 0.9
      vertex 67.2287 6.96442 1.3
      vertex 67.2287 6.96442 0.9
    endloop
  endfacet
  facet normal -0.933558 -0.358426 0
    outer loop
      vertex 67.2287 6.96442 1.3
      vertex 67.4351 6.42683 0.9
      vertex 67.4351 6.42683 1.3
    endloop
  endfacet
  facet normal -0.672174 -0.740393 0
    outer loop
      vertex 66.8738 7.28662 0.9
      vertex 67.2287 6.96442 1.3
      vertex 66.8738 7.28662 1.3
    endloop
  endfacet
  facet normal -0.672174 -0.740393 -0
    outer loop
      vertex 67.2287 6.96442 1.3
      vertex 66.8738 7.28662 0.9
      vertex 67.2287 6.96442 0.9
    endloop
  endfacet
  facet normal -0.20459 -0.978848 0
    outer loop
      vertex 66.36 7.39401 0.9
      vertex 66.8738 7.28662 1.3
      vertex 66.36 7.39401 1.3
    endloop
  endfacet
  facet normal -0.20459 -0.978848 -0
    outer loop
      vertex 66.8738 7.28662 1.3
      vertex 66.36 7.39401 0.9
      vertex 66.8738 7.28662 0.9
    endloop
  endfacet
  facet normal 0.120132 -0.992758 0
    outer loop
      vertex 65.9873 7.34891 0.9
      vertex 66.36 7.39401 1.3
      vertex 65.9873 7.34891 1.3
    endloop
  endfacet
  facet normal 0.120132 -0.992758 0
    outer loop
      vertex 66.36 7.39401 1.3
      vertex 65.9873 7.34891 0.9
      vertex 66.36 7.39401 0.9
    endloop
  endfacet
  facet normal 0.42051 -0.907288 0
    outer loop
      vertex 65.6954 7.21362 0.9
      vertex 65.9873 7.34891 1.3
      vertex 65.6954 7.21362 1.3
    endloop
  endfacet
  facet normal 0.42051 -0.907288 0
    outer loop
      vertex 65.9873 7.34891 1.3
      vertex 65.6954 7.21362 0.9
      vertex 65.9873 7.34891 0.9
    endloop
  endfacet
  facet normal 0.722815 -0.691042 0
    outer loop
      vertex 65.4753 6.9834 1.3
      vertex 65.6954 7.21362 0.9
      vertex 65.6954 7.21362 1.3
    endloop
  endfacet
  facet normal 0.722815 -0.691042 0
    outer loop
      vertex 65.6954 7.21362 0.9
      vertex 65.4753 6.9834 1.3
      vertex 65.4753 6.9834 0.9
    endloop
  endfacet
  facet normal 0.902648 -0.43038 0
    outer loop
      vertex 65.318 6.65349 1.3
      vertex 65.4753 6.9834 0.9
      vertex 65.4753 6.9834 1.3
    endloop
  endfacet
  facet normal 0.902648 -0.43038 0
    outer loop
      vertex 65.4753 6.9834 0.9
      vertex 65.318 6.65349 1.3
      vertex 65.318 6.65349 0.9
    endloop
  endfacet
  facet normal 0.977294 -0.211889 0
    outer loop
      vertex 65.2237 6.21855 1.3
      vertex 65.318 6.65349 0.9
      vertex 65.318 6.65349 1.3
    endloop
  endfacet
  facet normal 0.977294 -0.211889 0
    outer loop
      vertex 65.318 6.65349 0.9
      vertex 65.2237 6.21855 1.3
      vertex 65.2237 6.21855 0.9
    endloop
  endfacet
  facet normal 0.998336 -0.0576734 0
    outer loop
      vertex 65.1922 5.67328 1.3
      vertex 65.2237 6.21855 0.9
      vertex 65.2237 6.21855 1.3
    endloop
  endfacet
  facet normal 0.998336 -0.0576734 0
    outer loop
      vertex 65.2237 6.21855 0.9
      vertex 65.1922 5.67328 1.3
      vertex 65.1922 5.67328 0.9
    endloop
  endfacet
  facet normal 0.976122 0.217225 0
    outer loop
      vertex 65.4794 4.38272 1.3
      vertex 65.1922 5.67328 0.9
      vertex 65.1922 5.67328 1.3
    endloop
  endfacet
  facet normal 0.976122 0.217225 0
    outer loop
      vertex 65.1922 5.67328 0.9
      vertex 65.4794 4.38272 1.3
      vertex 65.4794 4.38272 0.9
    endloop
  endfacet
  facet normal 0.44669 0.894689 -0
    outer loop
      vertex 66.341 3.95255 0.9
      vertex 65.4794 4.38272 1.3
      vertex 66.341 3.95255 1.3
    endloop
  endfacet
  facet normal 0.44669 0.894689 0
    outer loop
      vertex 65.4794 4.38272 1.3
      vertex 66.341 3.95255 0.9
      vertex 65.4794 4.38272 0.9
    endloop
  endfacet
  facet normal -0.209771 0.977751 0
    outer loop
      vertex 66.8498 4.06171 0.9
      vertex 66.341 3.95255 1.3
      vertex 66.8498 4.06171 1.3
    endloop
  endfacet
  facet normal -0.209771 0.977751 0
    outer loop
      vertex 66.341 3.95255 1.3
      vertex 66.8498 4.06171 0.9
      vertex 66.341 3.95255 0.9
    endloop
  endfacet
  facet normal -0.56022 -0.828344 0
    outer loop
      vertex 66.0526 4.58859 0.9
      vertex 66.1763 4.50493 1.3
      vertex 66.0526 4.58859 1.3
    endloop
  endfacet
  facet normal -0.56022 -0.828344 -0
    outer loop
      vertex 66.1763 4.50493 1.3
      vertex 66.0526 4.58859 0.9
      vertex 66.1763 4.50493 0.9
    endloop
  endfacet
  facet normal -0.861665 -0.507478 0
    outer loop
      vertex 66.0526 4.58859 0.9
      vertex 65.9654 4.73665 1.3
      vertex 65.9654 4.73665 0.9
    endloop
  endfacet
  facet normal -0.861665 -0.507478 0
    outer loop
      vertex 65.9654 4.73665 1.3
      vertex 66.0526 4.58859 0.9
      vertex 66.0526 4.58859 1.3
    endloop
  endfacet
  facet normal -0.965068 -0.261998 0
    outer loop
      vertex 65.9654 4.73665 0.9
      vertex 65.9054 4.95766 1.3
      vertex 65.9054 4.95766 0.9
    endloop
  endfacet
  facet normal -0.965068 -0.261998 0
    outer loop
      vertex 65.9054 4.95766 1.3
      vertex 65.9654 4.73665 0.9
      vertex 65.9654 4.73665 1.3
    endloop
  endfacet
  facet normal -0.9937 -0.112069 0
    outer loop
      vertex 65.9054 4.95766 0.9
      vertex 65.8707 5.26534 1.3
      vertex 65.8707 5.26534 0.9
    endloop
  endfacet
  facet normal -0.9937 -0.112069 0
    outer loop
      vertex 65.8707 5.26534 1.3
      vertex 65.9054 4.95766 0.9
      vertex 65.9054 4.95766 1.3
    endloop
  endfacet
  facet normal -0.999603 -0.0281792 0
    outer loop
      vertex 65.8707 5.26534 0.9
      vertex 65.8592 5.67328 1.3
      vertex 65.8592 5.67328 0.9
    endloop
  endfacet
  facet normal -0.999603 -0.0281792 0
    outer loop
      vertex 65.8592 5.67328 1.3
      vertex 65.8707 5.26534 0.9
      vertex 65.8707 5.26534 1.3
    endloop
  endfacet
  facet normal -0.999648 0.0265185 0
    outer loop
      vertex 65.8592 5.67328 0.9
      vertex 65.8701 6.08417 1.3
      vertex 65.8701 6.08417 0.9
    endloop
  endfacet
  facet normal -0.999648 0.0265185 0
    outer loop
      vertex 65.8701 6.08417 1.3
      vertex 65.8592 5.67328 0.9
      vertex 65.8592 5.67328 1.3
    endloop
  endfacet
  facet normal -0.994274 0.106859 0
    outer loop
      vertex 65.8701 6.08417 0.9
      vertex 65.9031 6.39122 1.3
      vertex 65.9031 6.39122 0.9
    endloop
  endfacet
  facet normal -0.994274 0.106859 0
    outer loop
      vertex 65.9031 6.39122 1.3
      vertex 65.8701 6.08417 0.9
      vertex 65.8701 6.08417 1.3
    endloop
  endfacet
  facet normal -0.96607 0.258282 0
    outer loop
      vertex 65.9031 6.39122 0.9
      vertex 65.9618 6.61078 1.3
      vertex 65.9618 6.61078 0.9
    endloop
  endfacet
  facet normal -0.96607 0.258282 0
    outer loop
      vertex 65.9618 6.61078 1.3
      vertex 65.9031 6.39122 0.9
      vertex 65.9031 6.39122 1.3
    endloop
  endfacet
  facet normal -0.859017 0.511947 0
    outer loop
      vertex 65.9618 6.61078 0.9
      vertex 66.0502 6.75911 1.3
      vertex 66.0502 6.75911 0.9
    endloop
  endfacet
  facet normal -0.859017 0.511947 0
    outer loop
      vertex 66.0502 6.75911 1.3
      vertex 65.9618 6.61078 0.9
      vertex 65.9618 6.61078 1.3
    endloop
  endfacet
  facet normal -0.55146 0.834201 0
    outer loop
      vertex 66.1781 6.84366 0.9
      vertex 66.0502 6.75911 1.3
      vertex 66.1781 6.84366 1.3
    endloop
  endfacet
  facet normal -0.55146 0.834201 0
    outer loop
      vertex 66.0502 6.75911 1.3
      vertex 66.1781 6.84366 0.9
      vertex 66.0502 6.75911 0.9
    endloop
  endfacet
  facet normal -0.157142 0.987576 0
    outer loop
      vertex 66.3552 6.87184 0.9
      vertex 66.1781 6.84366 1.3
      vertex 66.3552 6.87184 1.3
    endloop
  endfacet
  facet normal -0.157142 0.987576 0
    outer loop
      vertex 66.1781 6.84366 1.3
      vertex 66.3552 6.87184 0.9
      vertex 66.1781 6.84366 0.9
    endloop
  endfacet
  facet normal 0.164284 0.986413 -0
    outer loop
      vertex 66.5226 6.84396 0.9
      vertex 66.3552 6.87184 1.3
      vertex 66.5226 6.84396 1.3
    endloop
  endfacet
  facet normal 0.164284 0.986413 0
    outer loop
      vertex 66.3552 6.87184 1.3
      vertex 66.5226 6.84396 0.9
      vertex 66.3552 6.87184 0.9
    endloop
  endfacet
  facet normal 0.564911 0.825152 -0
    outer loop
      vertex 66.6448 6.7603 0.9
      vertex 66.5226 6.84396 1.3
      vertex 66.6448 6.7603 1.3
    endloop
  endfacet
  facet normal 0.564911 0.825152 0
    outer loop
      vertex 66.5226 6.84396 1.3
      vertex 66.6448 6.7603 0.9
      vertex 66.5226 6.84396 0.9
    endloop
  endfacet
  facet normal 0.864241 0.503078 0
    outer loop
      vertex 66.7308 6.61256 1.3
      vertex 66.6448 6.7603 0.9
      vertex 66.6448 6.7603 1.3
    endloop
  endfacet
  facet normal 0.864241 0.503078 0
    outer loop
      vertex 66.6448 6.7603 0.9
      vertex 66.7308 6.61256 1.3
      vertex 66.7308 6.61256 0.9
    endloop
  endfacet
  facet normal 0.966242 0.257635 0
    outer loop
      vertex 66.7895 6.39241 1.3
      vertex 66.7308 6.61256 0.9
      vertex 66.7308 6.61256 1.3
    endloop
  endfacet
  facet normal 0.966242 0.257635 0
    outer loop
      vertex 66.7308 6.61256 0.9
      vertex 66.7895 6.39241 1.3
      vertex 66.7895 6.39241 0.9
    endloop
  endfacet
  facet normal 0.993995 0.109422 0
    outer loop
      vertex 66.8234 6.08446 1.3
      vertex 66.7895 6.39241 0.9
      vertex 66.7895 6.39241 1.3
    endloop
  endfacet
  facet normal 0.993995 0.109422 0
    outer loop
      vertex 66.7895 6.39241 0.9
      vertex 66.8234 6.08446 1.3
      vertex 66.8234 6.08446 0.9
    endloop
  endfacet
  facet normal 0.999623 0.0274715 0
    outer loop
      vertex 66.8347 5.67328 1.3
      vertex 66.8234 6.08446 0.9
      vertex 66.8234 6.08446 1.3
    endloop
  endfacet
  facet normal 0.999623 0.0274715 0
    outer loop
      vertex 66.8234 6.08446 0.9
      vertex 66.8347 5.67328 1.3
      vertex 66.8347 5.67328 0.9
    endloop
  endfacet
  facet normal 0.999575 -0.0291648 0
    outer loop
      vertex 66.8231 5.27571 1.3
      vertex 66.8347 5.67328 0.9
      vertex 66.8347 5.67328 1.3
    endloop
  endfacet
  facet normal 0.999575 -0.0291648 0
    outer loop
      vertex 66.8347 5.67328 0.9
      vertex 66.8231 5.27571 1.3
      vertex 66.8231 5.27571 0.9
    endloop
  endfacet
  facet normal 0.993553 -0.113367 0
    outer loop
      vertex 66.7883 4.97072 1.3
      vertex 66.8231 5.27571 0.9
      vertex 66.8231 5.27571 1.3
    endloop
  endfacet
  facet normal 0.993553 -0.113367 0
    outer loop
      vertex 66.8231 5.27571 0.9
      vertex 66.7883 4.97072 1.3
      vertex 66.7883 4.97072 0.9
    endloop
  endfacet
  facet normal 0.965228 -0.26141 0
    outer loop
      vertex 66.7278 4.74733 1.3
      vertex 66.7883 4.97072 0.9
      vertex 66.7883 4.97072 1.3
    endloop
  endfacet
  facet normal 0.965228 -0.26141 0
    outer loop
      vertex 66.7883 4.97072 0.9
      vertex 66.7278 4.74733 1.3
      vertex 66.7278 4.74733 0.9
    endloop
  endfacet
  facet normal 0.864093 -0.503333 0
    outer loop
      vertex 66.6388 4.59454 1.3
      vertex 66.7278 4.74733 0.9
      vertex 66.7278 4.74733 1.3
    endloop
  endfacet
  facet normal 0.864093 -0.503333 0
    outer loop
      vertex 66.7278 4.74733 0.9
      vertex 66.6388 4.59454 1.3
      vertex 66.6388 4.59454 0.9
    endloop
  endfacet
  facet normal 0.576532 -0.817075 0
    outer loop
      vertex 66.5139 4.50641 0.9
      vertex 66.6388 4.59454 1.3
      vertex 66.5139 4.50641 1.3
    endloop
  endfacet
  facet normal 0.576532 -0.817075 0
    outer loop
      vertex 66.6388 4.59454 1.3
      vertex 66.5139 4.50641 0.9
      vertex 66.6388 4.59454 0.9
    endloop
  endfacet
  facet normal 0.172011 -0.985095 0
    outer loop
      vertex 66.3457 4.47704 0.9
      vertex 66.5139 4.50641 1.3
      vertex 66.3457 4.47704 1.3
    endloop
  endfacet
  facet normal 0.172011 -0.985095 0
    outer loop
      vertex 66.5139 4.50641 1.3
      vertex 66.3457 4.47704 0.9
      vertex 66.5139 4.50641 0.9
    endloop
  endfacet
  facet normal -0.162453 -0.986716 0
    outer loop
      vertex 66.1763 4.50493 0.9
      vertex 66.3457 4.47704 1.3
      vertex 66.1763 4.50493 1.3
    endloop
  endfacet
  facet normal -0.162453 -0.986716 -0
    outer loop
      vertex 66.3457 4.47704 1.3
      vertex 66.1763 4.50493 0.9
      vertex 66.3457 4.47704 0.9
    endloop
  endfacet
  facet normal 1 -0 0
    outer loop
      vertex 75.75 7.75 1.3
      vertex 75.75 22.25 0
      vertex 75.75 22.25 1.3
    endloop
  endfacet
  facet normal 1 0 0
    outer loop
      vertex 75.75 22.25 0
      vertex 75.75 7.75 1.3
      vertex 75.75 7.75 0
    endloop
  endfacet
  facet normal 0 -1 0
    outer loop
      vertex 75.75 22.25 0
      vertex 90.25 22.25 1.3
      vertex 75.75 22.25 1.3
    endloop
  endfacet
  facet normal 0 -1 -0
    outer loop
      vertex 90.25 22.25 1.3
      vertex 75.75 22.25 0
      vertex 90.25 22.25 0
    endloop
  endfacet
  facet normal -1 0 0
    outer loop
      vertex 90.25 7.75 0
      vertex 90.25 22.25 1.3
      vertex 90.25 22.25 0
    endloop
  endfacet
  facet normal -1 -0 0
    outer loop
      vertex 90.25 22.25 1.3
      vertex 90.25 7.75 0
      vertex 90.25 7.75 1.3
    endloop
  endfacet
  facet normal 0 1 -0
    outer loop
      vertex 90.25 7.75 0
      vertex 75.75 7.75 1.3
      vertex 90.25 7.75 1.3
    endloop
  endfacet
  facet normal 0 1 0
    outer loop
      vertex 75.75 7.75 1.3
      vertex 90.25 7.75 0
      vertex 75.75 7.75 0
    endloop
  endfacet
  facet normal 0 0 1
    outer loop
      vertex 85.3734 7.34418 0.9
      vertex 83.9684 6.84811 0.9
      vertex 85.3734 6.84811 0.9
    endloop
  endfacet
  facet normal -0 0 1
    outer loop
      vertex 83.3631 7.34418 0.9
      vertex 83.9684 6.84811 0.9
      vertex 85.3734 7.34418 0.9
    endloop
  endfacet
  facet normal 0 0 1
    outer loop
      vertex 83.3631 7.34418 0.9
      vertex 83.9138 6.00319 0.9
      vertex 83.9684 6.84811 0.9
    endloop
  endfacet
  facet normal 0 0 1
    outer loop
      vertex 83.2468 5.46205 0.9
      vertex 83.9138 6.00319 0.9
      vertex 83.3631 7.34418 0.9
    endloop
  endfacet
  facet normal 0 0 1
    outer loop
      vertex 83.9138 6.00319 0.9
      vertex 83.2468 5.46205 0.9
      vertex 83.8971 5.46205 0.9
    endloop
  endfacet
  facet normal 0 0 1
    outer loop
      vertex 85.5681 5.11313 0.9
      vertex 84.8471 5.33592 0.9
      vertex 84.8821 5.09889 0.9
    endloop
  endfacet
  facet normal 0 0 1
    outer loop
      vertex 85.282 5.92009 0.9
      vertex 84.7421 5.52014 0.9
      vertex 84.8471 5.33592 0.9
    endloop
  endfacet
  facet normal 0 0 1
    outer loop
      vertex 84.9483 6.14261 0.9
      vertex 84.5742 5.63853 0.9
      vertex 84.7421 5.52014 0.9
    endloop
  endfacet
  facet normal 0 0 1
    outer loop
      vertex 84.519 6.21678 0.9
      vertex 84.5742 5.63853 0.9
      vertex 84.9483 6.14261 0.9
    endloop
  endfacet
  facet normal 0 0 1
    outer loop
      vertex 84.519 6.21678 0.9
      vertex 84.3505 5.67799 0.9
      vertex 84.5742 5.63853 0.9
    endloop
  endfacet
  facet normal -0 0 1
    outer loop
      vertex 84.1861 6.16339 0.9
      vertex 84.3505 5.67799 0.9
      vertex 84.519 6.21678 0.9
    endloop
  endfacet
  facet normal 0 0 1
    outer loop
      vertex 84.1861 6.16339 0.9
      vertex 84.0983 5.62401 0.9
      vertex 84.3505 5.67799 0.9
    endloop
  endfacet
  facet normal -0 0 1
    outer loop
      vertex 83.9138 6.00319 0.9
      vertex 84.0983 5.62401 0.9
      vertex 84.1861 6.16339 0.9
    endloop
  endfacet
  facet normal 0 0 1
    outer loop
      vertex 84.0983 5.62401 0.9
      vertex 83.9138 6.00319 0.9
      vertex 83.8971 5.46205 0.9
    endloop
  endfacet
  facet normal -0 0 1
    outer loop
      vertex 84.8471 5.33592 0.9
      vertex 85.5681 5.11313 0.9
      vertex 85.4965 5.57002 0.9
    endloop
  endfacet
  facet normal 0 0 1
    outer loop
      vertex 84.8471 5.33592 0.9
      vertex 85.4965 5.57002 0.9
      vertex 85.282 5.92009 0.9
    endloop
  endfacet
  facet normal 0 0 1
    outer loop
      vertex 85.5681 5.11313 0.9
      vertex 84.8821 5.09889 0.9
      vertex 85.4853 4.63577 0.9
    endloop
  endfacet
  facet normal 0 0 1
    outer loop
      vertex 84.7421 5.52014 0.9
      vertex 85.282 5.92009 0.9
      vertex 84.9483 6.14261 0.9
    endloop
  endfacet
  facet normal -0 0 1
    outer loop
      vertex 84.845 4.83485 0.9
      vertex 85.4853 4.63577 0.9
      vertex 84.8821 5.09889 0.9
    endloop
  endfacet
  facet normal 0 0 1
    outer loop
      vertex 85.4853 4.63577 0.9
      vertex 84.845 4.83485 0.9
      vertex 85.237 4.26701 0.9
    endloop
  endfacet
  facet normal -0 0 1
    outer loop
      vertex 84.7338 4.64081 0.9
      vertex 85.237 4.26701 0.9
      vertex 84.845 4.83485 0.9
    endloop
  endfacet
  facet normal 0 0 1
    outer loop
      vertex 85.237 4.26701 0.9
      vertex 84.7338 4.64081 0.9
      vertex 84.8444 4.03116 0.9
    endloop
  endfacet
  facet normal -0 0 1
    outer loop
      vertex 84.5602 4.52156 0.9
      vertex 84.8444 4.03116 0.9
      vertex 84.7338 4.64081 0.9
    endloop
  endfacet
  facet normal 0 0 1
    outer loop
      vertex 84.3291 3.95255 0.9
      vertex 84.5602 4.52156 0.9
      vertex 84.3362 4.4818 0.9
    endloop
  endfacet
  facet normal 0 0 1
    outer loop
      vertex 84.5602 4.52156 0.9
      vertex 84.3291 3.95255 0.9
      vertex 84.8444 4.03116 0.9
    endloop
  endfacet
  facet normal 0 0 1
    outer loop
      vertex 84.1517 4.50613 0.9
      vertex 84.3291 3.95255 0.9
      vertex 84.3362 4.4818 0.9
    endloop
  endfacet
  facet normal 0 0 1
    outer loop
      vertex 83.8761 4.0092 0.9
      vertex 84.1517 4.50613 0.9
      vertex 84.0016 4.5791 0.9
    endloop
  endfacet
  facet normal 0 0 1
    outer loop
      vertex 83.5233 4.1792 0.9
      vertex 84.0016 4.5791 0.9
      vertex 83.8888 4.70551 0.9
    endloop
  endfacet
  facet normal 0 0 1
    outer loop
      vertex 84.1517 4.50613 0.9
      vertex 83.8761 4.0092 0.9
      vertex 84.3291 3.95255 0.9
    endloop
  endfacet
  facet normal 0 0 1
    outer loop
      vertex 83.2786 4.45659 0.9
      vertex 83.8888 4.70551 0.9
      vertex 83.8165 4.89005 0.9
    endloop
  endfacet
  facet normal 0 0 1
    outer loop
      vertex 84.0016 4.5791 0.9
      vertex 83.5233 4.1792 0.9
      vertex 83.8761 4.0092 0.9
    endloop
  endfacet
  facet normal 0 0 1
    outer loop
      vertex 83.8888 4.70551 0.9
      vertex 83.2786 4.45659 0.9
      vertex 83.5233 4.1792 0.9
    endloop
  endfacet
  facet normal 0 -0 1
    outer loop
      vertex 83.2786 4.45659 0.9
      vertex 83.8165 4.89005 0.9
      vertex 83.1495 4.83545 0.9
    endloop
  endfacet
  facet normal 0 0 1
    outer loop
      vertex 82.1399 6.42563 0.9
      vertex 82.8164 6.45412 0.9
      vertex 82.744 6.85049 0.9
    endloop
  endfacet
  facet normal 0 0 1
    outer loop
      vertex 82.8164 6.45412 0.9
      vertex 82.1399 6.42563 0.9
      vertex 82.7932 6.23044 0.9
    endloop
  endfacet
  facet normal -0 0 1
    outer loop
      vertex 82.1046 6.24585 0.9
      vertex 82.7932 6.23044 0.9
      vertex 82.1399 6.42563 0.9
    endloop
  endfacet
  facet normal 0 0 1
    outer loop
      vertex 82.0302 6.75317 0.9
      vertex 82.744 6.85049 0.9
      vertex 82.5268 7.14716 0.9
    endloop
  endfacet
  facet normal 0 0 1
    outer loop
      vertex 82.7932 6.23044 0.9
      vertex 82.1046 6.24585 0.9
      vertex 82.7238 6.0293 0.9
    endloop
  endfacet
  facet normal 0 0 1
    outer loop
      vertex 82.7238 6.0293 0.9
      vertex 82.1046 6.24585 0.9
      vertex 82.6182 5.84683 0.9
    endloop
  endfacet
  facet normal 0 0 1
    outer loop
      vertex 82.0302 6.75317 0.9
      vertex 82.5268 7.14716 0.9
      vertex 82.1744 7.33231 0.9
    endloop
  endfacet
  facet normal -0 0 1
    outer loop
      vertex 81.9987 6.0625 0.9
      vertex 82.6182 5.84683 0.9
      vertex 82.1046 6.24585 0.9
    endloop
  endfacet
  facet normal 0 0 1
    outer loop
      vertex 82.6182 5.84683 0.9
      vertex 81.9987 6.0625 0.9
      vertex 82.4865 5.67918 0.9
    endloop
  endfacet
  facet normal 0 0 1
    outer loop
      vertex 82.744 6.85049 0.9
      vertex 82.0302 6.75317 0.9
      vertex 82.1399 6.42563 0.9
    endloop
  endfacet
  facet normal 0 0 1
    outer loop
      vertex 82.1744 7.33231 0.9
      vertex 81.7009 6.86237 0.9
      vertex 82.0302 6.75317 0.9
    endloop
  endfacet
  facet normal 0 0 1
    outer loop
      vertex 81.6961 7.39401 0.9
      vertex 81.7009 6.86237 0.9
      vertex 82.1744 7.33231 0.9
    endloop
  endfacet
  facet normal 0 0 1
    outer loop
      vertex 81.6961 7.39401 0.9
      vertex 81.5125 6.83359 0.9
      vertex 81.7009 6.86237 0.9
    endloop
  endfacet
  facet normal -0 0 1
    outer loop
      vertex 81.2478 7.3329 0.9
      vertex 81.5125 6.83359 0.9
      vertex 81.6961 7.39401 0.9
    endloop
  endfacet
  facet normal 0 0 1
    outer loop
      vertex 81.5125 6.83359 0.9
      vertex 81.2478 7.3329 0.9
      vertex 81.3745 6.74725 0.9
    endloop
  endfacet
  facet normal -0 0 1
    outer loop
      vertex 80.9046 7.14954 0.9
      vertex 81.3745 6.74725 0.9
      vertex 81.2478 7.3329 0.9
    endloop
  endfacet
  facet normal 0 0 1
    outer loop
      vertex 81.3745 6.74725 0.9
      vertex 80.9046 7.14954 0.9
      vertex 81.2816 6.60335 0.9
    endloop
  endfacet
  facet normal -0 0 1
    outer loop
      vertex 80.6723 6.8499 0.9
      vertex 81.2816 6.60335 0.9
      vertex 80.9046 7.14954 0.9
    endloop
  endfacet
  facet normal 0 0 1
    outer loop
      vertex 81.2816 6.60335 0.9
      vertex 80.6723 6.8499 0.9
      vertex 81.2285 6.4019 0.9
    endloop
  endfacet
  facet normal 0 0 1
    outer loop
      vertex 81.2285 6.4019 0.9
      vertex 80.6723 6.8499 0.9
      vertex 80.5568 6.43988 0.9
    endloop
  endfacet
  facet normal 0 0 1
    outer loop
      vertex 82.4865 5.67918 0.9
      vertex 81.9987 6.0625 0.9
      vertex 82.3337 5.52403 0.9
    endloop
  endfacet
  facet normal -0 0 1
    outer loop
      vertex 81.805 5.85246 0.9
      vertex 82.3337 5.52403 0.9
      vertex 81.9987 6.0625 0.9
    endloop
  endfacet
  facet normal 0 0 1
    outer loop
      vertex 82.3337 5.52403 0.9
      vertex 81.805 5.85246 0.9
      vertex 82.1649 5.37895 0.9
    endloop
  endfacet
  facet normal 0 0 1
    outer loop
      vertex 82.1649 5.37895 0.9
      vertex 81.805 5.85246 0.9
      vertex 81.9907 5.24069 0.9
    endloop
  endfacet
  facet normal -0 0 1
    outer loop
      vertex 81.5062 5.59256 0.9
      vertex 81.9907 5.24069 0.9
      vertex 81.805 5.85246 0.9
    endloop
  endfacet
  facet normal 0 0 1
    outer loop
      vertex 81.9907 5.24069 0.9
      vertex 81.5062 5.59256 0.9
      vertex 81.8219 5.10599 0.9
    endloop
  endfacet
  facet normal 0 0 1
    outer loop
      vertex 81.8219 5.10599 0.9
      vertex 81.5062 5.59256 0.9
      vertex 81.6632 4.9725 0.9
    endloop
  endfacet
  facet normal -0 0 1
    outer loop
      vertex 81.1719 5.30182 0.9
      vertex 81.6632 4.9725 0.9
      vertex 81.5062 5.59256 0.9
    endloop
  endfacet
  facet normal 0 0 1
    outer loop
      vertex 81.6632 4.9725 0.9
      vertex 81.1719 5.30182 0.9
      vertex 81.5193 4.83783 0.9
    endloop
  endfacet
  facet normal -0 0 1
    outer loop
      vertex 80.8998 5.02293 0.9
      vertex 81.5193 4.83783 0.9
      vertex 81.1719 5.30182 0.9
    endloop
  endfacet
  facet normal 0 0 1
    outer loop
      vertex 81.5193 4.83783 0.9
      vertex 80.8998 5.02293 0.9
      vertex 81.4003 4.6978 0.9
    endloop
  endfacet
  facet normal -0 0 1
    outer loop
      vertex 81.3163 4.54826 0.9
      vertex 82.8686 4 0.9
      vertex 82.8686 4.54826 0.9
    endloop
  endfacet
  facet normal 0 0 1
    outer loop
      vertex 81.4003 4.6978 0.9
      vertex 80.8998 5.02293 0.9
      vertex 81.3163 4.54826 0.9
    endloop
  endfacet
  facet normal -0 0 1
    outer loop
      vertex 80.6865 4.74644 0.9
      vertex 81.3163 4.54826 0.9
      vertex 80.8998 5.02293 0.9
    endloop
  endfacet
  facet normal 0 0 1
    outer loop
      vertex 80.5284 4.4628 0.9
      vertex 81.3163 4.54826 0.9
      vertex 80.6865 4.74644 0.9
    endloop
  endfacet
  facet normal 0 0 1
    outer loop
      vertex 81.3163 4.54826 0.9
      vertex 80.5284 4.4628 0.9
      vertex 80.5284 4 0.9
    endloop
  endfacet
  facet normal 0 0 1
    outer loop
      vertex 81.3163 4.54826 0.9
      vertex 80.5284 4 0.9
      vertex 82.8686 4 0.9
    endloop
  endfacet
  facet normal 0 -1 0
    outer loop
      vertex 81.3163 4.54826 0.9
      vertex 82.8686 4.54826 1.3
      vertex 81.3163 4.54826 1.3
    endloop
  endfacet
  facet normal 0 -1 -0
    outer loop
      vertex 82.8686 4.54826 1.3
      vertex 81.3163 4.54826 0.9
      vertex 82.8686 4.54826 0.9
    endloop
  endfacet
  facet normal -0.871865 0.489746 0
    outer loop
      vertex 81.3163 4.54826 0.9
      vertex 81.4003 4.6978 1.3
      vertex 81.4003 4.6978 0.9
    endloop
  endfacet
  facet normal -0.871865 0.489746 0
    outer loop
      vertex 81.4003 4.6978 1.3
      vertex 81.3163 4.54826 0.9
      vertex 81.3163 4.54826 1.3
    endloop
  endfacet
  facet normal -0.762008 0.647568 0
    outer loop
      vertex 81.4003 4.6978 0.9
      vertex 81.5193 4.83783 1.3
      vertex 81.5193 4.83783 0.9
    endloop
  endfacet
  facet normal -0.762008 0.647568 0
    outer loop
      vertex 81.5193 4.83783 1.3
      vertex 81.4003 4.6978 0.9
      vertex 81.4003 4.6978 1.3
    endloop
  endfacet
  facet normal -0.683303 0.730135 0
    outer loop
      vertex 81.6632 4.9725 0.9
      vertex 81.5193 4.83783 1.3
      vertex 81.6632 4.9725 1.3
    endloop
  endfacet
  facet normal -0.683303 0.730135 0
    outer loop
      vertex 81.5193 4.83783 1.3
      vertex 81.6632 4.9725 0.9
      vertex 81.5193 4.83783 0.9
    endloop
  endfacet
  facet normal -0.643706 0.765272 0
    outer loop
      vertex 81.8219 5.10599 0.9
      vertex 81.6632 4.9725 1.3
      vertex 81.8219 5.10599 1.3
    endloop
  endfacet
  facet normal -0.643706 0.765272 0
    outer loop
      vertex 81.6632 4.9725 1.3
      vertex 81.8219 5.10599 0.9
      vertex 81.6632 4.9725 0.9
    endloop
  endfacet
  facet normal -0.623735 0.781636 0
    outer loop
      vertex 81.9907 5.24069 0.9
      vertex 81.8219 5.10599 1.3
      vertex 81.9907 5.24069 1.3
    endloop
  endfacet
  facet normal -0.623735 0.781636 0
    outer loop
      vertex 81.8219 5.10599 1.3
      vertex 81.9907 5.24069 0.9
      vertex 81.8219 5.10599 0.9
    endloop
  endfacet
  facet normal -0.621674 0.783276 0
    outer loop
      vertex 82.1649 5.37895 0.9
      vertex 81.9907 5.24069 1.3
      vertex 82.1649 5.37895 1.3
    endloop
  endfacet
  facet normal -0.621674 0.783276 0
    outer loop
      vertex 81.9907 5.24069 1.3
      vertex 82.1649 5.37895 0.9
      vertex 81.9907 5.24069 0.9
    endloop
  endfacet
  facet normal -0.651812 0.758381 0
    outer loop
      vertex 82.3337 5.52403 0.9
      vertex 82.1649 5.37895 1.3
      vertex 82.3337 5.52403 1.3
    endloop
  endfacet
  facet normal -0.651812 0.758381 0
    outer loop
      vertex 82.1649 5.37895 1.3
      vertex 82.3337 5.52403 0.9
      vertex 82.1649 5.37895 0.9
    endloop
  endfacet
  facet normal -0.712482 0.70169 0
    outer loop
      vertex 82.3337 5.52403 0.9
      vertex 82.4865 5.67918 1.3
      vertex 82.4865 5.67918 0.9
    endloop
  endfacet
  facet normal -0.712482 0.70169 0
    outer loop
      vertex 82.4865 5.67918 1.3
      vertex 82.3337 5.52403 0.9
      vertex 82.3337 5.52403 1.3
    endloop
  endfacet
  facet normal -0.786375 0.617749 0
    outer loop
      vertex 82.4865 5.67918 0.9
      vertex 82.6182 5.84683 1.3
      vertex 82.6182 5.84683 0.9
    endloop
  endfacet
  facet normal -0.786375 0.617749 0
    outer loop
      vertex 82.6182 5.84683 1.3
      vertex 82.4865 5.67918 0.9
      vertex 82.4865 5.67918 1.3
    endloop
  endfacet
  facet normal -0.86551 0.500892 0
    outer loop
      vertex 82.6182 5.84683 0.9
      vertex 82.7238 6.0293 1.3
      vertex 82.7238 6.0293 0.9
    endloop
  endfacet
  facet normal -0.86551 0.500892 0
    outer loop
      vertex 82.7238 6.0293 1.3
      vertex 82.6182 5.84683 0.9
      vertex 82.6182 5.84683 1.3
    endloop
  endfacet
  facet normal -0.945313 0.326164 0
    outer loop
      vertex 82.7238 6.0293 0.9
      vertex 82.7932 6.23044 1.3
      vertex 82.7932 6.23044 0.9
    endloop
  endfacet
  facet normal -0.945313 0.326164 0
    outer loop
      vertex 82.7932 6.23044 1.3
      vertex 82.7238 6.0293 0.9
      vertex 82.7238 6.0293 1.3
    endloop
  endfacet
  facet normal -0.994664 0.103166 0
    outer loop
      vertex 82.7932 6.23044 0.9
      vertex 82.8164 6.45412 1.3
      vertex 82.8164 6.45412 0.9
    endloop
  endfacet
  facet normal -0.994664 0.103166 0
    outer loop
      vertex 82.8164 6.45412 1.3
      vertex 82.7932 6.23044 0.9
      vertex 82.7932 6.23044 1.3
    endloop
  endfacet
  facet normal -0.983724 -0.179685 0
    outer loop
      vertex 82.8164 6.45412 0.9
      vertex 82.744 6.85049 1.3
      vertex 82.744 6.85049 0.9
    endloop
  endfacet
  facet normal -0.983724 -0.179685 0
    outer loop
      vertex 82.744 6.85049 1.3
      vertex 82.8164 6.45412 0.9
      vertex 82.8164 6.45412 1.3
    endloop
  endfacet
  facet normal -0.806869 -0.59073 0
    outer loop
      vertex 82.744 6.85049 0.9
      vertex 82.5268 7.14716 1.3
      vertex 82.5268 7.14716 0.9
    endloop
  endfacet
  facet normal -0.806869 -0.59073 0
    outer loop
      vertex 82.5268 7.14716 1.3
      vertex 82.744 6.85049 0.9
      vertex 82.744 6.85049 1.3
    endloop
  endfacet
  facet normal -0.46511 -0.885253 0
    outer loop
      vertex 82.1744 7.33231 0.9
      vertex 82.5268 7.14716 1.3
      vertex 82.1744 7.33231 1.3
    endloop
  endfacet
  facet normal -0.46511 -0.885253 -0
    outer loop
      vertex 82.5268 7.14716 1.3
      vertex 82.1744 7.33231 0.9
      vertex 82.5268 7.14716 0.9
    endloop
  endfacet
  facet normal -0.127938 -0.991782 0
    outer loop
      vertex 81.6961 7.39401 0.9
      vertex 82.1744 7.33231 1.3
      vertex 81.6961 7.39401 1.3
    endloop
  endfacet
  facet normal -0.127938 -0.991782 -0
    outer loop
      vertex 82.1744 7.33231 1.3
      vertex 81.6961 7.39401 0.9
      vertex 82.1744 7.33231 0.9
    endloop
  endfacet
  facet normal 0.135066 -0.990837 0
    outer loop
      vertex 81.2478 7.3329 0.9
      vertex 81.6961 7.39401 1.3
      vertex 81.2478 7.3329 1.3
    endloop
  endfacet
  facet normal 0.135066 -0.990837 0
    outer loop
      vertex 81.6961 7.39401 1.3
      vertex 81.2478 7.3329 0.9
      vertex 81.6961 7.39401 0.9
    endloop
  endfacet
  facet normal 0.471228 -0.882011 0
    outer loop
      vertex 80.9046 7.14954 0.9
      vertex 81.2478 7.3329 1.3
      vertex 80.9046 7.14954 1.3
    endloop
  endfacet
  facet normal 0.471228 -0.882011 0
    outer loop
      vertex 81.2478 7.3329 1.3
      vertex 80.9046 7.14954 0.9
      vertex 81.2478 7.3329 0.9
    endloop
  endfacet
  facet normal 0.790314 -0.612702 0
    outer loop
      vertex 80.6723 6.8499 1.3
      vertex 80.9046 7.14954 0.9
      vertex 80.9046 7.14954 1.3
    endloop
  endfacet
  facet normal 0.790314 -0.612702 0
    outer loop
      vertex 80.9046 7.14954 0.9
      vertex 80.6723 6.8499 1.3
      vertex 80.6723 6.8499 0.9
    endloop
  endfacet
  facet normal 0.96254 -0.271141 0
    outer loop
      vertex 80.5568 6.43988 1.3
      vertex 80.6723 6.8499 0.9
      vertex 80.6723 6.8499 1.3
    endloop
  endfacet
  facet normal 0.96254 -0.271141 0
    outer loop
      vertex 80.6723 6.8499 0.9
      vertex 80.5568 6.43988 1.3
      vertex 80.5568 6.43988 0.9
    endloop
  endfacet
  facet normal 0.0564529 0.998405 -0
    outer loop
      vertex 81.2285 6.4019 0.9
      vertex 80.5568 6.43988 1.3
      vertex 81.2285 6.4019 1.3
    endloop
  endfacet
  facet normal 0.0564529 0.998405 0
    outer loop
      vertex 80.5568 6.43988 1.3
      vertex 81.2285 6.4019 0.9
      vertex 80.5568 6.43988 0.9
    endloop
  endfacet
  facet normal -0.966972 0.254883 0
    outer loop
      vertex 81.2285 6.4019 0.9
      vertex 81.2816 6.60335 1.3
      vertex 81.2816 6.60335 0.9
    endloop
  endfacet
  facet normal -0.966972 0.254883 0
    outer loop
      vertex 81.2816 6.60335 1.3
      vertex 81.2285 6.4019 0.9
      vertex 81.2285 6.4019 1.3
    endloop
  endfacet
  facet normal -0.840134 0.54238 0
    outer loop
      vertex 81.2816 6.60335 0.9
      vertex 81.3745 6.74725 1.3
      vertex 81.3745 6.74725 0.9
    endloop
  endfacet
  facet normal -0.840134 0.54238 0
    outer loop
      vertex 81.3745 6.74725 1.3
      vertex 81.2816 6.60335 0.9
      vertex 81.2816 6.60335 1.3
    endloop
  endfacet
  facet normal -0.530396 0.84775 0
    outer loop
      vertex 81.5125 6.83359 0.9
      vertex 81.3745 6.74725 1.3
      vertex 81.5125 6.83359 1.3
    endloop
  endfacet
  facet normal -0.530396 0.84775 0
    outer loop
      vertex 81.3745 6.74725 1.3
      vertex 81.5125 6.83359 0.9
      vertex 81.3745 6.74725 0.9
    endloop
  endfacet
  facet normal -0.151008 0.988532 0
    outer loop
      vertex 81.7009 6.86237 0.9
      vertex 81.5125 6.83359 1.3
      vertex 81.7009 6.86237 1.3
    endloop
  endfacet
  facet normal -0.151008 0.988532 0
    outer loop
      vertex 81.5125 6.83359 1.3
      vertex 81.7009 6.86237 0.9
      vertex 81.5125 6.83359 0.9
    endloop
  endfacet
  facet normal 0.314757 0.949172 -0
    outer loop
      vertex 82.0302 6.75317 0.9
      vertex 81.7009 6.86237 1.3
      vertex 82.0302 6.75317 1.3
    endloop
  endfacet
  facet normal 0.314757 0.949172 0
    outer loop
      vertex 81.7009 6.86237 1.3
      vertex 82.0302 6.75317 0.9
      vertex 81.7009 6.86237 0.9
    endloop
  endfacet
  facet normal 0.948231 0.317582 0
    outer loop
      vertex 82.1399 6.42563 1.3
      vertex 82.0302 6.75317 0.9
      vertex 82.0302 6.75317 1.3
    endloop
  endfacet
  facet normal 0.948231 0.317582 0
    outer loop
      vertex 82.0302 6.75317 0.9
      vertex 82.1399 6.42563 1.3
      vertex 82.1399 6.42563 0.9
    endloop
  endfacet
  facet normal 0.981263 -0.192672 0
    outer loop
      vertex 82.1046 6.24585 1.3
      vertex 82.1399 6.42563 0.9
      vertex 82.1399 6.42563 1.3
    endloop
  endfacet
  facet normal 0.981263 -0.192672 0
    outer loop
      vertex 82.1399 6.42563 0.9
      vertex 82.1046 6.24585 1.3
      vertex 82.1046 6.24585 0.9
    endloop
  endfacet
  facet normal 0.865938 -0.500152 0
    outer loop
      vertex 81.9987 6.0625 1.3
      vertex 82.1046 6.24585 0.9
      vertex 82.1046 6.24585 1.3
    endloop
  endfacet
  facet normal 0.865938 -0.500152 0
    outer loop
      vertex 82.1046 6.24585 0.9
      vertex 81.9987 6.0625 1.3
      vertex 81.9987 6.0625 0.9
    endloop
  endfacet
  facet normal 0.735123 -0.677934 0
    outer loop
      vertex 81.805 5.85246 1.3
      vertex 81.9987 6.0625 0.9
      vertex 81.9987 6.0625 1.3
    endloop
  endfacet
  facet normal 0.735123 -0.677934 0
    outer loop
      vertex 81.9987 6.0625 0.9
      vertex 81.805 5.85246 1.3
      vertex 81.805 5.85246 0.9
    endloop
  endfacet
  facet normal 0.656285 -0.754513 0
    outer loop
      vertex 81.5062 5.59256 0.9
      vertex 81.805 5.85246 1.3
      vertex 81.5062 5.59256 1.3
    endloop
  endfacet
  facet normal 0.656285 -0.754513 0
    outer loop
      vertex 81.805 5.85246 1.3
      vertex 81.5062 5.59256 0.9
      vertex 81.805 5.85246 0.9
    endloop
  endfacet
  facet normal 0.656236 -0.754556 0
    outer loop
      vertex 81.1719 5.30182 0.9
      vertex 81.5062 5.59256 1.3
      vertex 81.1719 5.30182 1.3
    endloop
  endfacet
  facet normal 0.656236 -0.754556 0
    outer loop
      vertex 81.5062 5.59256 1.3
      vertex 81.1719 5.30182 0.9
      vertex 81.5062 5.59256 0.9
    endloop
  endfacet
  facet normal 0.715766 -0.69834 0
    outer loop
      vertex 80.8998 5.02293 1.3
      vertex 81.1719 5.30182 0.9
      vertex 81.1719 5.30182 1.3
    endloop
  endfacet
  facet normal 0.715766 -0.69834 0
    outer loop
      vertex 81.1719 5.30182 0.9
      vertex 80.8998 5.02293 1.3
      vertex 80.8998 5.02293 0.9
    endloop
  endfacet
  facet normal 0.791772 -0.610817 0
    outer loop
      vertex 80.6865 4.74644 1.3
      vertex 80.8998 5.02293 0.9
      vertex 80.8998 5.02293 1.3
    endloop
  endfacet
  facet normal 0.791772 -0.610817 0
    outer loop
      vertex 80.8998 5.02293 0.9
      vertex 80.6865 4.74644 1.3
      vertex 80.6865 4.74644 0.9
    endloop
  endfacet
  facet normal 0.873474 -0.486871 0
    outer loop
      vertex 80.5284 4.4628 1.3
      vertex 80.6865 4.74644 0.9
      vertex 80.6865 4.74644 1.3
    endloop
  endfacet
  facet normal 0.873474 -0.486871 0
    outer loop
      vertex 80.6865 4.74644 0.9
      vertex 80.5284 4.4628 1.3
      vertex 80.5284 4.4628 0.9
    endloop
  endfacet
  facet normal 1 -0 0
    outer loop
      vertex 80.5284 4 1.3
      vertex 80.5284 4.4628 0.9
      vertex 80.5284 4.4628 1.3
    endloop
  endfacet
  facet normal 1 0 0
    outer loop
      vertex 80.5284 4.4628 0.9
      vertex 80.5284 4 1.3
      vertex 80.5284 4 0.9
    endloop
  endfacet
  facet normal 0 1 -0
    outer loop
      vertex 82.8686 4 0.9
      vertex 80.5284 4 1.3
      vertex 82.8686 4 1.3
    endloop
  endfacet
  facet normal 0 1 0
    outer loop
      vertex 80.5284 4 1.3
      vertex 82.8686 4 0.9
      vertex 80.5284 4 0.9
    endloop
  endfacet
  facet normal -1 0 0
    outer loop
      vertex 82.8686 4 0.9
      vertex 82.8686 4.54826 1.3
      vertex 82.8686 4.54826 0.9
    endloop
  endfacet
  facet normal -1 -0 0
    outer loop
      vertex 82.8686 4.54826 1.3
      vertex 82.8686 4 0.9
      vertex 82.8686 4 1.3
    endloop
  endfacet
  facet normal -0.514961 0.857213 0
    outer loop
      vertex 85.237 4.26701 0.9
      vertex 84.8444 4.03116 1.3
      vertex 85.237 4.26701 1.3
    endloop
  endfacet
  facet normal -0.514961 0.857213 0
    outer loop
      vertex 84.8444 4.03116 1.3
      vertex 85.237 4.26701 0.9
      vertex 84.8444 4.03116 0.9
    endloop
  endfacet
  facet normal -0.829488 0.558525 0
    outer loop
      vertex 85.237 4.26701 0.9
      vertex 85.4853 4.63577 1.3
      vertex 85.4853 4.63577 0.9
    endloop
  endfacet
  facet normal -0.829488 0.558525 0
    outer loop
      vertex 85.4853 4.63577 1.3
      vertex 85.237 4.26701 0.9
      vertex 85.237 4.26701 1.3
    endloop
  endfacet
  facet normal -0.985288 0.170902 0
    outer loop
      vertex 85.4853 4.63577 0.9
      vertex 85.5681 5.11313 1.3
      vertex 85.5681 5.11313 0.9
    endloop
  endfacet
  facet normal -0.985288 0.170902 0
    outer loop
      vertex 85.5681 5.11313 1.3
      vertex 85.4853 4.63577 0.9
      vertex 85.4853 4.63577 1.3
    endloop
  endfacet
  facet normal -0.987942 -0.154822 0
    outer loop
      vertex 85.5681 5.11313 0.9
      vertex 85.4965 5.57002 1.3
      vertex 85.4965 5.57002 0.9
    endloop
  endfacet
  facet normal -0.987942 -0.154822 0
    outer loop
      vertex 85.4965 5.57002 1.3
      vertex 85.5681 5.11313 0.9
      vertex 85.5681 5.11313 1.3
    endloop
  endfacet
  facet normal -0.852665 -0.522458 0
    outer loop
      vertex 85.4965 5.57002 0.9
      vertex 85.282 5.92009 1.3
      vertex 85.282 5.92009 0.9
    endloop
  endfacet
  facet normal -0.852665 -0.522458 0
    outer loop
      vertex 85.282 5.92009 1.3
      vertex 85.4965 5.57002 0.9
      vertex 85.4965 5.57002 1.3
    endloop
  endfacet
  facet normal -0.554792 -0.831989 0
    outer loop
      vertex 84.9483 6.14261 0.9
      vertex 85.282 5.92009 1.3
      vertex 84.9483 6.14261 1.3
    endloop
  endfacet
  facet normal -0.554792 -0.831989 -0
    outer loop
      vertex 85.282 5.92009 1.3
      vertex 84.9483 6.14261 0.9
      vertex 85.282 5.92009 0.9
    endloop
  endfacet
  facet normal -0.170247 -0.985401 0
    outer loop
      vertex 84.519 6.21678 0.9
      vertex 84.9483 6.14261 1.3
      vertex 84.519 6.21678 1.3
    endloop
  endfacet
  facet normal -0.170247 -0.985401 -0
    outer loop
      vertex 84.9483 6.14261 1.3
      vertex 84.519 6.21678 0.9
      vertex 84.9483 6.14261 0.9
    endloop
  endfacet
  facet normal 0.158355 -0.987382 0
    outer loop
      vertex 84.1861 6.16339 0.9
      vertex 84.519 6.21678 1.3
      vertex 84.1861 6.16339 1.3
    endloop
  endfacet
  facet normal 0.158355 -0.987382 0
    outer loop
      vertex 84.519 6.21678 1.3
      vertex 84.1861 6.16339 0.9
      vertex 84.519 6.21678 0.9
    endloop
  endfacet
  facet normal 0.507075 -0.861902 0
    outer loop
      vertex 83.9138 6.00319 0.9
      vertex 84.1861 6.16339 1.3
      vertex 83.9138 6.00319 1.3
    endloop
  endfacet
  facet normal 0.507075 -0.861902 0
    outer loop
      vertex 84.1861 6.16339 1.3
      vertex 83.9138 6.00319 0.9
      vertex 84.1861 6.16339 0.9
    endloop
  endfacet
  facet normal -0.997919 0.064487 0
    outer loop
      vertex 83.9138 6.00319 0.9
      vertex 83.9684 6.84811 1.3
      vertex 83.9684 6.84811 0.9
    endloop
  endfacet
  facet normal -0.997919 0.064487 0
    outer loop
      vertex 83.9684 6.84811 1.3
      vertex 83.9138 6.00319 0.9
      vertex 83.9138 6.00319 1.3
    endloop
  endfacet
  facet normal 0 1 -0
    outer loop
      vertex 85.3734 6.84811 0.9
      vertex 83.9684 6.84811 1.3
      vertex 85.3734 6.84811 1.3
    endloop
  endfacet
  facet normal 0 1 0
    outer loop
      vertex 83.9684 6.84811 1.3
      vertex 85.3734 6.84811 0.9
      vertex 83.9684 6.84811 0.9
    endloop
  endfacet
  facet normal -1 0 0
    outer loop
      vertex 85.3734 6.84811 0.9
      vertex 85.3734 7.34418 1.3
      vertex 85.3734 7.34418 0.9
    endloop
  endfacet
  facet normal -1 -0 0
    outer loop
      vertex 85.3734 7.34418 1.3
      vertex 85.3734 6.84811 0.9
      vertex 85.3734 6.84811 1.3
    endloop
  endfacet
  facet normal 0 -1 0
    outer loop
      vertex 83.3631 7.34418 0.9
      vertex 85.3734 7.34418 1.3
      vertex 83.3631 7.34418 1.3
    endloop
  endfacet
  facet normal 0 -1 -0
    outer loop
      vertex 85.3734 7.34418 1.3
      vertex 83.3631 7.34418 0.9
      vertex 85.3734 7.34418 0.9
    endloop
  endfacet
  facet normal 0.998096 -0.0616741 0
    outer loop
      vertex 83.2468 5.46205 1.3
      vertex 83.3631 7.34418 0.9
      vertex 83.3631 7.34418 1.3
    endloop
  endfacet
  facet normal 0.998096 -0.0616741 0
    outer loop
      vertex 83.3631 7.34418 0.9
      vertex 83.2468 5.46205 1.3
      vertex 83.2468 5.46205 0.9
    endloop
  endfacet
  facet normal 0 1 -0
    outer loop
      vertex 83.8971 5.46205 0.9
      vertex 83.2468 5.46205 1.3
      vertex 83.8971 5.46205 1.3
    endloop
  endfacet
  facet normal 0 1 0
    outer loop
      vertex 83.2468 5.46205 1.3
      vertex 83.8971 5.46205 0.9
      vertex 83.2468 5.46205 0.9
    endloop
  endfacet
  facet normal -0.627053 0.778977 0
    outer loop
      vertex 84.0983 5.62401 0.9
      vertex 83.8971 5.46205 1.3
      vertex 84.0983 5.62401 1.3
    endloop
  endfacet
  facet normal -0.627053 0.778977 0
    outer loop
      vertex 83.8971 5.46205 1.3
      vertex 84.0983 5.62401 0.9
      vertex 83.8971 5.46205 0.9
    endloop
  endfacet
  facet normal -0.209296 0.977852 0
    outer loop
      vertex 84.3505 5.67799 0.9
      vertex 84.0983 5.62401 1.3
      vertex 84.3505 5.67799 1.3
    endloop
  endfacet
  facet normal -0.209296 0.977852 0
    outer loop
      vertex 84.0983 5.62401 1.3
      vertex 84.3505 5.67799 0.9
      vertex 84.0983 5.62401 0.9
    endloop
  endfacet
  facet normal 0.173715 0.984796 -0
    outer loop
      vertex 84.5742 5.63853 0.9
      vertex 84.3505 5.67799 1.3
      vertex 84.5742 5.63853 1.3
    endloop
  endfacet
  facet normal 0.173715 0.984796 0
    outer loop
      vertex 84.3505 5.67799 1.3
      vertex 84.5742 5.63853 0.9
      vertex 84.3505 5.67799 0.9
    endloop
  endfacet
  facet normal 0.576268 0.81726 -0
    outer loop
      vertex 84.7421 5.52014 0.9
      vertex 84.5742 5.63853 1.3
      vertex 84.7421 5.52014 1.3
    endloop
  endfacet
  facet normal 0.576268 0.81726 0
    outer loop
      vertex 84.5742 5.63853 1.3
      vertex 84.7421 5.52014 0.9
      vertex 84.5742 5.63853 0.9
    endloop
  endfacet
  facet normal 0.868788 0.495184 0
    outer loop
      vertex 84.8471 5.33592 1.3
      vertex 84.7421 5.52014 0.9
      vertex 84.7421 5.52014 1.3
    endloop
  endfacet
  facet normal 0.868788 0.495184 0
    outer loop
      vertex 84.7421 5.52014 0.9
      vertex 84.8471 5.33592 1.3
      vertex 84.8471 5.33592 0.9
    endloop
  endfacet
  facet normal 0.989273 0.146077 0
    outer loop
      vertex 84.8821 5.09889 1.3
      vertex 84.8471 5.33592 0.9
      vertex 84.8471 5.33592 1.3
    endloop
  endfacet
  facet normal 0.989273 0.146077 0
    outer loop
      vertex 84.8471 5.33592 0.9
      vertex 84.8821 5.09889 1.3
      vertex 84.8821 5.09889 0.9
    endloop
  endfacet
  facet normal 0.990272 -0.139142 0
    outer loop
      vertex 84.845 4.83485 1.3
      vertex 84.8821 5.09889 0.9
      vertex 84.8821 5.09889 1.3
    endloop
  endfacet
  facet normal 0.990272 -0.139142 0
    outer loop
      vertex 84.8821 5.09889 0.9
      vertex 84.845 4.83485 1.3
      vertex 84.845 4.83485 0.9
    endloop
  endfacet
  facet normal 0.867626 -0.497217 0
    outer loop
      vertex 84.7338 4.64081 1.3
      vertex 84.845 4.83485 0.9
      vertex 84.845 4.83485 1.3
    endloop
  endfacet
  facet normal 0.867626 -0.497217 0
    outer loop
      vertex 84.845 4.83485 0.9
      vertex 84.7338 4.64081 1.3
      vertex 84.7338 4.64081 0.9
    endloop
  endfacet
  facet normal 0.566206 -0.824264 0
    outer loop
      vertex 84.5602 4.52156 0.9
      vertex 84.7338 4.64081 1.3
      vertex 84.5602 4.52156 1.3
    endloop
  endfacet
  facet normal 0.566206 -0.824264 0
    outer loop
      vertex 84.7338 4.64081 1.3
      vertex 84.5602 4.52156 0.9
      vertex 84.7338 4.64081 0.9
    endloop
  endfacet
  facet normal 0.174768 -0.98461 0
    outer loop
      vertex 84.3362 4.4818 0.9
      vertex 84.5602 4.52156 1.3
      vertex 84.3362 4.4818 1.3
    endloop
  endfacet
  facet normal 0.174768 -0.98461 0
    outer loop
      vertex 84.5602 4.52156 1.3
      vertex 84.3362 4.4818 0.9
      vertex 84.5602 4.52156 0.9
    endloop
  endfacet
  facet normal -0.130738 -0.991417 0
    outer loop
      vertex 84.1517 4.50613 0.9
      vertex 84.3362 4.4818 1.3
      vertex 84.1517 4.50613 1.3
    endloop
  endfacet
  facet normal -0.130738 -0.991417 -0
    outer loop
      vertex 84.3362 4.4818 1.3
      vertex 84.1517 4.50613 0.9
      vertex 84.3362 4.4818 0.9
    endloop
  endfacet
  facet normal -0.437216 -0.899357 0
    outer loop
      vertex 84.0016 4.5791 0.9
      vertex 84.1517 4.50613 1.3
      vertex 84.0016 4.5791 1.3
    endloop
  endfacet
  facet normal -0.437216 -0.899357 -0
    outer loop
      vertex 84.1517 4.50613 1.3
      vertex 84.0016 4.5791 0.9
      vertex 84.1517 4.50613 0.9
    endloop
  endfacet
  facet normal -0.746131 -0.665799 0
    outer loop
      vertex 84.0016 4.5791 0.9
      vertex 83.8888 4.70551 1.3
      vertex 83.8888 4.70551 0.9
    endloop
  endfacet
  facet normal -0.746131 -0.665799 0
    outer loop
      vertex 83.8888 4.70551 1.3
      vertex 84.0016 4.5791 0.9
      vertex 84.0016 4.5791 1.3
    endloop
  endfacet
  facet normal -0.931091 -0.364787 0
    outer loop
      vertex 83.8888 4.70551 0.9
      vertex 83.8165 4.89005 1.3
      vertex 83.8165 4.89005 0.9
    endloop
  endfacet
  facet normal -0.931091 -0.364787 0
    outer loop
      vertex 83.8165 4.89005 1.3
      vertex 83.8888 4.70551 0.9
      vertex 83.8888 4.70551 1.3
    endloop
  endfacet
  facet normal 0.0815862 -0.996666 0
    outer loop
      vertex 83.1495 4.83545 0.9
      vertex 83.8165 4.89005 1.3
      vertex 83.1495 4.83545 1.3
    endloop
  endfacet
  facet normal 0.0815862 -0.996666 0
    outer loop
      vertex 83.8165 4.89005 1.3
      vertex 83.1495 4.83545 0.9
      vertex 83.8165 4.89005 0.9
    endloop
  endfacet
  facet normal 0.946554 0.322547 0
    outer loop
      vertex 83.2786 4.45659 1.3
      vertex 83.1495 4.83545 0.9
      vertex 83.1495 4.83545 1.3
    endloop
  endfacet
  facet normal 0.946554 0.322547 0
    outer loop
      vertex 83.1495 4.83545 0.9
      vertex 83.2786 4.45659 1.3
      vertex 83.2786 4.45659 0.9
    endloop
  endfacet
  facet normal 0.749913 0.661537 0
    outer loop
      vertex 83.5233 4.1792 1.3
      vertex 83.2786 4.45659 0.9
      vertex 83.2786 4.45659 1.3
    endloop
  endfacet
  facet normal 0.749913 0.661537 0
    outer loop
      vertex 83.2786 4.45659 0.9
      vertex 83.5233 4.1792 1.3
      vertex 83.5233 4.1792 0.9
    endloop
  endfacet
  facet normal 0.434092 0.900869 -0
    outer loop
      vertex 83.8761 4.0092 0.9
      vertex 83.5233 4.1792 1.3
      vertex 83.8761 4.0092 1.3
    endloop
  endfacet
  facet normal 0.434092 0.900869 0
    outer loop
      vertex 83.5233 4.1792 1.3
      vertex 83.8761 4.0092 0.9
      vertex 83.5233 4.1792 0.9
    endloop
  endfacet
  facet normal 0.124089 0.992271 -0
    outer loop
      vertex 84.3291 3.95255 0.9
      vertex 83.8761 4.0092 1.3
      vertex 84.3291 3.95255 1.3
    endloop
  endfacet
  facet normal 0.124089 0.992271 0
    outer loop
      vertex 83.8761 4.0092 1.3
      vertex 84.3291 3.95255 0.9
      vertex 83.8761 4.0092 0.9
    endloop
  endfacet
  facet normal -0.150807 0.988563 0
    outer loop
      vertex 84.8444 4.03116 0.9
      vertex 84.3291 3.95255 1.3
      vertex 84.8444 4.03116 1.3
    endloop
  endfacet
  facet normal -0.150807 0.988563 0
    outer loop
      vertex 84.3291 3.95255 1.3
      vertex 84.8444 4.03116 0.9
      vertex 84.3291 3.95255 0.9
    endloop
  endfacet
  facet normal 0 0 -1
    outer loop
      vertex 94 0 0
      vertex 90.25 7.75 0
      vertex 94 24 0
    endloop
  endfacet
  facet normal 0 0 -1
    outer loop
      vertex 94 0 0
      vertex 75.75 7.75 0
      vertex 90.25 7.75 0
    endloop
  endfacet
  facet normal 0 0 -1
    outer loop
      vertex 75.75 7.75 0
      vertex 72.2 7.8 0
      vertex 75.75 22.25 0
    endloop
  endfacet
  facet normal 0 0 -1
    outer loop
      vertex 94 0 0
      vertex 72.2 7.8 0
      vertex 75.75 7.75 0
    endloop
  endfacet
  facet normal 0 0 -1
    outer loop
      vertex 94 0 0
      vertex 57.8 7.8 0
      vertex 72.2 7.8 0
    endloop
  endfacet
  facet normal 0 0 -1
    outer loop
      vertex 57.8 7.8 0
      vertex 54.15 7.85 0
      vertex 57.8 22.2 0
    endloop
  endfacet
  facet normal 0 0 -1
    outer loop
      vertex 94 0 0
      vertex 54.15 7.85 0
      vertex 57.8 7.8 0
    endloop
  endfacet
  facet normal 0 0 -1
    outer loop
      vertex 94 0 0
      vertex 39.85 7.85 0
      vertex 54.15 7.85 0
    endloop
  endfacet
  facet normal 0 0 -1
    outer loop
      vertex 39.85 7.85 0
      vertex 36.1 7.9 0
      vertex 39.85 22.15 0
    endloop
  endfacet
  facet normal 0 0 -1
    outer loop
      vertex 0 0 0
      vertex 39.85 7.85 0
      vertex 94 0 0
    endloop
  endfacet
  facet normal -0 0 -1
    outer loop
      vertex 39.85 7.85 0
      vertex 0 0 0
      vertex 36.1 7.9 0
    endloop
  endfacet
  facet normal 0 0 -1
    outer loop
      vertex 21.9 7.9 0
      vertex 18 8 0
      vertex 21.9 22.1 0
    endloop
  endfacet
  facet normal -0 0 -1
    outer loop
      vertex 36.1 7.9 0
      vertex 0 0 0
      vertex 21.9 7.9 0
    endloop
  endfacet
  facet normal -0 0 -1
    outer loop
      vertex 21.9 7.9 0
      vertex 0 0 0
      vertex 18 8 0
    endloop
  endfacet
  facet normal 0 0 -1
    outer loop
      vertex 0 24 0
      vertex 4 8 0
      vertex 0 0 0
    endloop
  endfacet
  facet normal -0 0 -1
    outer loop
      vertex 18 8 0
      vertex 0 0 0
      vertex 4 8 0
    endloop
  endfacet
  facet normal 0 0 -1
    outer loop
      vertex 90.25 22.25 0
      vertex 94 24 0
      vertex 90.25 7.75 0
    endloop
  endfacet
  facet normal 0 0 -1
    outer loop
      vertex 75.75 22.25 0
      vertex 94 24 0
      vertex 90.25 22.25 0
    endloop
  endfacet
  facet normal 0 0 -1
    outer loop
      vertex 72.2 22.2 0
      vertex 75.75 22.25 0
      vertex 72.2 7.8 0
    endloop
  endfacet
  facet normal 0 0 -1
    outer loop
      vertex 72.2 22.2 0
      vertex 94 24 0
      vertex 75.75 22.25 0
    endloop
  endfacet
  facet normal 0 0 -1
    outer loop
      vertex 57.8 22.2 0
      vertex 94 24 0
      vertex 72.2 22.2 0
    endloop
  endfacet
  facet normal 0 0 -1
    outer loop
      vertex 54.15 22.15 0
      vertex 57.8 22.2 0
      vertex 54.15 7.85 0
    endloop
  endfacet
  facet normal 0 0 -1
    outer loop
      vertex 54.15 22.15 0
      vertex 94 24 0
      vertex 57.8 22.2 0
    endloop
  endfacet
  facet normal 0 0 -1
    outer loop
      vertex 39.85 22.15 0
      vertex 94 24 0
      vertex 54.15 22.15 0
    endloop
  endfacet
  facet normal 0 0 -1
    outer loop
      vertex 36.1 22.1 0
      vertex 39.85 22.15 0
      vertex 36.1 7.9 0
    endloop
  endfacet
  facet normal 0 0 -1
    outer loop
      vertex 0 24 0
      vertex 39.85 22.15 0
      vertex 36.1 22.1 0
    endloop
  endfacet
  facet normal 0 0 -1
    outer loop
      vertex 0 24 0
      vertex 36.1 22.1 0
      vertex 21.9 22.1 0
    endloop
  endfacet
  facet normal 0 0 -1
    outer loop
      vertex 18 22 0
      vertex 21.9 22.1 0
      vertex 18 8 0
    endloop
  endfacet
  facet normal 0 0 -1
    outer loop
      vertex 0 24 0
      vertex 21.9 22.1 0
      vertex 18 22 0
    endloop
  endfacet
  facet normal 0 0 -1
    outer loop
      vertex 0 24 0
      vertex 18 22 0
      vertex 4 22 0
    endloop
  endfacet
  facet normal 0 0 -1
    outer loop
      vertex 39.85 22.15 0
      vertex 0 24 0
      vertex 94 24 0
    endloop
  endfacet
  facet normal 0 0 -1
    outer loop
      vertex 4 8 0
      vertex 0 24 0
      vertex 4 22 0
    endloop
  endfacet
  facet normal -1 0 0
    outer loop
      vertex 0 0 0
      vertex 0 24 1.3
      vertex 0 24 0
    endloop
  endfacet
  facet normal -1 -0 0
    outer loop
      vertex 0 24 1.3
      vertex 0 0 0
      vertex 0 0 1.3
    endloop
  endfacet
  facet normal 0 0 1
    outer loop
      vertex 18 8 1.3
      vertex 12.1151 6.42683 1.3
      vertex 12.1839 5.67328 1.3
    endloop
  endfacet
  facet normal 0 0 1
    outer loop
      vertex 18 8 1.3
      vertex 11.9086 6.96442 1.3
      vertex 12.1151 6.42683 1.3
    endloop
  endfacet
  facet normal 0 0 1
    outer loop
      vertex 18 8 1.3
      vertex 11.5538 7.28662 1.3
      vertex 11.9086 6.96442 1.3
    endloop
  endfacet
  facet normal 0 0 1
    outer loop
      vertex 18 8 1.3
      vertex 11.0399 7.39401 1.3
      vertex 11.5538 7.28662 1.3
    endloop
  endfacet
  facet normal 0 0 1
    outer loop
      vertex 9.90364 6.21855 1.3
      vertex 4 8 1.3
      vertex 9.87219 5.67328 1.3
    endloop
  endfacet
  facet normal 0 0 1
    outer loop
      vertex 9.99799 6.65349 1.3
      vertex 4 8 1.3
      vertex 9.90364 6.21855 1.3
    endloop
  endfacet
  facet normal 0 0 1
    outer loop
      vertex 10.1552 6.9834 1.3
      vertex 4 8 1.3
      vertex 9.99799 6.65349 1.3
    endloop
  endfacet
  facet normal 0 0 1
    outer loop
      vertex 10.3754 7.21362 1.3
      vertex 4 8 1.3
      vertex 10.1552 6.9834 1.3
    endloop
  endfacet
  facet normal 0 0 1
    outer loop
      vertex 10.6673 7.34891 1.3
      vertex 4 8 1.3
      vertex 10.3754 7.21362 1.3
    endloop
  endfacet
  facet normal 0 0 1
    outer loop
      vertex 11.0399 7.39401 1.3
      vertex 4 8 1.3
      vertex 10.6673 7.34891 1.3
    endloop
  endfacet
  facet normal -0 0 1
    outer loop
      vertex 4 8 1.3
      vertex 11.0399 7.39401 1.3
      vertex 18 8 1.3
    endloop
  endfacet
  facet normal 0 0 1
    outer loop
      vertex 36.1 7.9 1.3
      vertex 31.4351 6.42683 1.3
      vertex 31.504 5.67328 1.3
    endloop
  endfacet
  facet normal 0 0 1
    outer loop
      vertex 36.1 7.9 1.3
      vertex 31.2287 6.96442 1.3
      vertex 31.4351 6.42683 1.3
    endloop
  endfacet
  facet normal 0 0 1
    outer loop
      vertex 36.1 7.9 1.3
      vertex 30.8738 7.28662 1.3
      vertex 31.2287 6.96442 1.3
    endloop
  endfacet
  facet normal 0 0 1
    outer loop
      vertex 36.1 7.9 1.3
      vertex 30.36 7.39401 1.3
      vertex 30.8738 7.28662 1.3
    endloop
  endfacet
  facet normal 0 0 1
    outer loop
      vertex 28.1613 7.34418 1.3
      vertex 29.1922 5.67328 1.3
      vertex 29.2237 6.21855 1.3
    endloop
  endfacet
  facet normal 0 0 1
    outer loop
      vertex 29.1922 5.67328 1.3
      vertex 28.1613 7.34418 1.3
      vertex 28.1613 4.49605 1.3
    endloop
  endfacet
  facet normal 0 0 1
    outer loop
      vertex 29.318 6.65349 1.3
      vertex 28.1613 7.34418 1.3
      vertex 29.2237 6.21855 1.3
    endloop
  endfacet
  facet normal 0 0 1
    outer loop
      vertex 29.4753 6.9834 1.3
      vertex 28.1613 7.34418 1.3
      vertex 29.318 6.65349 1.3
    endloop
  endfacet
  facet normal 0 0 1
    outer loop
      vertex 29.6954 7.21362 1.3
      vertex 28.1613 7.34418 1.3
      vertex 29.4753 6.9834 1.3
    endloop
  endfacet
  facet normal 0 0 1
    outer loop
      vertex 29.9873 7.34891 1.3
      vertex 28.1613 7.34418 1.3
      vertex 29.6954 7.21362 1.3
    endloop
  endfacet
  facet normal 0 0 1
    outer loop
      vertex 30.36 7.39401 1.3
      vertex 28.1613 7.34418 1.3
      vertex 29.9873 7.34891 1.3
    endloop
  endfacet
  facet normal -0 0 1
    outer loop
      vertex 21.9 7.9 1.3
      vertex 30.36 7.39401 1.3
      vertex 36.1 7.9 1.3
    endloop
  endfacet
  facet normal 0 0 1
    outer loop
      vertex 30.36 7.39401 1.3
      vertex 21.9 7.9 1.3
      vertex 28.1613 7.34418 1.3
    endloop
  endfacet
  facet normal 0 0 1
    outer loop
      vertex 21.9 7.9 1.3
      vertex 26.6922 6.27611 1.3
      vertex 26.6922 6.80066 1.3
    endloop
  endfacet
  facet normal 0 0 1
    outer loop
      vertex 26.666 4.49605 1.3
      vertex 21.9 7.9 1.3
      vertex 26.666 4 1.3
    endloop
  endfacet
  facet normal 0 0 1
    outer loop
      vertex 26.6922 6.27611 1.3
      vertex 21.9 7.9 1.3
      vertex 26.666 4.49605 1.3
    endloop
  endfacet
  facet normal 0 0 1
    outer loop
      vertex 27.53 7.34418 1.3
      vertex 21.9 7.9 1.3
      vertex 26.6922 6.80066 1.3
    endloop
  endfacet
  facet normal 0 0 1
    outer loop
      vertex 28.1613 7.34418 1.3
      vertex 21.9 7.9 1.3
      vertex 27.53 7.34418 1.3
    endloop
  endfacet
  facet normal 0 0 1
    outer loop
      vertex 29.1922 5.67328 1.3
      vertex 28.1613 4.49605 1.3
      vertex 28.9279 4.49605 1.3
    endloop
  endfacet
  facet normal -0 0 1
    outer loop
      vertex 26.6922 6.27611 1.3
      vertex 27.4944 4.49605 1.3
      vertex 27.4944 6.77693 1.3
    endloop
  endfacet
  facet normal 0 0 1
    outer loop
      vertex 27.4944 4.49605 1.3
      vertex 26.6922 6.27611 1.3
      vertex 26.666 4.49605 1.3
    endloop
  endfacet
  facet normal 0 0 1
    outer loop
      vertex 54.15 7.85 1.3
      vertex 49.4965 5.57002 1.3
      vertex 49.5681 5.11313 1.3
    endloop
  endfacet
  facet normal 0 0 1
    outer loop
      vertex 49.3734 6.84811 1.3
      vertex 54.15 7.85 1.3
      vertex 49.3734 7.34418 1.3
    endloop
  endfacet
  facet normal 0 0 1
    outer loop
      vertex 54.15 7.85 1.3
      vertex 47.3631 7.34418 1.3
      vertex 49.3734 7.34418 1.3
    endloop
  endfacet
  facet normal -0 0 1
    outer loop
      vertex 46.1613 7.34418 1.3
      vertex 47.2468 5.46205 1.3
      vertex 47.3631 7.34418 1.3
    endloop
  endfacet
  facet normal 0 0 1
    outer loop
      vertex 46.1613 4.49605 1.3
      vertex 47.2468 5.46205 1.3
      vertex 46.1613 7.34418 1.3
    endloop
  endfacet
  facet normal 0 0 1
    outer loop
      vertex 47.2468 5.46205 1.3
      vertex 46.1613 4.49605 1.3
      vertex 47.1495 4.83545 1.3
    endloop
  endfacet
  facet normal 0 0 1
    outer loop
      vertex 54.15 7.85 1.3
      vertex 46.1613 7.34418 1.3
      vertex 47.3631 7.34418 1.3
    endloop
  endfacet
  facet normal -0 0 1
    outer loop
      vertex 39.85 7.85 1.3
      vertex 46.1613 7.34418 1.3
      vertex 54.15 7.85 1.3
    endloop
  endfacet
  facet normal 0 0 1
    outer loop
      vertex 39.85 7.85 1.3
      vertex 44.6922 6.27611 1.3
      vertex 44.6922 6.80066 1.3
    endloop
  endfacet
  facet normal 0 0 1
    outer loop
      vertex 44.666 4.49605 1.3
      vertex 39.85 7.85 1.3
      vertex 44.666 4 1.3
    endloop
  endfacet
  facet normal 0 0 1
    outer loop
      vertex 44.6922 6.27611 1.3
      vertex 39.85 7.85 1.3
      vertex 44.666 4.49605 1.3
    endloop
  endfacet
  facet normal 0 0 1
    outer loop
      vertex 45.53 7.34418 1.3
      vertex 39.85 7.85 1.3
      vertex 44.6922 6.80066 1.3
    endloop
  endfacet
  facet normal 0 0 1
    outer loop
      vertex 46.1613 7.34418 1.3
      vertex 39.85 7.85 1.3
      vertex 45.53 7.34418 1.3
    endloop
  endfacet
  facet normal 0 0 1
    outer loop
      vertex 54.15 7.85 1.3
      vertex 49.3734 6.84811 1.3
      vertex 49.4965 5.57002 1.3
    endloop
  endfacet
  facet normal 0 0 1
    outer loop
      vertex 49.3734 6.84811 1.3
      vertex 49.282 5.92009 1.3
      vertex 49.4965 5.57002 1.3
    endloop
  endfacet
  facet normal 0 0 1
    outer loop
      vertex 49.3734 6.84811 1.3
      vertex 48.9483 6.14261 1.3
      vertex 49.282 5.92009 1.3
    endloop
  endfacet
  facet normal 0 0 1
    outer loop
      vertex 49.3734 6.84811 1.3
      vertex 48.519 6.21678 1.3
      vertex 48.9483 6.14261 1.3
    endloop
  endfacet
  facet normal -0 0 1
    outer loop
      vertex 47.9684 6.84811 1.3
      vertex 48.519 6.21678 1.3
      vertex 49.3734 6.84811 1.3
    endloop
  endfacet
  facet normal 0 0 1
    outer loop
      vertex 48.519 6.21678 1.3
      vertex 47.9684 6.84811 1.3
      vertex 48.1861 6.16339 1.3
    endloop
  endfacet
  facet normal 0 0 1
    outer loop
      vertex 48.1861 6.16339 1.3
      vertex 47.9684 6.84811 1.3
      vertex 47.9138 6.00319 1.3
    endloop
  endfacet
  facet normal 0 0 1
    outer loop
      vertex 48.3505 5.67799 1.3
      vertex 48.8821 5.09889 1.3
      vertex 48.8471 5.33592 1.3
    endloop
  endfacet
  facet normal 0 0 1
    outer loop
      vertex 48.3505 5.67799 1.3
      vertex 48.8471 5.33592 1.3
      vertex 48.7421 5.52014 1.3
    endloop
  endfacet
  facet normal 0 0 1
    outer loop
      vertex 48.8821 5.09889 1.3
      vertex 47.8165 4.89005 1.3
      vertex 48.845 4.83485 1.3
    endloop
  endfacet
  facet normal 0 0 1
    outer loop
      vertex 48.3505 5.67799 1.3
      vertex 48.7421 5.52014 1.3
      vertex 48.5742 5.63853 1.3
    endloop
  endfacet
  facet normal 0 -0 1
    outer loop
      vertex 48.3362 4.4818 1.3
      vertex 48.845 4.83485 1.3
      vertex 47.8165 4.89005 1.3
    endloop
  endfacet
  facet normal 0 0 1
    outer loop
      vertex 48.8821 5.09889 1.3
      vertex 48.3505 5.67799 1.3
      vertex 47.8971 5.46205 1.3
    endloop
  endfacet
  facet normal 0 -0 1
    outer loop
      vertex 48.5602 4.52156 1.3
      vertex 48.845 4.83485 1.3
      vertex 48.3362 4.4818 1.3
    endloop
  endfacet
  facet normal 0 0 1
    outer loop
      vertex 48.845 4.83485 1.3
      vertex 48.5602 4.52156 1.3
      vertex 48.7338 4.64081 1.3
    endloop
  endfacet
  facet normal 0 0 1
    outer loop
      vertex 47.8971 5.46205 1.3
      vertex 48.3505 5.67799 1.3
      vertex 48.0983 5.62401 1.3
    endloop
  endfacet
  facet normal 0 0 1
    outer loop
      vertex 48.3362 4.4818 1.3
      vertex 47.8165 4.89005 1.3
      vertex 48.1517 4.50613 1.3
    endloop
  endfacet
  facet normal 0 0 1
    outer loop
      vertex 48.8821 5.09889 1.3
      vertex 47.8971 5.46205 1.3
      vertex 47.8165 4.89005 1.3
    endloop
  endfacet
  facet normal -0 -0 1
    outer loop
      vertex 47.8888 4.70551 1.3
      vertex 48.1517 4.50613 1.3
      vertex 47.8165 4.89005 1.3
    endloop
  endfacet
  facet normal 0 0 1
    outer loop
      vertex 48.1517 4.50613 1.3
      vertex 47.8888 4.70551 1.3
      vertex 48.0016 4.5791 1.3
    endloop
  endfacet
  facet normal -0 0 1
    outer loop
      vertex 47.2468 5.46205 1.3
      vertex 47.8165 4.89005 1.3
      vertex 47.8971 5.46205 1.3
    endloop
  endfacet
  facet normal 0 0 1
    outer loop
      vertex 47.8165 4.89005 1.3
      vertex 47.2468 5.46205 1.3
      vertex 47.1495 4.83545 1.3
    endloop
  endfacet
  facet normal 0 0 1
    outer loop
      vertex 47.1495 4.83545 1.3
      vertex 46.1613 4.49605 1.3
      vertex 46.9279 4.49605 1.3
    endloop
  endfacet
  facet normal -0 0 1
    outer loop
      vertex 44.6922 6.27611 1.3
      vertex 45.4944 4.49605 1.3
      vertex 45.4944 6.77693 1.3
    endloop
  endfacet
  facet normal 0 0 1
    outer loop
      vertex 45.4944 4.49605 1.3
      vertex 44.6922 6.27611 1.3
      vertex 44.666 4.49605 1.3
    endloop
  endfacet
  facet normal 0 0 1
    outer loop
      vertex 72.2 7.8 1.3
      vertex 67.4351 6.42683 1.3
      vertex 67.504 5.67328 1.3
    endloop
  endfacet
  facet normal 0 0 1
    outer loop
      vertex 72.2 7.8 1.3
      vertex 67.2287 6.96442 1.3
      vertex 67.4351 6.42683 1.3
    endloop
  endfacet
  facet normal 0 0 1
    outer loop
      vertex 72.2 7.8 1.3
      vertex 66.8738 7.28662 1.3
      vertex 67.2287 6.96442 1.3
    endloop
  endfacet
  facet normal 0 0 1
    outer loop
      vertex 72.2 7.8 1.3
      vertex 66.36 7.39401 1.3
      vertex 66.8738 7.28662 1.3
    endloop
  endfacet
  facet normal -0 0 1
    outer loop
      vertex 64.7238 6.0293 1.3
      vertex 65.1922 5.67328 1.3
      vertex 65.2237 6.21855 1.3
    endloop
  endfacet
  facet normal -0 0 1
    outer loop
      vertex 64.7932 6.23044 1.3
      vertex 65.2237 6.21855 1.3
      vertex 64.8164 6.45412 1.3
    endloop
  endfacet
  facet normal 0 0 1
    outer loop
      vertex 65.318 6.65349 1.3
      vertex 64.8164 6.45412 1.3
      vertex 65.2237 6.21855 1.3
    endloop
  endfacet
  facet normal -0 0 1
    outer loop
      vertex 64.744 6.85049 1.3
      vertex 65.318 6.65349 1.3
      vertex 65.4753 6.9834 1.3
    endloop
  endfacet
  facet normal -0 0 1
    outer loop
      vertex 64.5268 7.14716 1.3
      vertex 65.4753 6.9834 1.3
      vertex 65.6954 7.21362 1.3
    endloop
  endfacet
  facet normal 0 0 1
    outer loop
      vertex 65.318 6.65349 1.3
      vertex 64.744 6.85049 1.3
      vertex 64.8164 6.45412 1.3
    endloop
  endfacet
  facet normal -0 0 1
    outer loop
      vertex 64.1744 7.33231 1.3
      vertex 65.6954 7.21362 1.3
      vertex 65.9873 7.34891 1.3
    endloop
  endfacet
  facet normal 0 0 1
    outer loop
      vertex 65.4753 6.9834 1.3
      vertex 64.5268 7.14716 1.3
      vertex 64.744 6.85049 1.3
    endloop
  endfacet
  facet normal 0 0 1
    outer loop
      vertex 65.6954 7.21362 1.3
      vertex 64.1744 7.33231 1.3
      vertex 64.5268 7.14716 1.3
    endloop
  endfacet
  facet normal -0 0 1
    outer loop
      vertex 63.6961 7.39401 1.3
      vertex 65.9873 7.34891 1.3
      vertex 66.36 7.39401 1.3
    endloop
  endfacet
  facet normal 0 0 1
    outer loop
      vertex 63.6961 7.39401 1.3
      vertex 66.36 7.39401 1.3
      vertex 72.2 7.8 1.3
    endloop
  endfacet
  facet normal 0 0 1
    outer loop
      vertex 65.9873 7.34891 1.3
      vertex 63.6961 7.39401 1.3
      vertex 64.1744 7.33231 1.3
    endloop
  endfacet
  facet normal 0 0 1
    outer loop
      vertex 62.5284 4.4628 1.3
      vertex 57.8 7.8 1.3
      vertex 62.5284 4 1.3
    endloop
  endfacet
  facet normal 0 0 1
    outer loop
      vertex 62.5568 6.43988 1.3
      vertex 57.8 7.8 1.3
      vertex 62.5284 4.4628 1.3
    endloop
  endfacet
  facet normal 0 0 1
    outer loop
      vertex 62.6723 6.8499 1.3
      vertex 57.8 7.8 1.3
      vertex 62.5568 6.43988 1.3
    endloop
  endfacet
  facet normal 0 0 1
    outer loop
      vertex 62.9046 7.14954 1.3
      vertex 57.8 7.8 1.3
      vertex 62.6723 6.8499 1.3
    endloop
  endfacet
  facet normal 0 0 1
    outer loop
      vertex 63.2478 7.3329 1.3
      vertex 57.8 7.8 1.3
      vertex 62.9046 7.14954 1.3
    endloop
  endfacet
  facet normal 0 0 1
    outer loop
      vertex 63.6961 7.39401 1.3
      vertex 57.8 7.8 1.3
      vertex 63.2478 7.3329 1.3
    endloop
  endfacet
  facet normal -0 0 1
    outer loop
      vertex 57.8 7.8 1.3
      vertex 63.6961 7.39401 1.3
      vertex 72.2 7.8 1.3
    endloop
  endfacet
  facet normal 0 0 1
    outer loop
      vertex 64.7238 6.0293 1.3
      vertex 65.2237 6.21855 1.3
      vertex 64.7932 6.23044 1.3
    endloop
  endfacet
  facet normal 0 0 1
    outer loop
      vertex 65.1922 5.67328 1.3
      vertex 64.7238 6.0293 1.3
      vertex 64.6182 5.84683 1.3
    endloop
  endfacet
  facet normal -0 0 1
    outer loop
      vertex 64.4865 5.67918 1.3
      vertex 65.1922 5.67328 1.3
      vertex 64.6182 5.84683 1.3
    endloop
  endfacet
  facet normal 0 0 1
    outer loop
      vertex 64.3337 5.52403 1.3
      vertex 65.1922 5.67328 1.3
      vertex 64.4865 5.67918 1.3
    endloop
  endfacet
  facet normal 0 0 1
    outer loop
      vertex 65.1922 5.67328 1.3
      vertex 64.3337 5.52403 1.3
      vertex 64.8686 4.54826 1.3
    endloop
  endfacet
  facet normal -0 0 1
    outer loop
      vertex 64.1649 5.37895 1.3
      vertex 64.8686 4.54826 1.3
      vertex 64.3337 5.52403 1.3
    endloop
  endfacet
  facet normal -0 0 1
    outer loop
      vertex 63.9907 5.24069 1.3
      vertex 64.8686 4.54826 1.3
      vertex 64.1649 5.37895 1.3
    endloop
  endfacet
  facet normal -0 0 1
    outer loop
      vertex 63.8219 5.10599 1.3
      vertex 64.8686 4.54826 1.3
      vertex 63.9907 5.24069 1.3
    endloop
  endfacet
  facet normal -0 0 1
    outer loop
      vertex 63.6632 4.9725 1.3
      vertex 64.8686 4.54826 1.3
      vertex 63.8219 5.10599 1.3
    endloop
  endfacet
  facet normal -0 0 1
    outer loop
      vertex 63.5193 4.83783 1.3
      vertex 64.8686 4.54826 1.3
      vertex 63.6632 4.9725 1.3
    endloop
  endfacet
  facet normal -0 0 1
    outer loop
      vertex 63.4003 4.6978 1.3
      vertex 64.8686 4.54826 1.3
      vertex 63.5193 4.83783 1.3
    endloop
  endfacet
  facet normal 0 0 1
    outer loop
      vertex 64.8686 4.54826 1.3
      vertex 63.4003 4.6978 1.3
      vertex 63.3163 4.54826 1.3
    endloop
  endfacet
  facet normal 0 0 1
    outer loop
      vertex 63.7009 6.86237 1.3
      vertex 64.1399 6.42563 1.3
      vertex 64.0302 6.75317 1.3
    endloop
  endfacet
  facet normal 0 0 1
    outer loop
      vertex 64.1399 6.42563 1.3
      vertex 63.7009 6.86237 1.3
      vertex 64.1046 6.24585 1.3
    endloop
  endfacet
  facet normal -0 0 1
    outer loop
      vertex 63.2816 6.60335 1.3
      vertex 64.1046 6.24585 1.3
      vertex 63.7009 6.86237 1.3
    endloop
  endfacet
  facet normal -0 0 1
    outer loop
      vertex 63.2285 6.4019 1.3
      vertex 64.1046 6.24585 1.3
      vertex 63.2816 6.60335 1.3
    endloop
  endfacet
  facet normal 0 0 1
    outer loop
      vertex 63.2816 6.60335 1.3
      vertex 63.7009 6.86237 1.3
      vertex 63.5125 6.83359 1.3
    endloop
  endfacet
  facet normal 0 0 1
    outer loop
      vertex 63.9987 6.0625 1.3
      vertex 63.2285 6.4019 1.3
      vertex 63.805 5.85246 1.3
    endloop
  endfacet
  facet normal 0 0 1
    outer loop
      vertex 63.2816 6.60335 1.3
      vertex 63.5125 6.83359 1.3
      vertex 63.3745 6.74725 1.3
    endloop
  endfacet
  facet normal 0 0 1
    outer loop
      vertex 64.1046 6.24585 1.3
      vertex 63.2285 6.4019 1.3
      vertex 63.9987 6.0625 1.3
    endloop
  endfacet
  facet normal 0 0 1
    outer loop
      vertex 63.805 5.85246 1.3
      vertex 63.2285 6.4019 1.3
      vertex 63.5062 5.59256 1.3
    endloop
  endfacet
  facet normal 0 0 1
    outer loop
      vertex 63.2285 6.4019 1.3
      vertex 63.1719 5.30182 1.3
      vertex 63.5062 5.59256 1.3
    endloop
  endfacet
  facet normal 0 0 1
    outer loop
      vertex 62.5568 6.43988 1.3
      vertex 63.1719 5.30182 1.3
      vertex 63.2285 6.4019 1.3
    endloop
  endfacet
  facet normal 0 0 1
    outer loop
      vertex 63.1719 5.30182 1.3
      vertex 62.5568 6.43988 1.3
      vertex 62.8998 5.02293 1.3
    endloop
  endfacet
  facet normal 0 0 1
    outer loop
      vertex 62.8998 5.02293 1.3
      vertex 62.5568 6.43988 1.3
      vertex 62.6865 4.74644 1.3
    endloop
  endfacet
  facet normal 0 0 1
    outer loop
      vertex 62.6865 4.74644 1.3
      vertex 62.5568 6.43988 1.3
      vertex 62.5284 4.4628 1.3
    endloop
  endfacet
  facet normal 0 0 1
    outer loop
      vertex 90.25 7.75 1.3
      vertex 85.4965 5.57002 1.3
      vertex 85.5681 5.11313 1.3
    endloop
  endfacet
  facet normal 0 0 1
    outer loop
      vertex 85.3734 6.84811 1.3
      vertex 90.25 7.75 1.3
      vertex 85.3734 7.34418 1.3
    endloop
  endfacet
  facet normal 0 0 1
    outer loop
      vertex 90.25 7.75 1.3
      vertex 83.3631 7.34418 1.3
      vertex 85.3734 7.34418 1.3
    endloop
  endfacet
  facet normal -0 0 1
    outer loop
      vertex 82.8164 6.45412 1.3
      vertex 83.2468 5.46205 1.3
      vertex 83.3631 7.34418 1.3
    endloop
  endfacet
  facet normal -0 0 1
    outer loop
      vertex 82.7238 6.0293 1.3
      vertex 83.2468 5.46205 1.3
      vertex 82.7932 6.23044 1.3
    endloop
  endfacet
  facet normal 0 0 1
    outer loop
      vertex 83.2468 5.46205 1.3
      vertex 82.8164 6.45412 1.3
      vertex 82.7932 6.23044 1.3
    endloop
  endfacet
  facet normal 0 0 1
    outer loop
      vertex 83.3631 7.34418 1.3
      vertex 82.744 6.85049 1.3
      vertex 82.8164 6.45412 1.3
    endloop
  endfacet
  facet normal 0 0 1
    outer loop
      vertex 83.3631 7.34418 1.3
      vertex 82.5268 7.14716 1.3
      vertex 82.744 6.85049 1.3
    endloop
  endfacet
  facet normal 0 0 1
    outer loop
      vertex 83.3631 7.34418 1.3
      vertex 82.1744 7.33231 1.3
      vertex 82.5268 7.14716 1.3
    endloop
  endfacet
  facet normal -0 0 1
    outer loop
      vertex 81.6961 7.39401 1.3
      vertex 83.3631 7.34418 1.3
      vertex 90.25 7.75 1.3
    endloop
  endfacet
  facet normal 0 0 1
    outer loop
      vertex 83.3631 7.34418 1.3
      vertex 81.6961 7.39401 1.3
      vertex 82.1744 7.33231 1.3
    endloop
  endfacet
  facet normal 0 0 1
    outer loop
      vertex 80.5284 4.4628 1.3
      vertex 75.75 7.75 1.3
      vertex 80.5284 4 1.3
    endloop
  endfacet
  facet normal 0 0 1
    outer loop
      vertex 80.5568 6.43988 1.3
      vertex 75.75 7.75 1.3
      vertex 80.5284 4.4628 1.3
    endloop
  endfacet
  facet normal 0 0 1
    outer loop
      vertex 80.6723 6.8499 1.3
      vertex 75.75 7.75 1.3
      vertex 80.5568 6.43988 1.3
    endloop
  endfacet
  facet normal 0 0 1
    outer loop
      vertex 80.9046 7.14954 1.3
      vertex 75.75 7.75 1.3
      vertex 80.6723 6.8499 1.3
    endloop
  endfacet
  facet normal 0 0 1
    outer loop
      vertex 81.2478 7.3329 1.3
      vertex 75.75 7.75 1.3
      vertex 80.9046 7.14954 1.3
    endloop
  endfacet
  facet normal 0 0 1
    outer loop
      vertex 81.6961 7.39401 1.3
      vertex 75.75 7.75 1.3
      vertex 81.2478 7.3329 1.3
    endloop
  endfacet
  facet normal -0 0 1
    outer loop
      vertex 75.75 7.75 1.3
      vertex 81.6961 7.39401 1.3
      vertex 90.25 7.75 1.3
    endloop
  endfacet
  facet normal 0 0 1
    outer loop
      vertex 90.25 7.75 1.3
      vertex 94 24 1.3
      vertex 90.25 22.25 1.3
    endloop
  endfacet
  facet normal 0 0 1
    outer loop
      vertex 94 24 1.3
      vertex 75.75 22.25 1.3
      vertex 90.25 22.25 1.3
    endloop
  endfacet
  facet normal 0 0 1
    outer loop
      vertex 75.75 22.25 1.3
      vertex 72.2 22.2 1.3
      vertex 75.75 7.75 1.3
    endloop
  endfacet
  facet normal 0 0 1
    outer loop
      vertex 94 24 1.3
      vertex 72.2 22.2 1.3
      vertex 75.75 22.25 1.3
    endloop
  endfacet
  facet normal 0 0 1
    outer loop
      vertex 94 24 1.3
      vertex 57.8 22.2 1.3
      vertex 72.2 22.2 1.3
    endloop
  endfacet
  facet normal 0 0 1
    outer loop
      vertex 57.8 22.2 1.3
      vertex 54.15 22.15 1.3
      vertex 57.8 7.8 1.3
    endloop
  endfacet
  facet normal 0 0 1
    outer loop
      vertex 94 24 1.3
      vertex 54.15 22.15 1.3
      vertex 57.8 22.2 1.3
    endloop
  endfacet
  facet normal 0 0 1
    outer loop
      vertex 94 24 1.3
      vertex 39.85 22.15 1.3
      vertex 54.15 22.15 1.3
    endloop
  endfacet
  facet normal 0 0 1
    outer loop
      vertex 39.85 22.15 1.3
      vertex 36.1 22.1 1.3
      vertex 39.85 7.85 1.3
    endloop
  endfacet
  facet normal -0 0 1
    outer loop
      vertex 0 24 1.3
      vertex 39.85 22.15 1.3
      vertex 94 24 1.3
    endloop
  endfacet
  facet normal 0 0 1
    outer loop
      vertex 39.85 22.15 1.3
      vertex 0 24 1.3
      vertex 36.1 22.1 1.3
    endloop
  endfacet
  facet normal 0 0 1
    outer loop
      vertex 21.9 22.1 1.3
      vertex 18 22 1.3
      vertex 21.9 7.9 1.3
    endloop
  endfacet
  facet normal 0 0 1
    outer loop
      vertex 36.1 22.1 1.3
      vertex 0 24 1.3
      vertex 21.9 22.1 1.3
    endloop
  endfacet
  facet normal 0 0 1
    outer loop
      vertex 21.9 22.1 1.3
      vertex 0 24 1.3
      vertex 18 22 1.3
    endloop
  endfacet
  facet normal 0 0 1
    outer loop
      vertex 4 22 1.3
      vertex 0 24 1.3
      vertex 4 8 1.3
    endloop
  endfacet
  facet normal 0 0 1
    outer loop
      vertex 18 22 1.3
      vertex 0 24 1.3
      vertex 4 22 1.3
    endloop
  endfacet
  facet normal 0 0 1
    outer loop
      vertex 94 24 1.3
      vertex 90.25 7.75 1.3
      vertex 94 0 1.3
    endloop
  endfacet
  facet normal 0 0 1
    outer loop
      vertex 85.4853 4.63577 1.3
      vertex 90.25 7.75 1.3
      vertex 85.5681 5.11313 1.3
    endloop
  endfacet
  facet normal 0 0 1
    outer loop
      vertex 90.25 7.75 1.3
      vertex 85.4853 4.63577 1.3
      vertex 94 0 1.3
    endloop
  endfacet
  facet normal -0 0 1
    outer loop
      vertex 85.237 4.26701 1.3
      vertex 94 0 1.3
      vertex 85.4853 4.63577 1.3
    endloop
  endfacet
  facet normal -0 0 1
    outer loop
      vertex 84.8444 4.03116 1.3
      vertex 94 0 1.3
      vertex 85.237 4.26701 1.3
    endloop
  endfacet
  facet normal -0 0 1
    outer loop
      vertex 84.3291 3.95255 1.3
      vertex 94 0 1.3
      vertex 84.8444 4.03116 1.3
    endloop
  endfacet
  facet normal -0 0 1
    outer loop
      vertex 82.8686 4 1.3
      vertex 84.3291 3.95255 1.3
      vertex 83.8761 4.0092 1.3
    endloop
  endfacet
  facet normal -0 0 1
    outer loop
      vertex 82.8686 4.54826 1.3
      vertex 83.2786 4.45659 1.3
      vertex 83.1495 4.83545 1.3
    endloop
  endfacet
  facet normal 0 0 1
    outer loop
      vertex 82.8686 4 1.3
      vertex 83.2786 4.45659 1.3
      vertex 82.8686 4.54826 1.3
    endloop
  endfacet
  facet normal 0 0 1
    outer loop
      vertex 83.2786 4.45659 1.3
      vertex 82.8686 4 1.3
      vertex 83.5233 4.1792 1.3
    endloop
  endfacet
  facet normal 0 0 1
    outer loop
      vertex 82.8686 4 1.3
      vertex 83.8761 4.0092 1.3
      vertex 83.5233 4.1792 1.3
    endloop
  endfacet
  facet normal 0 0 1
    outer loop
      vertex 84.3291 3.95255 1.3
      vertex 82.8686 4 1.3
      vertex 94 0 1.3
    endloop
  endfacet
  facet normal -0 0 1
    outer loop
      vertex 80.5284 4 1.3
      vertex 94 0 1.3
      vertex 82.8686 4 1.3
    endloop
  endfacet
  facet normal -0 0 1
    outer loop
      vertex 72.2 7.8 1.3
      vertex 75.75 7.75 1.3
      vertex 72.2 22.2 1.3
    endloop
  endfacet
  facet normal 0 0 1
    outer loop
      vertex 72.2 7.8 1.3
      vertex 80.5284 4 1.3
      vertex 75.75 7.75 1.3
    endloop
  endfacet
  facet normal 0 0 1
    outer loop
      vertex 67.4313 4.9286 1.3
      vertex 72.2 7.8 1.3
      vertex 67.504 5.67328 1.3
    endloop
  endfacet
  facet normal 0 0 1
    outer loop
      vertex 67.2132 4.38922 1.3
      vertex 72.2 7.8 1.3
      vertex 67.4313 4.9286 1.3
    endloop
  endfacet
  facet normal 0 0 1
    outer loop
      vertex 72.2 7.8 1.3
      vertex 67.2132 4.38922 1.3
      vertex 80.5284 4 1.3
    endloop
  endfacet
  facet normal -0 0 1
    outer loop
      vertex 66.8498 4.06171 1.3
      vertex 80.5284 4 1.3
      vertex 67.2132 4.38922 1.3
    endloop
  endfacet
  facet normal 0 0 1
    outer loop
      vertex 66.341 3.95255 1.3
      vertex 80.5284 4 1.3
      vertex 66.8498 4.06171 1.3
    endloop
  endfacet
  facet normal 0 0 1
    outer loop
      vertex 80.5284 4 1.3
      vertex 66.341 3.95255 1.3
      vertex 94 0 1.3
    endloop
  endfacet
  facet normal -0 0 1
    outer loop
      vertex 64.8686 4.54826 1.3
      vertex 65.4794 4.38272 1.3
      vertex 65.1922 5.67328 1.3
    endloop
  endfacet
  facet normal 0 0 1
    outer loop
      vertex 64.8686 4 1.3
      vertex 65.4794 4.38272 1.3
      vertex 64.8686 4.54826 1.3
    endloop
  endfacet
  facet normal 0 0 1
    outer loop
      vertex 65.4794 4.38272 1.3
      vertex 64.8686 4 1.3
      vertex 66.341 3.95255 1.3
    endloop
  endfacet
  facet normal -0 0 1
    outer loop
      vertex 62.5284 4 1.3
      vertex 66.341 3.95255 1.3
      vertex 64.8686 4 1.3
    endloop
  endfacet
  facet normal 0 0 1
    outer loop
      vertex 66.341 3.95255 1.3
      vertex 62.5284 4 1.3
      vertex 94 0 1.3
    endloop
  endfacet
  facet normal -0 0 1
    outer loop
      vertex 54.15 7.85 1.3
      vertex 57.8 7.8 1.3
      vertex 54.15 22.15 1.3
    endloop
  endfacet
  facet normal 0 0 1
    outer loop
      vertex 54.15 7.85 1.3
      vertex 62.5284 4 1.3
      vertex 57.8 7.8 1.3
    endloop
  endfacet
  facet normal 0 0 1
    outer loop
      vertex 49.4853 4.63577 1.3
      vertex 54.15 7.85 1.3
      vertex 49.5681 5.11313 1.3
    endloop
  endfacet
  facet normal 0 0 1
    outer loop
      vertex 54.15 7.85 1.3
      vertex 49.4853 4.63577 1.3
      vertex 62.5284 4 1.3
    endloop
  endfacet
  facet normal -0 0 1
    outer loop
      vertex 49.237 4.26701 1.3
      vertex 62.5284 4 1.3
      vertex 49.4853 4.63577 1.3
    endloop
  endfacet
  facet normal -0 0 1
    outer loop
      vertex 48.8444 4.03116 1.3
      vertex 62.5284 4 1.3
      vertex 49.237 4.26701 1.3
    endloop
  endfacet
  facet normal 0 0 1
    outer loop
      vertex 48.3291 3.95255 1.3
      vertex 62.5284 4 1.3
      vertex 48.8444 4.03116 1.3
    endloop
  endfacet
  facet normal 0 0 1
    outer loop
      vertex 62.5284 4 1.3
      vertex 48.3291 3.95255 1.3
      vertex 94 0 1.3
    endloop
  endfacet
  facet normal -0 0 1
    outer loop
      vertex 46.9279 4.49605 1.3
      vertex 47.2786 4.45659 1.3
      vertex 47.1495 4.83545 1.3
    endloop
  endfacet
  facet normal 0 0 1
    outer loop
      vertex 46.9279 4 1.3
      vertex 47.2786 4.45659 1.3
      vertex 46.9279 4.49605 1.3
    endloop
  endfacet
  facet normal 0 0 1
    outer loop
      vertex 47.2786 4.45659 1.3
      vertex 46.9279 4 1.3
      vertex 47.5233 4.1792 1.3
    endloop
  endfacet
  facet normal 0 0 1
    outer loop
      vertex 46.9279 4 1.3
      vertex 47.8761 4.0092 1.3
      vertex 47.5233 4.1792 1.3
    endloop
  endfacet
  facet normal -0 0 1
    outer loop
      vertex 46.9279 4 1.3
      vertex 48.3291 3.95255 1.3
      vertex 47.8761 4.0092 1.3
    endloop
  endfacet
  facet normal -0 0 1
    outer loop
      vertex 44.666 4 1.3
      vertex 48.3291 3.95255 1.3
      vertex 46.9279 4 1.3
    endloop
  endfacet
  facet normal 0 0 1
    outer loop
      vertex 0 0 1.3
      vertex 48.3291 3.95255 1.3
      vertex 44.666 4 1.3
    endloop
  endfacet
  facet normal -0 0 1
    outer loop
      vertex 36.1 7.9 1.3
      vertex 39.85 7.85 1.3
      vertex 36.1 22.1 1.3
    endloop
  endfacet
  facet normal 0 0 1
    outer loop
      vertex 36.1 7.9 1.3
      vertex 44.666 4 1.3
      vertex 39.85 7.85 1.3
    endloop
  endfacet
  facet normal 0 0 1
    outer loop
      vertex 31.4313 4.9286 1.3
      vertex 36.1 7.9 1.3
      vertex 31.504 5.67328 1.3
    endloop
  endfacet
  facet normal 0 0 1
    outer loop
      vertex 31.2132 4.38922 1.3
      vertex 36.1 7.9 1.3
      vertex 31.4313 4.9286 1.3
    endloop
  endfacet
  facet normal 0 0 1
    outer loop
      vertex 36.1 7.9 1.3
      vertex 31.2132 4.38922 1.3
      vertex 44.666 4 1.3
    endloop
  endfacet
  facet normal -0 0 1
    outer loop
      vertex 30.8498 4.06171 1.3
      vertex 44.666 4 1.3
      vertex 31.2132 4.38922 1.3
    endloop
  endfacet
  facet normal 0 0 1
    outer loop
      vertex 30.341 3.95255 1.3
      vertex 44.666 4 1.3
      vertex 30.8498 4.06171 1.3
    endloop
  endfacet
  facet normal 0 0 1
    outer loop
      vertex 0 0 1.3
      vertex 44.666 4 1.3
      vertex 30.341 3.95255 1.3
    endloop
  endfacet
  facet normal -0 0 1
    outer loop
      vertex 28.9279 4.49605 1.3
      vertex 29.4794 4.38272 1.3
      vertex 29.1922 5.67328 1.3
    endloop
  endfacet
  facet normal 0 0 1
    outer loop
      vertex 28.9279 4 1.3
      vertex 29.4794 4.38272 1.3
      vertex 28.9279 4.49605 1.3
    endloop
  endfacet
  facet normal 0 0 1
    outer loop
      vertex 29.4794 4.38272 1.3
      vertex 28.9279 4 1.3
      vertex 30.341 3.95255 1.3
    endloop
  endfacet
  facet normal -0 0 1
    outer loop
      vertex 26.666 4 1.3
      vertex 30.341 3.95255 1.3
      vertex 28.9279 4 1.3
    endloop
  endfacet
  facet normal 0 0 1
    outer loop
      vertex 30.341 3.95255 1.3
      vertex 26.666 4 1.3
      vertex 0 0 1.3
    endloop
  endfacet
  facet normal -0 0 1
    outer loop
      vertex 18 8 1.3
      vertex 21.9 7.9 1.3
      vertex 18 22 1.3
    endloop
  endfacet
  facet normal 0 0 1
    outer loop
      vertex 18 8 1.3
      vertex 26.666 4 1.3
      vertex 21.9 7.9 1.3
    endloop
  endfacet
  facet normal 0 0 1
    outer loop
      vertex 12.1112 4.9286 1.3
      vertex 18 8 1.3
      vertex 12.1839 5.67328 1.3
    endloop
  endfacet
  facet normal 0 0 1
    outer loop
      vertex 11.8931 4.38922 1.3
      vertex 18 8 1.3
      vertex 12.1112 4.9286 1.3
    endloop
  endfacet
  facet normal 0 0 1
    outer loop
      vertex 18 8 1.3
      vertex 11.8931 4.38922 1.3
      vertex 26.666 4 1.3
    endloop
  endfacet
  facet normal -0 0 1
    outer loop
      vertex 11.5297 4.06171 1.3
      vertex 26.666 4 1.3
      vertex 11.8931 4.38922 1.3
    endloop
  endfacet
  facet normal 0 0 1
    outer loop
      vertex 11.0209 3.95255 1.3
      vertex 26.666 4 1.3
      vertex 11.5297 4.06171 1.3
    endloop
  endfacet
  facet normal 0 0 1
    outer loop
      vertex 26.666 4 1.3
      vertex 11.0209 3.95255 1.3
      vertex 0 0 1.3
    endloop
  endfacet
  facet normal 0 0 1
    outer loop
      vertex 4 8 1.3
      vertex 10.1594 4.38272 1.3
      vertex 9.87219 5.67328 1.3
    endloop
  endfacet
  facet normal 0 0 1
    outer loop
      vertex 48.3291 3.95255 1.3
      vertex 0 0 1.3
      vertex 94 0 1.3
    endloop
  endfacet
  facet normal 0 0 1
    outer loop
      vertex 10.1594 4.38272 1.3
      vertex 0 0 1.3
      vertex 11.0209 3.95255 1.3
    endloop
  endfacet
  facet normal 0 0 1
    outer loop
      vertex 4 8 1.3
      vertex 0 0 1.3
      vertex 10.1594 4.38272 1.3
    endloop
  endfacet
  facet normal 0 0 1
    outer loop
      vertex 0 0 1.3
      vertex 4 8 1.3
      vertex 0 24 1.3
    endloop
  endfacet
  facet normal 0 0 1
    outer loop
      vertex 90.25 7.75 1.3
      vertex 85.3734 6.84811 1.3
      vertex 85.4965 5.57002 1.3
    endloop
  endfacet
  facet normal 0 0 1
    outer loop
      vertex 85.3734 6.84811 1.3
      vertex 85.282 5.92009 1.3
      vertex 85.4965 5.57002 1.3
    endloop
  endfacet
  facet normal 0 0 1
    outer loop
      vertex 85.3734 6.84811 1.3
      vertex 84.9483 6.14261 1.3
      vertex 85.282 5.92009 1.3
    endloop
  endfacet
  facet normal 0 0 1
    outer loop
      vertex 85.3734 6.84811 1.3
      vertex 84.519 6.21678 1.3
      vertex 84.9483 6.14261 1.3
    endloop
  endfacet
  facet normal -0 0 1
    outer loop
      vertex 83.9684 6.84811 1.3
      vertex 84.519 6.21678 1.3
      vertex 85.3734 6.84811 1.3
    endloop
  endfacet
  facet normal 0 0 1
    outer loop
      vertex 84.519 6.21678 1.3
      vertex 83.9684 6.84811 1.3
      vertex 84.1861 6.16339 1.3
    endloop
  endfacet
  facet normal 0 0 1
    outer loop
      vertex 84.1861 6.16339 1.3
      vertex 83.9684 6.84811 1.3
      vertex 83.9138 6.00319 1.3
    endloop
  endfacet
  facet normal 0 0 1
    outer loop
      vertex 84.3505 5.67799 1.3
      vertex 84.8821 5.09889 1.3
      vertex 84.8471 5.33592 1.3
    endloop
  endfacet
  facet normal 0 0 1
    outer loop
      vertex 84.3505 5.67799 1.3
      vertex 84.8471 5.33592 1.3
      vertex 84.7421 5.52014 1.3
    endloop
  endfacet
  facet normal 0 0 1
    outer loop
      vertex 84.8821 5.09889 1.3
      vertex 83.8165 4.89005 1.3
      vertex 84.845 4.83485 1.3
    endloop
  endfacet
  facet normal 0 0 1
    outer loop
      vertex 84.3505 5.67799 1.3
      vertex 84.7421 5.52014 1.3
      vertex 84.5742 5.63853 1.3
    endloop
  endfacet
  facet normal 0 -0 1
    outer loop
      vertex 84.3362 4.4818 1.3
      vertex 84.845 4.83485 1.3
      vertex 83.8165 4.89005 1.3
    endloop
  endfacet
  facet normal 0 0 1
    outer loop
      vertex 84.8821 5.09889 1.3
      vertex 84.3505 5.67799 1.3
      vertex 83.8971 5.46205 1.3
    endloop
  endfacet
  facet normal 0 -0 1
    outer loop
      vertex 84.5602 4.52156 1.3
      vertex 84.845 4.83485 1.3
      vertex 84.3362 4.4818 1.3
    endloop
  endfacet
  facet normal 0 0 1
    outer loop
      vertex 84.845 4.83485 1.3
      vertex 84.5602 4.52156 1.3
      vertex 84.7338 4.64081 1.3
    endloop
  endfacet
  facet normal 0 0 1
    outer loop
      vertex 83.8971 5.46205 1.3
      vertex 84.3505 5.67799 1.3
      vertex 84.0983 5.62401 1.3
    endloop
  endfacet
  facet normal 0 0 1
    outer loop
      vertex 84.3362 4.4818 1.3
      vertex 83.8165 4.89005 1.3
      vertex 84.1517 4.50613 1.3
    endloop
  endfacet
  facet normal 0 0 1
    outer loop
      vertex 84.8821 5.09889 1.3
      vertex 83.8971 5.46205 1.3
      vertex 83.8165 4.89005 1.3
    endloop
  endfacet
  facet normal -0 -0 1
    outer loop
      vertex 83.8888 4.70551 1.3
      vertex 84.1517 4.50613 1.3
      vertex 83.8165 4.89005 1.3
    endloop
  endfacet
  facet normal 0 0 1
    outer loop
      vertex 84.1517 4.50613 1.3
      vertex 83.8888 4.70551 1.3
      vertex 84.0016 4.5791 1.3
    endloop
  endfacet
  facet normal -0 0 1
    outer loop
      vertex 83.2468 5.46205 1.3
      vertex 83.8165 4.89005 1.3
      vertex 83.8971 5.46205 1.3
    endloop
  endfacet
  facet normal 0 0 1
    outer loop
      vertex 83.8165 4.89005 1.3
      vertex 83.2468 5.46205 1.3
      vertex 83.1495 4.83545 1.3
    endloop
  endfacet
  facet normal -0 0 1
    outer loop
      vertex 82.6182 5.84683 1.3
      vertex 83.2468 5.46205 1.3
      vertex 82.7238 6.0293 1.3
    endloop
  endfacet
  facet normal -0 0 1
    outer loop
      vertex 82.4865 5.67918 1.3
      vertex 83.2468 5.46205 1.3
      vertex 82.6182 5.84683 1.3
    endloop
  endfacet
  facet normal -0 0 1
    outer loop
      vertex 82.3337 5.52403 1.3
      vertex 83.2468 5.46205 1.3
      vertex 82.4865 5.67918 1.3
    endloop
  endfacet
  facet normal 0 0 1
    outer loop
      vertex 83.2468 5.46205 1.3
      vertex 82.3337 5.52403 1.3
      vertex 83.1495 4.83545 1.3
    endloop
  endfacet
  facet normal 0 0 1
    outer loop
      vertex 83.1495 4.83545 1.3
      vertex 82.3337 5.52403 1.3
      vertex 82.8686 4.54826 1.3
    endloop
  endfacet
  facet normal -0 0 1
    outer loop
      vertex 82.1649 5.37895 1.3
      vertex 82.8686 4.54826 1.3
      vertex 82.3337 5.52403 1.3
    endloop
  endfacet
  facet normal -0 0 1
    outer loop
      vertex 81.9907 5.24069 1.3
      vertex 82.8686 4.54826 1.3
      vertex 82.1649 5.37895 1.3
    endloop
  endfacet
  facet normal -0 0 1
    outer loop
      vertex 81.8219 5.10599 1.3
      vertex 82.8686 4.54826 1.3
      vertex 81.9907 5.24069 1.3
    endloop
  endfacet
  facet normal -0 0 1
    outer loop
      vertex 81.6632 4.9725 1.3
      vertex 82.8686 4.54826 1.3
      vertex 81.8219 5.10599 1.3
    endloop
  endfacet
  facet normal -0 0 1
    outer loop
      vertex 81.5193 4.83783 1.3
      vertex 82.8686 4.54826 1.3
      vertex 81.6632 4.9725 1.3
    endloop
  endfacet
  facet normal -0 0 1
    outer loop
      vertex 81.4003 4.6978 1.3
      vertex 82.8686 4.54826 1.3
      vertex 81.5193 4.83783 1.3
    endloop
  endfacet
  facet normal 0 0 1
    outer loop
      vertex 82.8686 4.54826 1.3
      vertex 81.4003 4.6978 1.3
      vertex 81.3163 4.54826 1.3
    endloop
  endfacet
  facet normal 0 0 1
    outer loop
      vertex 81.7009 6.86237 1.3
      vertex 82.1399 6.42563 1.3
      vertex 82.0302 6.75317 1.3
    endloop
  endfacet
  facet normal 0 0 1
    outer loop
      vertex 82.1399 6.42563 1.3
      vertex 81.7009 6.86237 1.3
      vertex 82.1046 6.24585 1.3
    endloop
  endfacet
  facet normal -0 0 1
    outer loop
      vertex 81.2816 6.60335 1.3
      vertex 82.1046 6.24585 1.3
      vertex 81.7009 6.86237 1.3
    endloop
  endfacet
  facet normal -0 0 1
    outer loop
      vertex 81.2285 6.4019 1.3
      vertex 82.1046 6.24585 1.3
      vertex 81.2816 6.60335 1.3
    endloop
  endfacet
  facet normal 0 0 1
    outer loop
      vertex 81.2816 6.60335 1.3
      vertex 81.7009 6.86237 1.3
      vertex 81.5125 6.83359 1.3
    endloop
  endfacet
  facet normal 0 0 1
    outer loop
      vertex 81.9987 6.0625 1.3
      vertex 81.2285 6.4019 1.3
      vertex 81.805 5.85246 1.3
    endloop
  endfacet
  facet normal 0 0 1
    outer loop
      vertex 81.2816 6.60335 1.3
      vertex 81.5125 6.83359 1.3
      vertex 81.3745 6.74725 1.3
    endloop
  endfacet
  facet normal 0 0 1
    outer loop
      vertex 82.1046 6.24585 1.3
      vertex 81.2285 6.4019 1.3
      vertex 81.9987 6.0625 1.3
    endloop
  endfacet
  facet normal 0 0 1
    outer loop
      vertex 81.805 5.85246 1.3
      vertex 81.2285 6.4019 1.3
      vertex 81.5062 5.59256 1.3
    endloop
  endfacet
  facet normal 0 0 1
    outer loop
      vertex 81.2285 6.4019 1.3
      vertex 81.1719 5.30182 1.3
      vertex 81.5062 5.59256 1.3
    endloop
  endfacet
  facet normal 0 0 1
    outer loop
      vertex 80.5568 6.43988 1.3
      vertex 81.1719 5.30182 1.3
      vertex 81.2285 6.4019 1.3
    endloop
  endfacet
  facet normal 0 0 1
    outer loop
      vertex 81.1719 5.30182 1.3
      vertex 80.5568 6.43988 1.3
      vertex 80.8998 5.02293 1.3
    endloop
  endfacet
  facet normal 0 0 1
    outer loop
      vertex 80.8998 5.02293 1.3
      vertex 80.5568 6.43988 1.3
      vertex 80.6865 4.74644 1.3
    endloop
  endfacet
  facet normal 0 0 1
    outer loop
      vertex 80.6865 4.74644 1.3
      vertex 80.5568 6.43988 1.3
      vertex 80.5284 4.4628 1.3
    endloop
  endfacet
  facet normal 0 0 1
    outer loop
      vertex 10.5391 5.67328 1.3
      vertex 11.5146 5.67328 1.3
      vertex 11.5033 6.08446 1.3
    endloop
  endfacet
  facet normal 0 0 1
    outer loop
      vertex 10.5501 6.08417 1.3
      vertex 11.5033 6.08446 1.3
      vertex 11.4695 6.39241 1.3
    endloop
  endfacet
  facet normal 0 0 1
    outer loop
      vertex 11.5146 5.67328 1.3
      vertex 10.5391 5.67328 1.3
      vertex 11.503 5.27571 1.3
    endloop
  endfacet
  facet normal 0 0 1
    outer loop
      vertex 10.583 6.39122 1.3
      vertex 11.4695 6.39241 1.3
      vertex 11.4107 6.61256 1.3
    endloop
  endfacet
  facet normal 0 -0 1
    outer loop
      vertex 10.5507 5.26534 1.3
      vertex 11.503 5.27571 1.3
      vertex 10.5391 5.67328 1.3
    endloop
  endfacet
  facet normal 0 0 1
    outer loop
      vertex 11.0352 6.87184 1.3
      vertex 11.4107 6.61256 1.3
      vertex 11.3247 6.7603 1.3
    endloop
  endfacet
  facet normal 0 0 1
    outer loop
      vertex 11.503 5.27571 1.3
      vertex 10.5507 5.26534 1.3
      vertex 11.4683 4.97072 1.3
    endloop
  endfacet
  facet normal 0 0 1
    outer loop
      vertex 11.0352 6.87184 1.3
      vertex 11.3247 6.7603 1.3
      vertex 11.2025 6.84396 1.3
    endloop
  endfacet
  facet normal 0 -0 1
    outer loop
      vertex 10.5854 4.95766 1.3
      vertex 11.4683 4.97072 1.3
      vertex 10.5507 5.26534 1.3
    endloop
  endfacet
  facet normal 0 0 1
    outer loop
      vertex 11.4107 6.61256 1.3
      vertex 11.0352 6.87184 1.3
      vertex 10.6418 6.61078 1.3
    endloop
  endfacet
  facet normal 0 0 1
    outer loop
      vertex 11.4683 4.97072 1.3
      vertex 10.5854 4.95766 1.3
      vertex 11.4078 4.74733 1.3
    endloop
  endfacet
  facet normal 0 0 1
    outer loop
      vertex 10.6418 6.61078 1.3
      vertex 11.0352 6.87184 1.3
      vertex 10.858 6.84366 1.3
    endloop
  endfacet
  facet normal 0 -0 1
    outer loop
      vertex 10.6453 4.73665 1.3
      vertex 11.4078 4.74733 1.3
      vertex 10.5854 4.95766 1.3
    endloop
  endfacet
  facet normal 0 -0 1
    outer loop
      vertex 11.0257 4.47704 1.3
      vertex 11.4078 4.74733 1.3
      vertex 10.6453 4.73665 1.3
    endloop
  endfacet
  facet normal 0 0 1
    outer loop
      vertex 10.6418 6.61078 1.3
      vertex 10.858 6.84366 1.3
      vertex 10.7302 6.75911 1.3
    endloop
  endfacet
  facet normal 0 0 1
    outer loop
      vertex 11.4078 4.74733 1.3
      vertex 11.0257 4.47704 1.3
      vertex 11.3188 4.59454 1.3
    endloop
  endfacet
  facet normal 0 0 1
    outer loop
      vertex 11.4107 6.61256 1.3
      vertex 10.6418 6.61078 1.3
      vertex 10.583 6.39122 1.3
    endloop
  endfacet
  facet normal 0 0 1
    outer loop
      vertex 11.3188 4.59454 1.3
      vertex 11.0257 4.47704 1.3
      vertex 11.1939 4.50641 1.3
    endloop
  endfacet
  facet normal 0 0 1
    outer loop
      vertex 11.4695 6.39241 1.3
      vertex 10.583 6.39122 1.3
      vertex 10.5501 6.08417 1.3
    endloop
  endfacet
  facet normal 0 0 1
    outer loop
      vertex 11.0257 4.47704 1.3
      vertex 10.6453 4.73665 1.3
      vertex 10.8563 4.50493 1.3
    endloop
  endfacet
  facet normal 0 0 1
    outer loop
      vertex 11.5033 6.08446 1.3
      vertex 10.5501 6.08417 1.3
      vertex 10.5391 5.67328 1.3
    endloop
  endfacet
  facet normal 0 0 1
    outer loop
      vertex 10.8563 4.50493 1.3
      vertex 10.6453 4.73665 1.3
      vertex 10.7326 4.58859 1.3
    endloop
  endfacet
  facet normal 0 0 1
    outer loop
      vertex 29.8592 5.67328 1.3
      vertex 30.8347 5.67328 1.3
      vertex 30.8234 6.08446 1.3
    endloop
  endfacet
  facet normal 0 0 1
    outer loop
      vertex 29.8701 6.08417 1.3
      vertex 30.8234 6.08446 1.3
      vertex 30.7895 6.39241 1.3
    endloop
  endfacet
  facet normal 0 0 1
    outer loop
      vertex 30.8347 5.67328 1.3
      vertex 29.8592 5.67328 1.3
      vertex 30.8231 5.27571 1.3
    endloop
  endfacet
  facet normal 0 0 1
    outer loop
      vertex 29.9031 6.39122 1.3
      vertex 30.7895 6.39241 1.3
      vertex 30.7308 6.61256 1.3
    endloop
  endfacet
  facet normal 0 -0 1
    outer loop
      vertex 29.8707 5.26534 1.3
      vertex 30.8231 5.27571 1.3
      vertex 29.8592 5.67328 1.3
    endloop
  endfacet
  facet normal 0 0 1
    outer loop
      vertex 30.3552 6.87184 1.3
      vertex 30.7308 6.61256 1.3
      vertex 30.6448 6.7603 1.3
    endloop
  endfacet
  facet normal 0 0 1
    outer loop
      vertex 30.8231 5.27571 1.3
      vertex 29.8707 5.26534 1.3
      vertex 30.7883 4.97072 1.3
    endloop
  endfacet
  facet normal 0 0 1
    outer loop
      vertex 30.3552 6.87184 1.3
      vertex 30.6448 6.7603 1.3
      vertex 30.5226 6.84396 1.3
    endloop
  endfacet
  facet normal 0 -0 1
    outer loop
      vertex 29.9054 4.95766 1.3
      vertex 30.7883 4.97072 1.3
      vertex 29.8707 5.26534 1.3
    endloop
  endfacet
  facet normal 0 0 1
    outer loop
      vertex 30.7308 6.61256 1.3
      vertex 30.3552 6.87184 1.3
      vertex 29.9618 6.61078 1.3
    endloop
  endfacet
  facet normal 0 0 1
    outer loop
      vertex 30.7883 4.97072 1.3
      vertex 29.9054 4.95766 1.3
      vertex 30.7278 4.74733 1.3
    endloop
  endfacet
  facet normal 0 0 1
    outer loop
      vertex 29.9618 6.61078 1.3
      vertex 30.3552 6.87184 1.3
      vertex 30.1781 6.84366 1.3
    endloop
  endfacet
  facet normal 0 -0 1
    outer loop
      vertex 29.9654 4.73665 1.3
      vertex 30.7278 4.74733 1.3
      vertex 29.9054 4.95766 1.3
    endloop
  endfacet
  facet normal 0 -0 1
    outer loop
      vertex 30.3457 4.47704 1.3
      vertex 30.7278 4.74733 1.3
      vertex 29.9654 4.73665 1.3
    endloop
  endfacet
  facet normal 0 0 1
    outer loop
      vertex 29.9618 6.61078 1.3
      vertex 30.1781 6.84366 1.3
      vertex 30.0502 6.75911 1.3
    endloop
  endfacet
  facet normal 0 0 1
    outer loop
      vertex 30.7278 4.74733 1.3
      vertex 30.3457 4.47704 1.3
      vertex 30.6388 4.59454 1.3
    endloop
  endfacet
  facet normal 0 0 1
    outer loop
      vertex 30.7308 6.61256 1.3
      vertex 29.9618 6.61078 1.3
      vertex 29.9031 6.39122 1.3
    endloop
  endfacet
  facet normal 0 0 1
    outer loop
      vertex 30.6388 4.59454 1.3
      vertex 30.3457 4.47704 1.3
      vertex 30.5139 4.50641 1.3
    endloop
  endfacet
  facet normal 0 0 1
    outer loop
      vertex 30.7895 6.39241 1.3
      vertex 29.9031 6.39122 1.3
      vertex 29.8701 6.08417 1.3
    endloop
  endfacet
  facet normal 0 0 1
    outer loop
      vertex 30.3457 4.47704 1.3
      vertex 29.9654 4.73665 1.3
      vertex 30.1763 4.50493 1.3
    endloop
  endfacet
  facet normal 0 0 1
    outer loop
      vertex 30.8234 6.08446 1.3
      vertex 29.8701 6.08417 1.3
      vertex 29.8592 5.67328 1.3
    endloop
  endfacet
  facet normal 0 0 1
    outer loop
      vertex 30.1763 4.50493 1.3
      vertex 29.9654 4.73665 1.3
      vertex 30.0526 4.58859 1.3
    endloop
  endfacet
  facet normal 0 0 1
    outer loop
      vertex 65.8592 5.67328 1.3
      vertex 66.8347 5.67328 1.3
      vertex 66.8234 6.08446 1.3
    endloop
  endfacet
  facet normal 0 0 1
    outer loop
      vertex 65.8701 6.08417 1.3
      vertex 66.8234 6.08446 1.3
      vertex 66.7895 6.39241 1.3
    endloop
  endfacet
  facet normal 0 0 1
    outer loop
      vertex 66.8347 5.67328 1.3
      vertex 65.8592 5.67328 1.3
      vertex 66.8231 5.27571 1.3
    endloop
  endfacet
  facet normal 0 0 1
    outer loop
      vertex 65.9031 6.39122 1.3
      vertex 66.7895 6.39241 1.3
      vertex 66.7308 6.61256 1.3
    endloop
  endfacet
  facet normal 0 -0 1
    outer loop
      vertex 65.8707 5.26534 1.3
      vertex 66.8231 5.27571 1.3
      vertex 65.8592 5.67328 1.3
    endloop
  endfacet
  facet normal 0 0 1
    outer loop
      vertex 66.3552 6.87184 1.3
      vertex 66.7308 6.61256 1.3
      vertex 66.6448 6.7603 1.3
    endloop
  endfacet
  facet normal 0 0 1
    outer loop
      vertex 66.8231 5.27571 1.3
      vertex 65.8707 5.26534 1.3
      vertex 66.7883 4.97072 1.3
    endloop
  endfacet
  facet normal 0 0 1
    outer loop
      vertex 66.3552 6.87184 1.3
      vertex 66.6448 6.7603 1.3
      vertex 66.5226 6.84396 1.3
    endloop
  endfacet
  facet normal 0 -0 1
    outer loop
      vertex 65.9054 4.95766 1.3
      vertex 66.7883 4.97072 1.3
      vertex 65.8707 5.26534 1.3
    endloop
  endfacet
  facet normal 0 0 1
    outer loop
      vertex 66.7308 6.61256 1.3
      vertex 66.3552 6.87184 1.3
      vertex 65.9618 6.61078 1.3
    endloop
  endfacet
  facet normal 0 0 1
    outer loop
      vertex 66.7883 4.97072 1.3
      vertex 65.9054 4.95766 1.3
      vertex 66.7278 4.74733 1.3
    endloop
  endfacet
  facet normal 0 0 1
    outer loop
      vertex 65.9618 6.61078 1.3
      vertex 66.3552 6.87184 1.3
      vertex 66.1781 6.84366 1.3
    endloop
  endfacet
  facet normal 0 -0 1
    outer loop
      vertex 65.9654 4.73665 1.3
      vertex 66.7278 4.74733 1.3
      vertex 65.9054 4.95766 1.3
    endloop
  endfacet
  facet normal 0 -0 1
    outer loop
      vertex 66.3457 4.47704 1.3
      vertex 66.7278 4.74733 1.3
      vertex 65.9654 4.73665 1.3
    endloop
  endfacet
  facet normal 0 0 1
    outer loop
      vertex 65.9618 6.61078 1.3
      vertex 66.1781 6.84366 1.3
      vertex 66.0502 6.75911 1.3
    endloop
  endfacet
  facet normal 0 0 1
    outer loop
      vertex 66.7278 4.74733 1.3
      vertex 66.3457 4.47704 1.3
      vertex 66.6388 4.59454 1.3
    endloop
  endfacet
  facet normal 0 0 1
    outer loop
      vertex 66.7308 6.61256 1.3
      vertex 65.9618 6.61078 1.3
      vertex 65.9031 6.39122 1.3
    endloop
  endfacet
  facet normal 0 0 1
    outer loop
      vertex 66.6388 4.59454 1.3
      vertex 66.3457 4.47704 1.3
      vertex 66.5139 4.50641 1.3
    endloop
  endfacet
  facet normal 0 0 1
    outer loop
      vertex 66.7895 6.39241 1.3
      vertex 65.9031 6.39122 1.3
      vertex 65.8701 6.08417 1.3
    endloop
  endfacet
  facet normal 0 0 1
    outer loop
      vertex 66.3457 4.47704 1.3
      vertex 65.9654 4.73665 1.3
      vertex 66.1763 4.50493 1.3
    endloop
  endfacet
  facet normal 0 0 1
    outer loop
      vertex 66.8234 6.08446 1.3
      vertex 65.8701 6.08417 1.3
      vertex 65.8592 5.67328 1.3
    endloop
  endfacet
  facet normal 0 0 1
    outer loop
      vertex 66.1763 4.50493 1.3
      vertex 65.9654 4.73665 1.3
      vertex 66.0526 4.58859 1.3
    endloop
  endfacet
  facet normal 0 1 -0
    outer loop
      vertex 94 24 0
      vertex 0 24 1.3
      vertex 94 24 1.3
    endloop
  endfacet
  facet normal 0 1 0
    outer loop
      vertex 0 24 1.3
      vertex 94 24 0
      vertex 0 24 0
    endloop
  endfacet
  facet normal 1 -0 0
    outer loop
      vertex 94 0 1.3
      vertex 94 24 0
      vertex 94 24 1.3
    endloop
  endfacet
  facet normal 1 0 0
    outer loop
      vertex 94 24 0
      vertex 94 0 1.3
      vertex 94 0 0
    endloop
  endfacet
  facet normal 0 -1 0
    outer loop
      vertex 0 0 0
      vertex 94 0 1.3
      vertex 0 0 1.3
    endloop
  endfacet
  facet normal 0 -1 -0
    outer loop
      vertex 94 0 1.3
      vertex 0 0 0
      vertex 94 0 0
    endloop
  endfacet
endsolid OpenSCAD_Model
