solid OpenSCAD_Model
  facet normal -0.956866 -0.290528 0
    outer loop
      vertex 87.297 -71.0431 0
      vertex 87.2258 -70.8086 1.3
      vertex 87.2258 -70.8086 0
    endloop
  endfacet
  facet normal -0.956866 -0.290528 0
    outer loop
      vertex 87.2258 -70.8086 1.3
      vertex 87.297 -71.0431 0
      vertex 87.297 -71.0431 1.3
    endloop
  endfacet
  facet normal -0.99519 -0.0979678 0
    outer loop
      vertex 87.321 -71.2869 0
      vertex 87.297 -71.0431 1.3
      vertex 87.297 -71.0431 0
    endloop
  endfacet
  facet normal -0.99519 -0.0979678 0
    outer loop
      vertex 87.297 -71.0431 1.3
      vertex 87.321 -71.2869 0
      vertex 87.321 -71.2869 1.3
    endloop
  endfacet
  facet normal -0.881935 -0.471372 0
    outer loop
      vertex 87.2258 -70.8086 0
      vertex 87.1103 -70.5925 1.3
      vertex 87.1103 -70.5925 0
    endloop
  endfacet
  facet normal -0.881935 -0.471372 0
    outer loop
      vertex 87.1103 -70.5925 1.3
      vertex 87.2258 -70.8086 0
      vertex 87.2258 -70.8086 1.3
    endloop
  endfacet
  facet normal -0.634348 0.773048 0
    outer loop
      vertex 86.9549 -72.1708 0
      vertex 86.7654 -72.3263 1.3
      vertex 86.9549 -72.1708 1.3
    endloop
  endfacet
  facet normal -0.634348 0.773048 0
    outer loop
      vertex 86.7654 -72.3263 1.3
      vertex 86.9549 -72.1708 0
      vertex 86.7654 -72.3263 0
    endloop
  endfacet
  facet normal -0.995194 0.097928 0
    outer loop
      vertex 87.297 -71.5308 0
      vertex 87.321 -71.2869 1.3
      vertex 87.321 -71.2869 0
    endloop
  endfacet
  facet normal -0.995194 0.097928 0
    outer loop
      vertex 87.321 -71.2869 1.3
      vertex 87.297 -71.5308 0
      vertex 87.297 -71.5308 1.3
    endloop
  endfacet
  facet normal -0.773084 -0.634304 0
    outer loop
      vertex 87.1103 -70.5925 0
      vertex 86.9549 -70.4031 1.3
      vertex 86.9549 -70.4031 0
    endloop
  endfacet
  facet normal -0.773084 -0.634304 0
    outer loop
      vertex 86.9549 -70.4031 1.3
      vertex 87.1103 -70.5925 0
      vertex 87.1103 -70.5925 1.3
    endloop
  endfacet
  facet normal -0.773084 0.634304 0
    outer loop
      vertex 86.9549 -72.1708 0
      vertex 87.1103 -71.9814 1.3
      vertex 87.1103 -71.9814 0
    endloop
  endfacet
  facet normal -0.773084 0.634304 0
    outer loop
      vertex 87.1103 -71.9814 1.3
      vertex 86.9549 -72.1708 0
      vertex 86.9549 -72.1708 1.3
    endloop
  endfacet
  facet normal 0.634548 0.772883 -0
    outer loop
      vertex 85.3765 -72.3263 0
      vertex 85.1871 -72.1708 1.3
      vertex 85.3765 -72.3263 1.3
    endloop
  endfacet
  facet normal 0.634548 0.772883 0
    outer loop
      vertex 85.1871 -72.1708 1.3
      vertex 85.3765 -72.3263 0
      vertex 85.1871 -72.1708 0
    endloop
  endfacet
  facet normal 0.290155 0.95698 -0
    outer loop
      vertex 85.8271 -72.5129 0
      vertex 85.5926 -72.4418 1.3
      vertex 85.8271 -72.5129 1.3
    endloop
  endfacet
  facet normal 0.290155 0.95698 0
    outer loop
      vertex 85.5926 -72.4418 1.3
      vertex 85.8271 -72.5129 0
      vertex 85.5926 -72.4418 0
    endloop
  endfacet
  facet normal 0.99519 -0.0979678 0
    outer loop
      vertex 84.821 -71.2869 1.3
      vertex 84.845 -71.0431 0
      vertex 84.845 -71.0431 1.3
    endloop
  endfacet
  facet normal 0.99519 -0.0979678 0
    outer loop
      vertex 84.845 -71.0431 0
      vertex 84.821 -71.2869 1.3
      vertex 84.821 -71.2869 0
    endloop
  endfacet
  facet normal -0.881935 0.471372 0
    outer loop
      vertex 87.1103 -71.9814 0
      vertex 87.2258 -71.7653 1.3
      vertex 87.2258 -71.7653 0
    endloop
  endfacet
  facet normal -0.881935 0.471372 0
    outer loop
      vertex 87.2258 -71.7653 1.3
      vertex 87.1103 -71.9814 0
      vertex 87.1103 -71.9814 1.3
    endloop
  endfacet
  facet normal 0.471372 -0.881935 0
    outer loop
      vertex 85.3765 -70.2476 0
      vertex 85.5926 -70.1321 1.3
      vertex 85.3765 -70.2476 1.3
    endloop
  endfacet
  facet normal 0.471372 -0.881935 0
    outer loop
      vertex 85.5926 -70.1321 1.3
      vertex 85.3765 -70.2476 0
      vertex 85.5926 -70.1321 0
    endloop
  endfacet
  facet normal 0.097928 0.995194 -0
    outer loop
      vertex 86.071 -72.5369 0
      vertex 85.8271 -72.5129 1.3
      vertex 86.071 -72.5369 1.3
    endloop
  endfacet
  facet normal 0.097928 0.995194 0
    outer loop
      vertex 85.8271 -72.5129 1.3
      vertex 86.071 -72.5369 0
      vertex 85.8271 -72.5129 0
    endloop
  endfacet
  facet normal 0.881935 0.471372 0
    outer loop
      vertex 85.0316 -71.9814 1.3
      vertex 84.9161 -71.7653 0
      vertex 84.9161 -71.7653 1.3
    endloop
  endfacet
  facet normal 0.881935 0.471372 0
    outer loop
      vertex 84.9161 -71.7653 0
      vertex 85.0316 -71.9814 1.3
      vertex 85.0316 -71.9814 0
    endloop
  endfacet
  facet normal 0.634548 -0.772883 0
    outer loop
      vertex 85.1871 -70.4031 0
      vertex 85.3765 -70.2476 1.3
      vertex 85.1871 -70.4031 1.3
    endloop
  endfacet
  facet normal 0.634548 -0.772883 0
    outer loop
      vertex 85.3765 -70.2476 1.3
      vertex 85.1871 -70.4031 0
      vertex 85.3765 -70.2476 0
    endloop
  endfacet
  facet normal -0.471372 -0.881935 0
    outer loop
      vertex 86.5493 -70.1321 0
      vertex 86.7654 -70.2476 1.3
      vertex 86.5493 -70.1321 1.3
    endloop
  endfacet
  facet normal -0.471372 -0.881935 -0
    outer loop
      vertex 86.7654 -70.2476 1.3
      vertex 86.5493 -70.1321 0
      vertex 86.7654 -70.2476 0
    endloop
  endfacet
  facet normal -0.290155 -0.95698 0
    outer loop
      vertex 86.3148 -70.061 0
      vertex 86.5493 -70.1321 1.3
      vertex 86.3148 -70.061 1.3
    endloop
  endfacet
  facet normal -0.290155 -0.95698 -0
    outer loop
      vertex 86.5493 -70.1321 1.3
      vertex 86.3148 -70.061 0
      vertex 86.5493 -70.1321 0
    endloop
  endfacet
  facet normal -0.956866 0.290528 0
    outer loop
      vertex 87.2258 -71.7653 0
      vertex 87.297 -71.5308 1.3
      vertex 87.297 -71.5308 0
    endloop
  endfacet
  facet normal -0.956866 0.290528 0
    outer loop
      vertex 87.297 -71.5308 1.3
      vertex 87.2258 -71.7653 0
      vertex 87.2258 -71.7653 1.3
    endloop
  endfacet
  facet normal -0.0983721 -0.99515 0
    outer loop
      vertex 86.071 -70.0369 0
      vertex 86.3148 -70.061 1.3
      vertex 86.071 -70.0369 1.3
    endloop
  endfacet
  facet normal -0.0983721 -0.99515 -0
    outer loop
      vertex 86.3148 -70.061 1.3
      vertex 86.071 -70.0369 0
      vertex 86.3148 -70.061 0
    endloop
  endfacet
  facet normal 0.995194 0.097928 0
    outer loop
      vertex 84.845 -71.5308 1.3
      vertex 84.821 -71.2869 0
      vertex 84.821 -71.2869 1.3
    endloop
  endfacet
  facet normal 0.995194 0.097928 0
    outer loop
      vertex 84.821 -71.2869 0
      vertex 84.845 -71.5308 1.3
      vertex 84.845 -71.5308 0
    endloop
  endfacet
  facet normal 0.290155 -0.95698 0
    outer loop
      vertex 85.5926 -70.1321 0
      vertex 85.8271 -70.061 1.3
      vertex 85.5926 -70.1321 1.3
    endloop
  endfacet
  facet normal 0.290155 -0.95698 0
    outer loop
      vertex 85.8271 -70.061 1.3
      vertex 85.5926 -70.1321 0
      vertex 85.8271 -70.061 0
    endloop
  endfacet
  facet normal 0.772883 0.634548 0
    outer loop
      vertex 85.1871 -72.1708 1.3
      vertex 85.0316 -71.9814 0
      vertex 85.0316 -71.9814 1.3
    endloop
  endfacet
  facet normal 0.772883 0.634548 0
    outer loop
      vertex 85.0316 -71.9814 0
      vertex 85.1871 -72.1708 1.3
      vertex 85.1871 -72.1708 0
    endloop
  endfacet
  facet normal -0.471372 0.881935 0
    outer loop
      vertex 86.7654 -72.3263 0
      vertex 86.5493 -72.4418 1.3
      vertex 86.7654 -72.3263 1.3
    endloop
  endfacet
  facet normal -0.471372 0.881935 0
    outer loop
      vertex 86.5493 -72.4418 1.3
      vertex 86.7654 -72.3263 0
      vertex 86.5493 -72.4418 0
    endloop
  endfacet
  facet normal -0.0979678 0.99519 0
    outer loop
      vertex 86.3148 -72.5129 0
      vertex 86.071 -72.5369 1.3
      vertex 86.3148 -72.5129 1.3
    endloop
  endfacet
  facet normal -0.0979678 0.99519 0
    outer loop
      vertex 86.071 -72.5369 1.3
      vertex 86.3148 -72.5129 0
      vertex 86.071 -72.5369 0
    endloop
  endfacet
  facet normal -0.634348 -0.773048 0
    outer loop
      vertex 86.7654 -70.2476 0
      vertex 86.9549 -70.4031 1.3
      vertex 86.7654 -70.2476 1.3
    endloop
  endfacet
  facet normal -0.634348 -0.773048 -0
    outer loop
      vertex 86.9549 -70.4031 1.3
      vertex 86.7654 -70.2476 0
      vertex 86.9549 -70.4031 0
    endloop
  endfacet
  facet normal 0.772883 -0.634548 0
    outer loop
      vertex 85.0316 -70.5925 1.3
      vertex 85.1871 -70.4031 0
      vertex 85.1871 -70.4031 1.3
    endloop
  endfacet
  facet normal 0.772883 -0.634548 0
    outer loop
      vertex 85.1871 -70.4031 0
      vertex 85.0316 -70.5925 1.3
      vertex 85.0316 -70.5925 0
    endloop
  endfacet
  facet normal -0.290155 0.95698 0
    outer loop
      vertex 86.5493 -72.4418 0
      vertex 86.3148 -72.5129 1.3
      vertex 86.5493 -72.4418 1.3
    endloop
  endfacet
  facet normal -0.290155 0.95698 0
    outer loop
      vertex 86.3148 -72.5129 1.3
      vertex 86.5493 -72.4418 0
      vertex 86.3148 -72.5129 0
    endloop
  endfacet
  facet normal 0.95698 -0.290155 0
    outer loop
      vertex 84.845 -71.0431 1.3
      vertex 84.9161 -70.8086 0
      vertex 84.9161 -70.8086 1.3
    endloop
  endfacet
  facet normal 0.95698 -0.290155 0
    outer loop
      vertex 84.9161 -70.8086 0
      vertex 84.845 -71.0431 1.3
      vertex 84.845 -71.0431 0
    endloop
  endfacet
  facet normal 0.881935 -0.471372 0
    outer loop
      vertex 84.9161 -70.8086 1.3
      vertex 85.0316 -70.5925 0
      vertex 85.0316 -70.5925 1.3
    endloop
  endfacet
  facet normal 0.881935 -0.471372 0
    outer loop
      vertex 85.0316 -70.5925 0
      vertex 84.9161 -70.8086 1.3
      vertex 84.9161 -70.8086 0
    endloop
  endfacet
  facet normal 0.0983321 -0.995154 0
    outer loop
      vertex 85.8271 -70.061 0
      vertex 86.071 -70.0369 1.3
      vertex 85.8271 -70.061 1.3
    endloop
  endfacet
  facet normal 0.0983321 -0.995154 0
    outer loop
      vertex 86.071 -70.0369 1.3
      vertex 85.8271 -70.061 0
      vertex 86.071 -70.0369 0
    endloop
  endfacet
  facet normal 0.471372 0.881935 -0
    outer loop
      vertex 85.5926 -72.4418 0
      vertex 85.3765 -72.3263 1.3
      vertex 85.5926 -72.4418 1.3
    endloop
  endfacet
  facet normal 0.471372 0.881935 0
    outer loop
      vertex 85.3765 -72.3263 1.3
      vertex 85.5926 -72.4418 0
      vertex 85.3765 -72.3263 0
    endloop
  endfacet
  facet normal 0.95698 0.290155 0
    outer loop
      vertex 84.9161 -71.7653 1.3
      vertex 84.845 -71.5308 0
      vertex 84.845 -71.5308 1.3
    endloop
  endfacet
  facet normal 0.95698 0.290155 0
    outer loop
      vertex 84.845 -71.5308 0
      vertex 84.9161 -71.7653 1.3
      vertex 84.9161 -71.7653 0
    endloop
  endfacet
  facet normal -0.957093 -0.289781 0
    outer loop
      vertex 143.297 -72.2931 0
      vertex 143.226 -72.0586 1.3
      vertex 143.226 -72.0586 0
    endloop
  endfacet
  facet normal -0.957093 -0.289781 0
    outer loop
      vertex 143.226 -72.0586 1.3
      vertex 143.297 -72.2931 0
      vertex 143.297 -72.2931 1.3
    endloop
  endfacet
  facet normal -0.99519 -0.0979678 0
    outer loop
      vertex 143.321 -72.5369 0
      vertex 143.297 -72.2931 1.3
      vertex 143.297 -72.2931 0
    endloop
  endfacet
  facet normal -0.99519 -0.0979678 0
    outer loop
      vertex 143.297 -72.2931 1.3
      vertex 143.321 -72.5369 0
      vertex 143.321 -72.5369 1.3
    endloop
  endfacet
  facet normal -0.881086 -0.472957 0
    outer loop
      vertex 143.226 -72.0586 0
      vertex 143.11 -71.8425 1.3
      vertex 143.11 -71.8425 0
    endloop
  endfacet
  facet normal -0.881086 -0.472957 0
    outer loop
      vertex 143.11 -71.8425 1.3
      vertex 143.226 -72.0586 0
      vertex 143.226 -72.0586 1.3
    endloop
  endfacet
  facet normal -0.633349 0.773867 0
    outer loop
      vertex 142.955 -73.4208 0
      vertex 142.765 -73.5763 1.3
      vertex 142.955 -73.4208 1.3
    endloop
  endfacet
  facet normal -0.633349 0.773867 0
    outer loop
      vertex 142.765 -73.5763 1.3
      vertex 142.955 -73.4208 0
      vertex 142.765 -73.5763 0
    endloop
  endfacet
  facet normal -0.995194 0.097928 0
    outer loop
      vertex 143.297 -72.7808 0
      vertex 143.321 -72.5369 1.3
      vertex 143.321 -72.5369 0
    endloop
  endfacet
  facet normal -0.995194 0.097928 0
    outer loop
      vertex 143.321 -72.5369 1.3
      vertex 143.297 -72.7808 0
      vertex 143.297 -72.7808 1.3
    endloop
  endfacet
  facet normal -0.773884 -0.633327 0
    outer loop
      vertex 143.11 -71.8425 0
      vertex 142.955 -71.6531 1.3
      vertex 142.955 -71.6531 0
    endloop
  endfacet
  facet normal -0.773884 -0.633327 0
    outer loop
      vertex 142.955 -71.6531 1.3
      vertex 143.11 -71.8425 0
      vertex 143.11 -71.8425 1.3
    endloop
  endfacet
  facet normal -0.773884 0.633327 0
    outer loop
      vertex 142.955 -73.4208 0
      vertex 143.11 -73.2314 1.3
      vertex 143.11 -73.2314 0
    endloop
  endfacet
  facet normal -0.773884 0.633327 0
    outer loop
      vertex 143.11 -73.2314 1.3
      vertex 142.955 -73.4208 0
      vertex 142.955 -73.4208 1.3
    endloop
  endfacet
  facet normal 0.290722 0.956807 -0
    outer loop
      vertex 141.827 -73.7629 0
      vertex 141.593 -73.6918 1.3
      vertex 141.827 -73.7629 1.3
    endloop
  endfacet
  facet normal 0.290722 0.956807 0
    outer loop
      vertex 141.593 -73.6918 1.3
      vertex 141.827 -73.7629 0
      vertex 141.593 -73.6918 0
    endloop
  endfacet
  facet normal 0.99519 -0.0979678 0
    outer loop
      vertex 140.821 -72.5369 1.3
      vertex 140.845 -72.2931 0
      vertex 140.845 -72.2931 1.3
    endloop
  endfacet
  facet normal 0.99519 -0.0979678 0
    outer loop
      vertex 140.845 -72.2931 0
      vertex 140.821 -72.5369 1.3
      vertex 140.821 -72.5369 0
    endloop
  endfacet
  facet normal -0.881086 0.472957 0
    outer loop
      vertex 143.11 -73.2314 0
      vertex 143.226 -73.0153 1.3
      vertex 143.226 -73.0153 0
    endloop
  endfacet
  facet normal -0.881086 0.472957 0
    outer loop
      vertex 143.226 -73.0153 1.3
      vertex 143.11 -73.2314 0
      vertex 143.11 -73.2314 1.3
    endloop
  endfacet
  facet normal 0.471542 -0.881844 0
    outer loop
      vertex 141.377 -71.4976 0
      vertex 141.593 -71.3821 1.3
      vertex 141.377 -71.4976 1.3
    endloop
  endfacet
  facet normal 0.471542 -0.881844 0
    outer loop
      vertex 141.593 -71.3821 1.3
      vertex 141.377 -71.4976 0
      vertex 141.593 -71.3821 0
    endloop
  endfacet
  facet normal 0.0978883 0.995197 -0
    outer loop
      vertex 142.071 -73.7869 0
      vertex 141.827 -73.7629 1.3
      vertex 142.071 -73.7869 1.3
    endloop
  endfacet
  facet normal 0.0978883 0.995197 0
    outer loop
      vertex 141.827 -73.7629 1.3
      vertex 142.071 -73.7869 0
      vertex 141.827 -73.7629 0
    endloop
  endfacet
  facet normal 0.881086 0.472957 0
    outer loop
      vertex 141.032 -73.2314 1.3
      vertex 140.916 -73.0153 0
      vertex 140.916 -73.0153 1.3
    endloop
  endfacet
  facet normal 0.881086 0.472957 0
    outer loop
      vertex 140.916 -73.0153 0
      vertex 141.032 -73.2314 1.3
      vertex 141.032 -73.2314 0
    endloop
  endfacet
  facet normal 0.633349 -0.773867 0
    outer loop
      vertex 141.187 -71.6531 0
      vertex 141.377 -71.4976 1.3
      vertex 141.187 -71.6531 1.3
    endloop
  endfacet
  facet normal 0.633349 -0.773867 0
    outer loop
      vertex 141.377 -71.4976 1.3
      vertex 141.187 -71.6531 0
      vertex 141.377 -71.4976 0
    endloop
  endfacet
  facet normal -0.471542 -0.881844 0
    outer loop
      vertex 142.549 -71.3821 0
      vertex 142.765 -71.4976 1.3
      vertex 142.549 -71.3821 1.3
    endloop
  endfacet
  facet normal -0.471542 -0.881844 -0
    outer loop
      vertex 142.765 -71.4976 1.3
      vertex 142.549 -71.3821 0
      vertex 142.765 -71.4976 0
    endloop
  endfacet
  facet normal -0.290722 -0.956807 0
    outer loop
      vertex 142.315 -71.311 0
      vertex 142.549 -71.3821 1.3
      vertex 142.315 -71.311 1.3
    endloop
  endfacet
  facet normal -0.290722 -0.956807 -0
    outer loop
      vertex 142.549 -71.3821 1.3
      vertex 142.315 -71.311 0
      vertex 142.549 -71.3821 0
    endloop
  endfacet
  facet normal -0.957093 0.289781 0
    outer loop
      vertex 143.226 -73.0153 0
      vertex 143.297 -72.7808 1.3
      vertex 143.297 -72.7808 0
    endloop
  endfacet
  facet normal -0.957093 0.289781 0
    outer loop
      vertex 143.297 -72.7808 1.3
      vertex 143.226 -73.0153 0
      vertex 143.226 -73.0153 1.3
    endloop
  endfacet
  facet normal -0.0982922 -0.995158 0
    outer loop
      vertex 142.071 -71.2869 0
      vertex 142.315 -71.311 1.3
      vertex 142.071 -71.2869 1.3
    endloop
  endfacet
  facet normal -0.0982922 -0.995158 -0
    outer loop
      vertex 142.315 -71.311 1.3
      vertex 142.071 -71.2869 0
      vertex 142.315 -71.311 0
    endloop
  endfacet
  facet normal 0.995194 0.097928 0
    outer loop
      vertex 140.845 -72.7808 1.3
      vertex 140.821 -72.5369 0
      vertex 140.821 -72.5369 1.3
    endloop
  endfacet
  facet normal 0.995194 0.097928 0
    outer loop
      vertex 140.821 -72.5369 0
      vertex 140.845 -72.7808 1.3
      vertex 140.845 -72.7808 0
    endloop
  endfacet
  facet normal 0.290722 -0.956807 0
    outer loop
      vertex 141.593 -71.3821 0
      vertex 141.827 -71.311 1.3
      vertex 141.593 -71.3821 1.3
    endloop
  endfacet
  facet normal 0.290722 -0.956807 0
    outer loop
      vertex 141.827 -71.311 1.3
      vertex 141.593 -71.3821 0
      vertex 141.827 -71.311 0
    endloop
  endfacet
  facet normal 0.773884 0.633327 0
    outer loop
      vertex 141.187 -73.4208 1.3
      vertex 141.032 -73.2314 0
      vertex 141.032 -73.2314 1.3
    endloop
  endfacet
  facet normal 0.773884 0.633327 0
    outer loop
      vertex 141.032 -73.2314 0
      vertex 141.187 -73.4208 1.3
      vertex 141.187 -73.4208 0
    endloop
  endfacet
  facet normal -0.471542 0.881844 0
    outer loop
      vertex 142.765 -73.5763 0
      vertex 142.549 -73.6918 1.3
      vertex 142.765 -73.5763 1.3
    endloop
  endfacet
  facet normal -0.471542 0.881844 0
    outer loop
      vertex 142.549 -73.6918 1.3
      vertex 142.765 -73.5763 0
      vertex 142.549 -73.6918 0
    endloop
  endfacet
  facet normal -0.0978883 0.995197 0
    outer loop
      vertex 142.315 -73.7629 0
      vertex 142.071 -73.7869 1.3
      vertex 142.315 -73.7629 1.3
    endloop
  endfacet
  facet normal -0.0978883 0.995197 0
    outer loop
      vertex 142.071 -73.7869 1.3
      vertex 142.315 -73.7629 0
      vertex 142.071 -73.7869 0
    endloop
  endfacet
  facet normal -0.633349 -0.773867 0
    outer loop
      vertex 142.765 -71.4976 0
      vertex 142.955 -71.6531 1.3
      vertex 142.765 -71.4976 1.3
    endloop
  endfacet
  facet normal -0.633349 -0.773867 -0
    outer loop
      vertex 142.955 -71.6531 1.3
      vertex 142.765 -71.4976 0
      vertex 142.955 -71.6531 0
    endloop
  endfacet
  facet normal 0.773884 -0.633327 0
    outer loop
      vertex 141.032 -71.8425 1.3
      vertex 141.187 -71.6531 0
      vertex 141.187 -71.6531 1.3
    endloop
  endfacet
  facet normal 0.773884 -0.633327 0
    outer loop
      vertex 141.187 -71.6531 0
      vertex 141.032 -71.8425 1.3
      vertex 141.032 -71.8425 0
    endloop
  endfacet
  facet normal -0.290722 0.956807 0
    outer loop
      vertex 142.549 -73.6918 0
      vertex 142.315 -73.7629 1.3
      vertex 142.549 -73.6918 1.3
    endloop
  endfacet
  facet normal -0.290722 0.956807 0
    outer loop
      vertex 142.315 -73.7629 1.3
      vertex 142.549 -73.6918 0
      vertex 142.315 -73.7629 0
    endloop
  endfacet
  facet normal 0.957093 -0.289781 0
    outer loop
      vertex 140.845 -72.2931 1.3
      vertex 140.916 -72.0586 0
      vertex 140.916 -72.0586 1.3
    endloop
  endfacet
  facet normal 0.957093 -0.289781 0
    outer loop
      vertex 140.916 -72.0586 0
      vertex 140.845 -72.2931 1.3
      vertex 140.845 -72.2931 0
    endloop
  endfacet
  facet normal 0.881086 -0.472957 0
    outer loop
      vertex 140.916 -72.0586 1.3
      vertex 141.032 -71.8425 0
      vertex 141.032 -71.8425 1.3
    endloop
  endfacet
  facet normal 0.881086 -0.472957 0
    outer loop
      vertex 141.032 -71.8425 0
      vertex 140.916 -72.0586 1.3
      vertex 140.916 -72.0586 0
    endloop
  endfacet
  facet normal 0.0982922 -0.995158 0
    outer loop
      vertex 141.827 -71.311 0
      vertex 142.071 -71.2869 1.3
      vertex 141.827 -71.311 1.3
    endloop
  endfacet
  facet normal 0.0982922 -0.995158 0
    outer loop
      vertex 142.071 -71.2869 1.3
      vertex 141.827 -71.311 0
      vertex 142.071 -71.2869 0
    endloop
  endfacet
  facet normal 0.633349 0.773867 -0
    outer loop
      vertex 141.377 -73.5763 0
      vertex 141.187 -73.4208 1.3
      vertex 141.377 -73.5763 1.3
    endloop
  endfacet
  facet normal 0.633349 0.773867 0
    outer loop
      vertex 141.187 -73.4208 1.3
      vertex 141.377 -73.5763 0
      vertex 141.187 -73.4208 0
    endloop
  endfacet
  facet normal 0.471542 0.881844 -0
    outer loop
      vertex 141.593 -73.6918 0
      vertex 141.377 -73.5763 1.3
      vertex 141.593 -73.6918 1.3
    endloop
  endfacet
  facet normal 0.471542 0.881844 0
    outer loop
      vertex 141.377 -73.5763 1.3
      vertex 141.593 -73.6918 0
      vertex 141.377 -73.5763 0
    endloop
  endfacet
  facet normal 0.957093 0.289781 0
    outer loop
      vertex 140.916 -73.0153 1.3
      vertex 140.845 -72.7808 0
      vertex 140.845 -72.7808 1.3
    endloop
  endfacet
  facet normal 0.957093 0.289781 0
    outer loop
      vertex 140.845 -72.7808 0
      vertex 140.916 -73.0153 1.3
      vertex 140.916 -73.0153 0
    endloop
  endfacet
  facet normal -0.289781 0.957093 0
    outer loop
      vertex 70.1047 -120.039 0
      vertex 69.8702 -120.11 1.3
      vertex 70.1047 -120.039 1.3
    endloop
  endfacet
  facet normal -0.289781 0.957093 0
    outer loop
      vertex 69.8702 -120.11 1.3
      vertex 70.1047 -120.039 0
      vertex 69.8702 -120.11 0
    endloop
  endfacet
  facet normal -0.956694 -0.291097 0
    outer loop
      vertex 70.8524 -118.64 0
      vertex 70.7812 -118.406 1.3
      vertex 70.7812 -118.406 0
    endloop
  endfacet
  facet normal -0.956694 -0.291097 0
    outer loop
      vertex 70.7812 -118.406 1.3
      vertex 70.8524 -118.64 0
      vertex 70.8524 -118.64 1.3
    endloop
  endfacet
  facet normal -0.995197 -0.0978883 0
    outer loop
      vertex 70.8764 -118.884 0
      vertex 70.8524 -118.64 1.3
      vertex 70.8524 -118.64 0
    endloop
  endfacet
  facet normal -0.995197 -0.0978883 0
    outer loop
      vertex 70.8524 -118.64 1.3
      vertex 70.8764 -118.884 0
      vertex 70.8764 -118.884 1.3
    endloop
  endfacet
  facet normal -0.881844 -0.471542 0
    outer loop
      vertex 70.7812 -118.406 0
      vertex 70.6657 -118.19 1.3
      vertex 70.6657 -118.19 0
    endloop
  endfacet
  facet normal -0.881844 -0.471542 0
    outer loop
      vertex 70.6657 -118.19 1.3
      vertex 70.7812 -118.406 0
      vertex 70.7812 -118.406 1.3
    endloop
  endfacet
  facet normal 0.289781 -0.957093 0
    outer loop
      vertex 69.148 -117.729 0
      vertex 69.3825 -117.658 1.3
      vertex 69.148 -117.729 1.3
    endloop
  endfacet
  facet normal 0.289781 -0.957093 0
    outer loop
      vertex 69.3825 -117.658 1.3
      vertex 69.148 -117.729 0
      vertex 69.3825 -117.658 0
    endloop
  endfacet
  facet normal 0.881844 -0.471542 0
    outer loop
      vertex 68.4715 -118.406 1.3
      vertex 68.587 -118.19 0
      vertex 68.587 -118.19 1.3
    endloop
  endfacet
  facet normal 0.881844 -0.471542 0
    outer loop
      vertex 68.587 -118.19 0
      vertex 68.4715 -118.406 1.3
      vertex 68.4715 -118.406 0
    endloop
  endfacet
  facet normal 0.995197 0.0978883 0
    outer loop
      vertex 68.4004 -119.128 1.3
      vertex 68.3764 -118.884 0
      vertex 68.3764 -118.884 1.3
    endloop
  endfacet
  facet normal 0.995197 0.0978883 0
    outer loop
      vertex 68.3764 -118.884 0
      vertex 68.4004 -119.128 1.3
      vertex 68.4004 -119.128 0
    endloop
  endfacet
  facet normal 0.097928 0.995194 -0
    outer loop
      vertex 69.6264 -120.134 0
      vertex 69.3825 -120.11 1.3
      vertex 69.6264 -120.134 1.3
    endloop
  endfacet
  facet normal 0.097928 0.995194 0
    outer loop
      vertex 69.3825 -120.11 1.3
      vertex 69.6264 -120.134 0
      vertex 69.3825 -120.11 0
    endloop
  endfacet
  facet normal 0.633327 0.773884 -0
    outer loop
      vertex 68.9319 -119.923 0
      vertex 68.7425 -119.768 1.3
      vertex 68.9319 -119.923 1.3
    endloop
  endfacet
  facet normal 0.633327 0.773884 0
    outer loop
      vertex 68.7425 -119.768 1.3
      vertex 68.9319 -119.923 0
      vertex 68.7425 -119.768 0
    endloop
  endfacet
  facet normal -0.772425 0.635105 0
    outer loop
      vertex 70.5103 -119.768 0
      vertex 70.6657 -119.579 1.3
      vertex 70.6657 -119.579 0
    endloop
  endfacet
  facet normal -0.772425 0.635105 0
    outer loop
      vertex 70.6657 -119.579 1.3
      vertex 70.5103 -119.768 0
      vertex 70.5103 -119.768 1.3
    endloop
  endfacet
  facet normal -0.472957 0.881086 0
    outer loop
      vertex 70.3208 -119.923 0
      vertex 70.1047 -120.039 1.3
      vertex 70.3208 -119.923 1.3
    endloop
  endfacet
  facet normal -0.472957 0.881086 0
    outer loop
      vertex 70.1047 -120.039 1.3
      vertex 70.3208 -119.923 0
      vertex 70.1047 -120.039 0
    endloop
  endfacet
  facet normal -0.774066 -0.633105 0
    outer loop
      vertex 70.6657 -118.19 0
      vertex 70.5103 -118 1.3
      vertex 70.5103 -118 0
    endloop
  endfacet
  facet normal -0.774066 -0.633105 0
    outer loop
      vertex 70.5103 -118 1.3
      vertex 70.6657 -118.19 0
      vertex 70.6657 -118.19 1.3
    endloop
  endfacet
  facet normal 0.472957 0.881086 -0
    outer loop
      vertex 69.148 -120.039 0
      vertex 68.9319 -119.923 1.3
      vertex 69.148 -120.039 1.3
    endloop
  endfacet
  facet normal 0.472957 0.881086 0
    outer loop
      vertex 68.9319 -119.923 1.3
      vertex 69.148 -120.039 0
      vertex 68.9319 -119.923 0
    endloop
  endfacet
  facet normal -0.995197 0.0978883 0
    outer loop
      vertex 70.8524 -119.128 0
      vertex 70.8764 -118.884 1.3
      vertex 70.8764 -118.884 0
    endloop
  endfacet
  facet normal -0.995197 0.0978883 0
    outer loop
      vertex 70.8764 -118.884 1.3
      vertex 70.8524 -119.128 0
      vertex 70.8524 -119.128 1.3
    endloop
  endfacet
  facet normal -0.956694 0.291097 0
    outer loop
      vertex 70.7812 -119.362 0
      vertex 70.8524 -119.128 1.3
      vertex 70.8524 -119.128 0
    endloop
  endfacet
  facet normal -0.956694 0.291097 0
    outer loop
      vertex 70.8524 -119.128 1.3
      vertex 70.7812 -119.362 0
      vertex 70.7812 -119.362 1.3
    endloop
  endfacet
  facet normal -0.882747 0.469849 0
    outer loop
      vertex 70.6657 -119.579 0
      vertex 70.7812 -119.362 1.3
      vertex 70.7812 -119.362 0
    endloop
  endfacet
  facet normal -0.882747 0.469849 0
    outer loop
      vertex 70.7812 -119.362 1.3
      vertex 70.6657 -119.579 0
      vertex 70.6657 -119.579 1.3
    endloop
  endfacet
  facet normal 0.633327 -0.773884 0
    outer loop
      vertex 68.7425 -118 0
      vertex 68.9319 -117.845 1.3
      vertex 68.7425 -118 1.3
    endloop
  endfacet
  facet normal 0.633327 -0.773884 0
    outer loop
      vertex 68.9319 -117.845 1.3
      vertex 68.7425 -118 0
      vertex 68.9319 -117.845 0
    endloop
  endfacet
  facet normal 0.995197 -0.0978883 0
    outer loop
      vertex 68.3764 -118.884 1.3
      vertex 68.4004 -118.64 0
      vertex 68.4004 -118.64 1.3
    endloop
  endfacet
  facet normal 0.995197 -0.0978883 0
    outer loop
      vertex 68.4004 -118.64 0
      vertex 68.3764 -118.884 1.3
      vertex 68.3764 -118.884 0
    endloop
  endfacet
  facet normal 0.956807 0.290722 0
    outer loop
      vertex 68.4715 -119.362 1.3
      vertex 68.4004 -119.128 0
      vertex 68.4004 -119.128 1.3
    endloop
  endfacet
  facet normal 0.956807 0.290722 0
    outer loop
      vertex 68.4004 -119.128 0
      vertex 68.4715 -119.362 1.3
      vertex 68.4715 -119.362 0
    endloop
  endfacet
  facet normal -0.0979678 0.99519 0
    outer loop
      vertex 69.8702 -120.11 0
      vertex 69.6264 -120.134 1.3
      vertex 69.8702 -120.11 1.3
    endloop
  endfacet
  facet normal -0.0979678 0.99519 0
    outer loop
      vertex 69.6264 -120.134 1.3
      vertex 69.8702 -120.11 0
      vertex 69.6264 -120.134 0
    endloop
  endfacet
  facet normal -0.289781 -0.957093 0
    outer loop
      vertex 69.8702 -117.658 0
      vertex 70.1047 -117.729 1.3
      vertex 69.8702 -117.658 1.3
    endloop
  endfacet
  facet normal -0.289781 -0.957093 -0
    outer loop
      vertex 70.1047 -117.729 1.3
      vertex 69.8702 -117.658 0
      vertex 70.1047 -117.729 0
    endloop
  endfacet
  facet normal -0.0979678 -0.99519 0
    outer loop
      vertex 69.6264 -117.634 0
      vertex 69.8702 -117.658 1.3
      vertex 69.6264 -117.634 1.3
    endloop
  endfacet
  facet normal -0.0979678 -0.99519 -0
    outer loop
      vertex 69.8702 -117.658 1.3
      vertex 69.6264 -117.634 0
      vertex 69.8702 -117.658 0
    endloop
  endfacet
  facet normal 0.289781 0.957093 -0
    outer loop
      vertex 69.3825 -120.11 0
      vertex 69.148 -120.039 1.3
      vertex 69.3825 -120.11 1.3
    endloop
  endfacet
  facet normal 0.289781 0.957093 0
    outer loop
      vertex 69.148 -120.039 1.3
      vertex 69.3825 -120.11 0
      vertex 69.148 -120.039 0
    endloop
  endfacet
  facet normal -0.633127 -0.774048 0
    outer loop
      vertex 70.3208 -117.845 0
      vertex 70.5103 -118 1.3
      vertex 70.3208 -117.845 1.3
    endloop
  endfacet
  facet normal -0.633127 -0.774048 -0
    outer loop
      vertex 70.5103 -118 1.3
      vertex 70.3208 -117.845 0
      vertex 70.5103 -118 0
    endloop
  endfacet
  facet normal 0.773867 -0.633349 0
    outer loop
      vertex 68.587 -118.19 1.3
      vertex 68.7425 -118 0
      vertex 68.7425 -118 1.3
    endloop
  endfacet
  facet normal 0.773867 -0.633349 0
    outer loop
      vertex 68.7425 -118 0
      vertex 68.587 -118.19 1.3
      vertex 68.587 -118.19 0
    endloop
  endfacet
  facet normal -0.472957 -0.881086 0
    outer loop
      vertex 70.1047 -117.729 0
      vertex 70.3208 -117.845 1.3
      vertex 70.1047 -117.729 1.3
    endloop
  endfacet
  facet normal -0.472957 -0.881086 -0
    outer loop
      vertex 70.3208 -117.845 1.3
      vertex 70.1047 -117.729 0
      vertex 70.3208 -117.845 0
    endloop
  endfacet
  facet normal 0.472957 -0.881086 0
    outer loop
      vertex 68.9319 -117.845 0
      vertex 69.148 -117.729 1.3
      vertex 68.9319 -117.845 1.3
    endloop
  endfacet
  facet normal 0.472957 -0.881086 0
    outer loop
      vertex 69.148 -117.729 1.3
      vertex 68.9319 -117.845 0
      vertex 69.148 -117.729 0
    endloop
  endfacet
  facet normal 0.097928 -0.995194 0
    outer loop
      vertex 69.3825 -117.658 0
      vertex 69.6264 -117.634 1.3
      vertex 69.3825 -117.658 1.3
    endloop
  endfacet
  facet normal 0.097928 -0.995194 0
    outer loop
      vertex 69.6264 -117.634 1.3
      vertex 69.3825 -117.658 0
      vertex 69.6264 -117.634 0
    endloop
  endfacet
  facet normal -0.633127 0.774048 0
    outer loop
      vertex 70.5103 -119.768 0
      vertex 70.3208 -119.923 1.3
      vertex 70.5103 -119.768 1.3
    endloop
  endfacet
  facet normal -0.633127 0.774048 0
    outer loop
      vertex 70.3208 -119.923 1.3
      vertex 70.5103 -119.768 0
      vertex 70.3208 -119.923 0
    endloop
  endfacet
  facet normal 0.772225 0.635349 0
    outer loop
      vertex 68.7425 -119.768 1.3
      vertex 68.587 -119.579 0
      vertex 68.587 -119.579 1.3
    endloop
  endfacet
  facet normal 0.772225 0.635349 0
    outer loop
      vertex 68.587 -119.579 0
      vertex 68.7425 -119.768 1.3
      vertex 68.7425 -119.768 0
    endloop
  endfacet
  facet normal 0.882747 0.469849 0
    outer loop
      vertex 68.587 -119.579 1.3
      vertex 68.4715 -119.362 0
      vertex 68.4715 -119.362 1.3
    endloop
  endfacet
  facet normal 0.882747 0.469849 0
    outer loop
      vertex 68.4715 -119.362 0
      vertex 68.587 -119.579 1.3
      vertex 68.587 -119.579 0
    endloop
  endfacet
  facet normal 0.956807 -0.290722 0
    outer loop
      vertex 68.4004 -118.64 1.3
      vertex 68.4715 -118.406 0
      vertex 68.4715 -118.406 1.3
    endloop
  endfacet
  facet normal 0.956807 -0.290722 0
    outer loop
      vertex 68.4715 -118.406 0
      vertex 68.4004 -118.64 1.3
      vertex 68.4004 -118.64 0
    endloop
  endfacet
  facet normal -0.956921 -0.290348 0
    outer loop
      vertex 125.297 -122.043 0
      vertex 125.226 -121.809 1.3
      vertex 125.226 -121.809 0
    endloop
  endfacet
  facet normal -0.956921 -0.290348 0
    outer loop
      vertex 125.226 -121.809 1.3
      vertex 125.297 -122.043 0
      vertex 125.297 -122.043 1.3
    endloop
  endfacet
  facet normal -0.995197 -0.0978883 0
    outer loop
      vertex 125.321 -122.287 0
      vertex 125.297 -122.043 1.3
      vertex 125.297 -122.043 0
    endloop
  endfacet
  facet normal -0.995197 -0.0978883 0
    outer loop
      vertex 125.297 -122.043 1.3
      vertex 125.321 -122.287 0
      vertex 125.321 -122.287 1.3
    endloop
  endfacet
  facet normal -0.881903 -0.471432 0
    outer loop
      vertex 125.226 -121.809 0
      vertex 125.11 -121.592 1.3
      vertex 125.11 -121.592 0
    endloop
  endfacet
  facet normal -0.881903 -0.471432 0
    outer loop
      vertex 125.11 -121.592 1.3
      vertex 125.226 -121.809 0
      vertex 125.226 -121.809 1.3
    endloop
  endfacet
  facet normal -0.632127 0.774865 0
    outer loop
      vertex 124.955 -123.171 0
      vertex 124.765 -123.326 1.3
      vertex 124.955 -123.171 1.3
    endloop
  endfacet
  facet normal -0.632127 0.774865 0
    outer loop
      vertex 124.765 -123.326 1.3
      vertex 124.955 -123.171 0
      vertex 124.765 -123.326 0
    endloop
  endfacet
  facet normal -0.995197 0.0978883 0
    outer loop
      vertex 125.297 -122.531 0
      vertex 125.321 -122.287 1.3
      vertex 125.321 -122.287 0
    endloop
  endfacet
  facet normal -0.995197 0.0978883 0
    outer loop
      vertex 125.321 -122.287 1.3
      vertex 125.297 -122.531 0
      vertex 125.297 -122.531 1.3
    endloop
  endfacet
  facet normal -0.773228 -0.634129 0
    outer loop
      vertex 125.11 -121.592 0
      vertex 124.955 -121.403 1.3
      vertex 124.955 -121.403 0
    endloop
  endfacet
  facet normal -0.773228 -0.634129 0
    outer loop
      vertex 124.955 -121.403 1.3
      vertex 125.11 -121.592 0
      vertex 125.11 -121.592 1.3
    endloop
  endfacet
  facet normal -0.774865 0.632127 0
    outer loop
      vertex 124.955 -123.171 0
      vertex 125.11 -122.981 1.3
      vertex 125.11 -122.981 0
    endloop
  endfacet
  facet normal -0.774865 0.632127 0
    outer loop
      vertex 125.11 -122.981 1.3
      vertex 124.955 -123.171 0
      vertex 124.955 -123.171 1.3
    endloop
  endfacet
  facet normal 0.632127 0.774865 -0
    outer loop
      vertex 123.377 -123.326 0
      vertex 123.187 -123.171 1.3
      vertex 123.377 -123.326 1.3
    endloop
  endfacet
  facet normal 0.632127 0.774865 0
    outer loop
      vertex 123.187 -123.171 1.3
      vertex 123.377 -123.326 0
      vertex 123.187 -123.171 0
    endloop
  endfacet
  facet normal 0.290348 0.956921 -0
    outer loop
      vertex 123.827 -123.513 0
      vertex 123.593 -123.442 1.3
      vertex 123.827 -123.513 1.3
    endloop
  endfacet
  facet normal 0.290348 0.956921 0
    outer loop
      vertex 123.593 -123.442 1.3
      vertex 123.827 -123.513 0
      vertex 123.593 -123.442 0
    endloop
  endfacet
  facet normal 0.995197 -0.0978883 0
    outer loop
      vertex 122.821 -122.287 1.3
      vertex 122.845 -122.043 0
      vertex 122.845 -122.043 1.3
    endloop
  endfacet
  facet normal 0.995197 -0.0978883 0
    outer loop
      vertex 122.845 -122.043 0
      vertex 122.821 -122.287 1.3
      vertex 122.821 -122.287 0
    endloop
  endfacet
  facet normal -0.880994 0.473127 0
    outer loop
      vertex 125.11 -122.981 0
      vertex 125.226 -122.765 1.3
      vertex 125.226 -122.765 0
    endloop
  endfacet
  facet normal -0.880994 0.473127 0
    outer loop
      vertex 125.226 -122.765 1.3
      vertex 125.11 -122.981 0
      vertex 125.11 -122.981 1.3
    endloop
  endfacet
  facet normal 0.473127 -0.880994 0
    outer loop
      vertex 123.377 -121.248 0
      vertex 123.593 -121.132 1.3
      vertex 123.377 -121.248 1.3
    endloop
  endfacet
  facet normal 0.473127 -0.880994 0
    outer loop
      vertex 123.593 -121.132 1.3
      vertex 123.377 -121.248 0
      vertex 123.593 -121.132 0
    endloop
  endfacet
  facet normal 0.0978883 0.995197 -0
    outer loop
      vertex 124.071 -123.537 0
      vertex 123.827 -123.513 1.3
      vertex 124.071 -123.537 1.3
    endloop
  endfacet
  facet normal 0.0978883 0.995197 0
    outer loop
      vertex 123.827 -123.513 1.3
      vertex 124.071 -123.537 0
      vertex 123.827 -123.513 0
    endloop
  endfacet
  facet normal 0.880994 0.473127 0
    outer loop
      vertex 123.032 -122.981 1.3
      vertex 122.916 -122.765 0
      vertex 122.916 -122.765 1.3
    endloop
  endfacet
  facet normal 0.880994 0.473127 0
    outer loop
      vertex 122.916 -122.765 0
      vertex 123.032 -122.981 1.3
      vertex 123.032 -122.981 0
    endloop
  endfacet
  facet normal 0.632127 -0.774865 0
    outer loop
      vertex 123.187 -121.403 0
      vertex 123.377 -121.248 1.3
      vertex 123.187 -121.403 1.3
    endloop
  endfacet
  facet normal 0.632127 -0.774865 0
    outer loop
      vertex 123.377 -121.248 1.3
      vertex 123.187 -121.403 0
      vertex 123.377 -121.248 0
    endloop
  endfacet
  facet normal -0.473127 -0.880994 0
    outer loop
      vertex 124.549 -121.132 0
      vertex 124.765 -121.248 1.3
      vertex 124.549 -121.132 1.3
    endloop
  endfacet
  facet normal -0.473127 -0.880994 -0
    outer loop
      vertex 124.765 -121.248 1.3
      vertex 124.549 -121.132 0
      vertex 124.765 -121.248 0
    endloop
  endfacet
  facet normal -0.290348 -0.956921 0
    outer loop
      vertex 124.315 -121.061 0
      vertex 124.549 -121.132 1.3
      vertex 124.315 -121.061 1.3
    endloop
  endfacet
  facet normal -0.290348 -0.956921 -0
    outer loop
      vertex 124.549 -121.132 1.3
      vertex 124.315 -121.061 0
      vertex 124.549 -121.132 0
    endloop
  endfacet
  facet normal -0.956921 0.290348 0
    outer loop
      vertex 125.226 -122.765 0
      vertex 125.297 -122.531 1.3
      vertex 125.297 -122.531 0
    endloop
  endfacet
  facet normal -0.956921 0.290348 0
    outer loop
      vertex 125.297 -122.531 1.3
      vertex 125.226 -122.765 0
      vertex 125.226 -122.765 1.3
    endloop
  endfacet
  facet normal -0.0978883 -0.995197 0
    outer loop
      vertex 124.071 -121.037 0
      vertex 124.315 -121.061 1.3
      vertex 124.071 -121.037 1.3
    endloop
  endfacet
  facet normal -0.0978883 -0.995197 -0
    outer loop
      vertex 124.315 -121.061 1.3
      vertex 124.071 -121.037 0
      vertex 124.315 -121.061 0
    endloop
  endfacet
  facet normal 0.995197 0.0978883 0
    outer loop
      vertex 122.845 -122.531 1.3
      vertex 122.821 -122.287 0
      vertex 122.821 -122.287 1.3
    endloop
  endfacet
  facet normal 0.995197 0.0978883 0
    outer loop
      vertex 122.821 -122.287 0
      vertex 122.845 -122.531 1.3
      vertex 122.845 -122.531 0
    endloop
  endfacet
  facet normal 0.290348 -0.956921 0
    outer loop
      vertex 123.593 -121.132 0
      vertex 123.827 -121.061 1.3
      vertex 123.593 -121.132 1.3
    endloop
  endfacet
  facet normal 0.290348 -0.956921 0
    outer loop
      vertex 123.827 -121.061 1.3
      vertex 123.593 -121.132 0
      vertex 123.827 -121.061 0
    endloop
  endfacet
  facet normal 0.774865 0.632127 0
    outer loop
      vertex 123.187 -123.171 1.3
      vertex 123.032 -122.981 0
      vertex 123.032 -122.981 1.3
    endloop
  endfacet
  facet normal 0.774865 0.632127 0
    outer loop
      vertex 123.032 -122.981 0
      vertex 123.187 -123.171 1.3
      vertex 123.187 -123.171 0
    endloop
  endfacet
  facet normal -0.473127 0.880994 0
    outer loop
      vertex 124.765 -123.326 0
      vertex 124.549 -123.442 1.3
      vertex 124.765 -123.326 1.3
    endloop
  endfacet
  facet normal -0.473127 0.880994 0
    outer loop
      vertex 124.549 -123.442 1.3
      vertex 124.765 -123.326 0
      vertex 124.549 -123.442 0
    endloop
  endfacet
  facet normal -0.0978883 0.995197 0
    outer loop
      vertex 124.315 -123.513 0
      vertex 124.071 -123.537 1.3
      vertex 124.315 -123.513 1.3
    endloop
  endfacet
  facet normal -0.0978883 0.995197 0
    outer loop
      vertex 124.071 -123.537 1.3
      vertex 124.315 -123.513 0
      vertex 124.071 -123.537 0
    endloop
  endfacet
  facet normal -0.632127 -0.774865 0
    outer loop
      vertex 124.765 -121.248 0
      vertex 124.955 -121.403 1.3
      vertex 124.765 -121.248 1.3
    endloop
  endfacet
  facet normal -0.632127 -0.774865 -0
    outer loop
      vertex 124.955 -121.403 1.3
      vertex 124.765 -121.248 0
      vertex 124.955 -121.403 0
    endloop
  endfacet
  facet normal 0.773228 -0.634129 0
    outer loop
      vertex 123.032 -121.592 1.3
      vertex 123.187 -121.403 0
      vertex 123.187 -121.403 1.3
    endloop
  endfacet
  facet normal 0.773228 -0.634129 0
    outer loop
      vertex 123.187 -121.403 0
      vertex 123.032 -121.592 1.3
      vertex 123.032 -121.592 0
    endloop
  endfacet
  facet normal -0.290348 0.956921 0
    outer loop
      vertex 124.549 -123.442 0
      vertex 124.315 -123.513 1.3
      vertex 124.549 -123.442 1.3
    endloop
  endfacet
  facet normal -0.290348 0.956921 0
    outer loop
      vertex 124.315 -123.513 1.3
      vertex 124.549 -123.442 0
      vertex 124.315 -123.513 0
    endloop
  endfacet
  facet normal 0.956921 -0.290348 0
    outer loop
      vertex 122.845 -122.043 1.3
      vertex 122.916 -121.809 0
      vertex 122.916 -121.809 1.3
    endloop
  endfacet
  facet normal 0.956921 -0.290348 0
    outer loop
      vertex 122.916 -121.809 0
      vertex 122.845 -122.043 1.3
      vertex 122.845 -122.043 0
    endloop
  endfacet
  facet normal 0.881903 -0.471432 0
    outer loop
      vertex 122.916 -121.809 1.3
      vertex 123.032 -121.592 0
      vertex 123.032 -121.592 1.3
    endloop
  endfacet
  facet normal 0.881903 -0.471432 0
    outer loop
      vertex 123.032 -121.592 0
      vertex 122.916 -121.809 1.3
      vertex 122.916 -121.809 0
    endloop
  endfacet
  facet normal 0.0978883 -0.995197 0
    outer loop
      vertex 123.827 -121.061 0
      vertex 124.071 -121.037 1.3
      vertex 123.827 -121.061 1.3
    endloop
  endfacet
  facet normal 0.0978883 -0.995197 0
    outer loop
      vertex 124.071 -121.037 1.3
      vertex 123.827 -121.061 0
      vertex 124.071 -121.037 0
    endloop
  endfacet
  facet normal 0.473127 0.880994 -0
    outer loop
      vertex 123.593 -123.442 0
      vertex 123.377 -123.326 1.3
      vertex 123.593 -123.442 1.3
    endloop
  endfacet
  facet normal 0.473127 0.880994 0
    outer loop
      vertex 123.377 -123.326 1.3
      vertex 123.593 -123.442 0
      vertex 123.377 -123.326 0
    endloop
  endfacet
  facet normal 0.956921 0.290348 0
    outer loop
      vertex 122.916 -122.765 1.3
      vertex 122.845 -122.531 0
      vertex 122.845 -122.531 1.3
    endloop
  endfacet
  facet normal 0.956921 0.290348 0
    outer loop
      vertex 122.845 -122.531 0
      vertex 122.916 -122.765 1.3
      vertex 122.916 -122.765 0
    endloop
  endfacet
  facet normal -0.956921 -0.290348 0
    outer loop
      vertex 168.675 -130.266 0
      vertex 168.604 -130.032 1.3
      vertex 168.604 -130.032 0
    endloop
  endfacet
  facet normal -0.956921 -0.290348 0
    outer loop
      vertex 168.604 -130.032 1.3
      vertex 168.675 -130.266 0
      vertex 168.675 -130.266 1.3
    endloop
  endfacet
  facet normal -0.995197 -0.0978883 0
    outer loop
      vertex 168.699 -130.51 0
      vertex 168.675 -130.266 1.3
      vertex 168.675 -130.266 0
    endloop
  endfacet
  facet normal -0.995197 -0.0978883 0
    outer loop
      vertex 168.675 -130.266 1.3
      vertex 168.699 -130.51 0
      vertex 168.699 -130.51 1.3
    endloop
  endfacet
  facet normal -0.882692 -0.469952 0
    outer loop
      vertex 168.604 -130.032 0
      vertex 168.489 -129.816 1.3
      vertex 168.489 -129.816 0
    endloop
  endfacet
  facet normal -0.882692 -0.469952 0
    outer loop
      vertex 168.489 -129.816 1.3
      vertex 168.604 -130.032 0
      vertex 168.604 -130.032 1.3
    endloop
  endfacet
  facet normal -0.995197 0.0978883 0
    outer loop
      vertex 168.675 -130.754 0
      vertex 168.699 -130.51 1.3
      vertex 168.699 -130.51 0
    endloop
  endfacet
  facet normal -0.995197 0.0978883 0
    outer loop
      vertex 168.699 -130.51 1.3
      vertex 168.675 -130.754 0
      vertex 168.675 -130.754 1.3
    endloop
  endfacet
  facet normal 0.634129 0.773228 -0
    outer loop
      vertex 166.755 -131.549 0
      vertex 166.566 -131.394 1.3
      vertex 166.755 -131.549 1.3
    endloop
  endfacet
  facet normal 0.634129 0.773228 0
    outer loop
      vertex 166.566 -131.394 1.3
      vertex 166.755 -131.549 0
      vertex 166.566 -131.394 0
    endloop
  endfacet
  facet normal -0.634129 0.773228 0
    outer loop
      vertex 168.333 -131.394 0
      vertex 168.144 -131.549 1.3
      vertex 168.333 -131.394 1.3
    endloop
  endfacet
  facet normal -0.634129 0.773228 0
    outer loop
      vertex 168.144 -131.549 1.3
      vertex 168.333 -131.394 0
      vertex 168.144 -131.549 0
    endloop
  endfacet
  facet normal -0.772869 -0.634566 0
    outer loop
      vertex 168.489 -129.816 0
      vertex 168.333 -129.626 1.3
      vertex 168.333 -129.626 0
    endloop
  endfacet
  facet normal -0.772869 -0.634566 0
    outer loop
      vertex 168.333 -129.626 1.3
      vertex 168.489 -129.816 0
      vertex 168.489 -129.816 1.3
    endloop
  endfacet
  facet normal -0.956921 0.290348 0
    outer loop
      vertex 168.604 -130.988 0
      vertex 168.675 -130.754 1.3
      vertex 168.675 -130.754 0
    endloop
  endfacet
  facet normal -0.956921 0.290348 0
    outer loop
      vertex 168.675 -130.754 1.3
      vertex 168.604 -130.988 0
      vertex 168.604 -130.988 1.3
    endloop
  endfacet
  facet normal 0.634129 -0.773228 0
    outer loop
      vertex 166.566 -129.626 0
      vertex 166.755 -129.471 1.3
      vertex 166.566 -129.626 1.3
    endloop
  endfacet
  facet normal 0.634129 -0.773228 0
    outer loop
      vertex 166.755 -129.471 1.3
      vertex 166.566 -129.626 0
      vertex 166.755 -129.471 0
    endloop
  endfacet
  facet normal 0.0982872 0.995158 -0
    outer loop
      vertex 167.449 -131.76 0
      vertex 167.206 -131.736 1.3
      vertex 167.449 -131.76 1.3
    endloop
  endfacet
  facet normal 0.0982872 0.995158 0
    outer loop
      vertex 167.206 -131.736 1.3
      vertex 167.449 -131.76 0
      vertex 167.206 -131.736 0
    endloop
  endfacet
  facet normal 0.473127 0.880994 -0
    outer loop
      vertex 166.971 -131.665 0
      vertex 166.755 -131.549 1.3
      vertex 166.971 -131.665 1.3
    endloop
  endfacet
  facet normal 0.473127 0.880994 0
    outer loop
      vertex 166.755 -131.549 1.3
      vertex 166.971 -131.665 0
      vertex 166.755 -131.549 0
    endloop
  endfacet
  facet normal 0.0982872 -0.995158 0
    outer loop
      vertex 167.206 -129.284 0
      vertex 167.449 -129.26 1.3
      vertex 167.206 -129.284 1.3
    endloop
  endfacet
  facet normal 0.0982872 -0.995158 0
    outer loop
      vertex 167.449 -129.26 1.3
      vertex 167.206 -129.284 0
      vertex 167.449 -129.26 0
    endloop
  endfacet
  facet normal 0.88359 0.468262 0
    outer loop
      vertex 166.41 -131.205 1.3
      vertex 166.295 -130.988 0
      vertex 166.295 -130.988 1.3
    endloop
  endfacet
  facet normal 0.88359 0.468262 0
    outer loop
      vertex 166.295 -130.988 0
      vertex 166.41 -131.205 1.3
      vertex 166.41 -131.205 0
    endloop
  endfacet
  facet normal 0.955779 -0.294086 0
    outer loop
      vertex 166.223 -130.266 1.3
      vertex 166.295 -130.032 0
      vertex 166.295 -130.032 1.3
    endloop
  endfacet
  facet normal 0.955779 -0.294086 0
    outer loop
      vertex 166.295 -130.032 0
      vertex 166.223 -130.266 1.3
      vertex 166.223 -130.266 0
    endloop
  endfacet
  facet normal 0.289216 -0.957264 0
    outer loop
      vertex 166.971 -129.355 0
      vertex 167.206 -129.284 1.3
      vertex 166.971 -129.355 1.3
    endloop
  endfacet
  facet normal 0.289216 -0.957264 0
    outer loop
      vertex 167.206 -129.284 1.3
      vertex 166.971 -129.355 0
      vertex 167.206 -129.284 0
    endloop
  endfacet
  facet normal 0.473127 -0.880994 0
    outer loop
      vertex 166.755 -129.471 0
      vertex 166.971 -129.355 1.3
      vertex 166.755 -129.471 1.3
    endloop
  endfacet
  facet normal 0.473127 -0.880994 0
    outer loop
      vertex 166.971 -129.355 1.3
      vertex 166.755 -129.471 0
      vertex 166.971 -129.355 0
    endloop
  endfacet
  facet normal -0.289216 -0.957264 0
    outer loop
      vertex 167.693 -129.284 0
      vertex 167.928 -129.355 1.3
      vertex 167.693 -129.284 1.3
    endloop
  endfacet
  facet normal -0.289216 -0.957264 -0
    outer loop
      vertex 167.928 -129.355 1.3
      vertex 167.693 -129.284 0
      vertex 167.928 -129.355 0
    endloop
  endfacet
  facet normal -0.88359 0.468262 0
    outer loop
      vertex 168.489 -131.205 0
      vertex 168.604 -130.988 1.3
      vertex 168.604 -130.988 0
    endloop
  endfacet
  facet normal -0.88359 0.468262 0
    outer loop
      vertex 168.604 -130.988 1.3
      vertex 168.489 -131.205 0
      vertex 168.489 -131.205 1.3
    endloop
  endfacet
  facet normal -0.771223 0.636565 0
    outer loop
      vertex 168.333 -131.394 0
      vertex 168.489 -131.205 1.3
      vertex 168.489 -131.205 0
    endloop
  endfacet
  facet normal -0.771223 0.636565 0
    outer loop
      vertex 168.489 -131.205 1.3
      vertex 168.333 -131.394 0
      vertex 168.333 -131.394 1.3
    endloop
  endfacet
  facet normal 0.771223 0.636565 0
    outer loop
      vertex 166.566 -131.394 1.3
      vertex 166.41 -131.205 0
      vertex 166.41 -131.205 1.3
    endloop
  endfacet
  facet normal 0.771223 0.636565 0
    outer loop
      vertex 166.41 -131.205 0
      vertex 166.566 -131.394 1.3
      vertex 166.566 -131.394 0
    endloop
  endfacet
  facet normal 0.995197 -0.0978883 0
    outer loop
      vertex 166.199 -130.51 1.3
      vertex 166.223 -130.266 0
      vertex 166.223 -130.266 1.3
    endloop
  endfacet
  facet normal 0.995197 -0.0978883 0
    outer loop
      vertex 166.223 -130.266 0
      vertex 166.199 -130.51 1.3
      vertex 166.199 -130.51 0
    endloop
  endfacet
  facet normal 0.289216 0.957264 -0
    outer loop
      vertex 167.206 -131.736 0
      vertex 166.971 -131.665 1.3
      vertex 167.206 -131.736 1.3
    endloop
  endfacet
  facet normal 0.289216 0.957264 0
    outer loop
      vertex 166.971 -131.665 1.3
      vertex 167.206 -131.736 0
      vertex 166.971 -131.665 0
    endloop
  endfacet
  facet normal -0.634129 -0.773228 0
    outer loop
      vertex 168.144 -129.471 0
      vertex 168.333 -129.626 1.3
      vertex 168.144 -129.471 1.3
    endloop
  endfacet
  facet normal -0.634129 -0.773228 -0
    outer loop
      vertex 168.333 -129.626 1.3
      vertex 168.144 -129.471 0
      vertex 168.333 -129.626 0
    endloop
  endfacet
  facet normal -0.473127 -0.880994 0
    outer loop
      vertex 167.928 -129.355 0
      vertex 168.144 -129.471 1.3
      vertex 167.928 -129.355 1.3
    endloop
  endfacet
  facet normal -0.473127 -0.880994 -0
    outer loop
      vertex 168.144 -129.471 1.3
      vertex 167.928 -129.355 0
      vertex 168.144 -129.471 0
    endloop
  endfacet
  facet normal 0.995197 0.0978883 0
    outer loop
      vertex 166.223 -130.754 1.3
      vertex 166.199 -130.51 0
      vertex 166.199 -130.51 1.3
    endloop
  endfacet
  facet normal 0.995197 0.0978883 0
    outer loop
      vertex 166.199 -130.51 0
      vertex 166.223 -130.754 1.3
      vertex 166.223 -130.754 0
    endloop
  endfacet
  facet normal 0.772869 -0.634566 0
    outer loop
      vertex 166.41 -129.816 1.3
      vertex 166.566 -129.626 0
      vertex 166.566 -129.626 1.3
    endloop
  endfacet
  facet normal 0.772869 -0.634566 0
    outer loop
      vertex 166.566 -129.626 0
      vertex 166.41 -129.816 1.3
      vertex 166.41 -129.816 0
    endloop
  endfacet
  facet normal 0.882692 -0.469952 0
    outer loop
      vertex 166.295 -130.032 1.3
      vertex 166.41 -129.816 0
      vertex 166.41 -129.816 1.3
    endloop
  endfacet
  facet normal 0.882692 -0.469952 0
    outer loop
      vertex 166.41 -129.816 0
      vertex 166.295 -130.032 1.3
      vertex 166.295 -130.032 0
    endloop
  endfacet
  facet normal -0.0978883 -0.995197 0
    outer loop
      vertex 167.449 -129.26 0
      vertex 167.693 -129.284 1.3
      vertex 167.449 -129.26 1.3
    endloop
  endfacet
  facet normal -0.0978883 -0.995197 -0
    outer loop
      vertex 167.693 -129.284 1.3
      vertex 167.449 -129.26 0
      vertex 167.693 -129.284 0
    endloop
  endfacet
  facet normal -0.0978883 0.995197 0
    outer loop
      vertex 167.693 -131.736 0
      vertex 167.449 -131.76 1.3
      vertex 167.693 -131.736 1.3
    endloop
  endfacet
  facet normal -0.0978883 0.995197 0
    outer loop
      vertex 167.449 -131.76 1.3
      vertex 167.693 -131.736 0
      vertex 167.449 -131.76 0
    endloop
  endfacet
  facet normal -0.473127 0.880994 0
    outer loop
      vertex 168.144 -131.549 0
      vertex 167.928 -131.665 1.3
      vertex 168.144 -131.549 1.3
    endloop
  endfacet
  facet normal -0.473127 0.880994 0
    outer loop
      vertex 167.928 -131.665 1.3
      vertex 168.144 -131.549 0
      vertex 167.928 -131.665 0
    endloop
  endfacet
  facet normal -0.289216 0.957264 0
    outer loop
      vertex 167.928 -131.665 0
      vertex 167.693 -131.736 1.3
      vertex 167.928 -131.665 1.3
    endloop
  endfacet
  facet normal -0.289216 0.957264 0
    outer loop
      vertex 167.693 -131.736 1.3
      vertex 167.928 -131.665 0
      vertex 167.693 -131.736 0
    endloop
  endfacet
  facet normal 0.955779 0.294086 0
    outer loop
      vertex 166.295 -130.988 1.3
      vertex 166.223 -130.754 0
      vertex 166.223 -130.754 1.3
    endloop
  endfacet
  facet normal 0.955779 0.294086 0
    outer loop
      vertex 166.223 -130.754 0
      vertex 166.295 -130.988 1.3
      vertex 166.295 -130.988 0
    endloop
  endfacet
  facet normal 0 0 -1
    outer loop
      vertex 50.692 -87.766 0
      vertex 64.7025 -83.8297 0
      vertex 64.9381 -86.5191 0
    endloop
  endfacet
  facet normal 0 0 -1
    outer loop
      vertex 64.7025 -83.8297 0
      vertex 50.692 -87.766 0
      vertex 50.4564 -85.0766 0
    endloop
  endfacet
  facet normal 0 0 -1
    outer loop
      vertex 52.1734 -104.702 0
      vertex 66.184 -100.765 0
      vertex 66.4196 -103.455 0
    endloop
  endfacet
  facet normal 0 0 -1
    outer loop
      vertex 66.184 -100.765 0
      vertex 52.1734 -104.702 0
      vertex 51.9388 -102.011 0
    endloop
  endfacet
  facet normal 0 0 -1
    outer loop
      vertex 53.6559 -121.636 0
      vertex 67.6654 -117.701 0
      vertex 67.901 -120.39 0
    endloop
  endfacet
  facet normal 0 0 -1
    outer loop
      vertex 67.6654 -117.701 0
      vertex 53.6559 -121.636 0
      vertex 53.4203 -118.947 0
    endloop
  endfacet
  facet normal -0 0 -1
    outer loop
      vertex 69.3825 -120.11 0
      vertex 67.901 -120.39 0
      vertex 69.148 -120.039 0
    endloop
  endfacet
  facet normal -0 0 -1
    outer loop
      vertex 69.148 -120.039 0
      vertex 67.901 -120.39 0
      vertex 68.9319 -119.923 0
    endloop
  endfacet
  facet normal -0 0 -1
    outer loop
      vertex 68.9319 -119.923 0
      vertex 67.901 -120.39 0
      vertex 68.7425 -119.768 0
    endloop
  endfacet
  facet normal -0 0 -1
    outer loop
      vertex 68.7425 -119.768 0
      vertex 67.901 -120.39 0
      vertex 68.587 -119.579 0
    endloop
  endfacet
  facet normal -0 0 -1
    outer loop
      vertex 68.587 -119.579 0
      vertex 67.901 -120.39 0
      vertex 68.4715 -119.362 0
    endloop
  endfacet
  facet normal -0 0 -1
    outer loop
      vertex 68.4715 -119.362 0
      vertex 67.901 -120.39 0
      vertex 68.4004 -119.128 0
    endloop
  endfacet
  facet normal -0 0 -1
    outer loop
      vertex 68.4004 -119.128 0
      vertex 67.901 -120.39 0
      vertex 68.3764 -118.884 0
    endloop
  endfacet
  facet normal 0 0 -1
    outer loop
      vertex 68.6236 -86.1966 0
      vertex 82.6342 -82.2614 0
      vertex 82.8698 -84.9508 0
    endloop
  endfacet
  facet normal 0 0 -1
    outer loop
      vertex 69.6264 -117.634 0
      vertex 66.4196 -103.455 0
      vertex 70.1051 -103.132 0
    endloop
  endfacet
  facet normal 0 0 -1
    outer loop
      vertex 67.6654 -117.701 0
      vertex 68.4715 -118.406 0
      vertex 68.4004 -118.64 0
    endloop
  endfacet
  facet normal 0 0 -1
    outer loop
      vertex 68.6236 -86.1966 0
      vertex 68.388 -83.5072 0
      vertex 82.6342 -82.2614 0
    endloop
  endfacet
  facet normal 0 0 -1
    outer loop
      vertex 66.184 -100.765 0
      vertex 69.8705 -100.443 0
      vertex 66.4196 -103.455 0
    endloop
  endfacet
  facet normal 0 0 -1
    outer loop
      vertex 67.6654 -117.701 0
      vertex 68.4004 -118.64 0
      vertex 68.3764 -118.884 0
    endloop
  endfacet
  facet normal 0 0 -1
    outer loop
      vertex 67.6654 -117.701 0
      vertex 68.3764 -118.884 0
      vertex 67.901 -120.39 0
    endloop
  endfacet
  facet normal -0 0 -1
    outer loop
      vertex 70.1051 -103.132 0
      vertex 66.4196 -103.455 0
      vertex 69.8705 -100.443 0
    endloop
  endfacet
  facet normal -0 0 -1
    outer loop
      vertex 69.8705 -100.443 0
      vertex 66.184 -100.765 0
      vertex 68.6236 -86.1966 0
    endloop
  endfacet
  facet normal 0 0 -1
    outer loop
      vertex 64.9381 -86.5191 0
      vertex 68.6236 -86.1966 0
      vertex 66.184 -100.765 0
    endloop
  endfacet
  facet normal 0 0 -1
    outer loop
      vertex 70.1051 -103.132 0
      vertex 84.1156 -99.1959 0
      vertex 84.3512 -101.886 0
    endloop
  endfacet
  facet normal 0 0 -1
    outer loop
      vertex 70.1051 -103.132 0
      vertex 69.8705 -100.443 0
      vertex 84.1156 -99.1959 0
    endloop
  endfacet
  facet normal 0 0 -1
    outer loop
      vertex 69.6264 -117.634 0
      vertex 71.3519 -117.378 0
      vertex 69.8702 -117.658 0
    endloop
  endfacet
  facet normal -0 0 -1
    outer loop
      vertex 71.3519 -117.378 0
      vertex 69.6264 -117.634 0
      vertex 70.1051 -103.132 0
    endloop
  endfacet
  facet normal 0 0 -1
    outer loop
      vertex 66.4196 -103.455 0
      vertex 69.6264 -117.634 0
      vertex 69.3825 -117.658 0
    endloop
  endfacet
  facet normal 0 0 -1
    outer loop
      vertex 67.6654 -117.701 0
      vertex 69.3825 -117.658 0
      vertex 69.148 -117.729 0
    endloop
  endfacet
  facet normal 0 0 -1
    outer loop
      vertex 67.6654 -117.701 0
      vertex 69.148 -117.729 0
      vertex 68.9319 -117.845 0
    endloop
  endfacet
  facet normal 0 0 -1
    outer loop
      vertex 67.6654 -117.701 0
      vertex 68.9319 -117.845 0
      vertex 68.7425 -118 0
    endloop
  endfacet
  facet normal 0 0 -1
    outer loop
      vertex 67.6654 -117.701 0
      vertex 68.7425 -118 0
      vertex 68.587 -118.19 0
    endloop
  endfacet
  facet normal 0 0 -1
    outer loop
      vertex 67.6654 -117.701 0
      vertex 68.587 -118.19 0
      vertex 68.4715 -118.406 0
    endloop
  endfacet
  facet normal 0 0 -1
    outer loop
      vertex 66.4196 -103.455 0
      vertex 69.3825 -117.658 0
      vertex 67.6654 -117.701 0
    endloop
  endfacet
  facet normal 0 0 -1
    outer loop
      vertex 70.8524 -118.64 0
      vertex 71.3519 -117.378 0
      vertex 70.8764 -118.884 0
    endloop
  endfacet
  facet normal 0 0 -1
    outer loop
      vertex 70.7812 -118.406 0
      vertex 71.3519 -117.378 0
      vertex 70.8524 -118.64 0
    endloop
  endfacet
  facet normal 0 0 -1
    outer loop
      vertex 70.6657 -118.19 0
      vertex 71.3519 -117.378 0
      vertex 70.7812 -118.406 0
    endloop
  endfacet
  facet normal 0 0 -1
    outer loop
      vertex 70.5103 -118 0
      vertex 71.3519 -117.378 0
      vertex 70.6657 -118.19 0
    endloop
  endfacet
  facet normal 0 0 -1
    outer loop
      vertex 70.3208 -117.845 0
      vertex 71.3519 -117.378 0
      vertex 70.5103 -118 0
    endloop
  endfacet
  facet normal 0 0 -1
    outer loop
      vertex 70.1047 -117.729 0
      vertex 71.3519 -117.378 0
      vertex 70.3208 -117.845 0
    endloop
  endfacet
  facet normal 0 0 -1
    outer loop
      vertex 69.8702 -117.658 0
      vertex 71.3519 -117.378 0
      vertex 70.1047 -117.729 0
    endloop
  endfacet
  facet normal 0 0 -1
    outer loop
      vertex 87.1103 -70.5925 0
      vertex 89.9213 -69.9371 0
      vertex 87.2258 -70.8086 0
    endloop
  endfacet
  facet normal 0 0 -1
    outer loop
      vertex 86.9549 -70.4031 0
      vertex 89.9213 -69.9371 0
      vertex 87.1103 -70.5925 0
    endloop
  endfacet
  facet normal 0 0 -1
    outer loop
      vertex 86.7654 -70.2476 0
      vertex 89.9213 -69.9371 0
      vertex 86.9549 -70.4031 0
    endloop
  endfacet
  facet normal 0 0 -1
    outer loop
      vertex 86.5493 -70.1321 0
      vertex 89.9213 -69.9371 0
      vertex 86.7654 -70.2476 0
    endloop
  endfacet
  facet normal 0 0 -1
    outer loop
      vertex 86.3148 -70.061 0
      vertex 89.9213 -69.9371 0
      vertex 86.5493 -70.1321 0
    endloop
  endfacet
  facet normal -0 0 -1
    outer loop
      vertex 89.9213 -69.9371 0
      vertex 86.3148 -70.061 0
      vertex 89.9213 -55.6371 0
    endloop
  endfacet
  facet normal 0 0 -1
    outer loop
      vertex 89.9213 -55.6371 0
      vertex 86.9331 -53.5452 0
      vertex 87.356 -53.3554 0
    endloop
  endfacet
  facet normal 0 0 -1
    outer loop
      vertex 86.071 -70.0369 0
      vertex 89.9213 -55.6371 0
      vertex 86.3148 -70.061 0
    endloop
  endfacet
  facet normal 0 0 -1
    outer loop
      vertex 81.3873 -68.0152 0
      vertex 89.9213 -55.6371 0
      vertex 86.071 -70.0369 0
    endloop
  endfacet
  facet normal 0 0 -1
    outer loop
      vertex 81.3873 -68.0152 0
      vertex 86.071 -70.0369 0
      vertex 85.8271 -70.061 0
    endloop
  endfacet
  facet normal 0 0 -1
    outer loop
      vertex 81.3873 -68.0152 0
      vertex 85.8271 -70.061 0
      vertex 85.5926 -70.1321 0
    endloop
  endfacet
  facet normal 0 0 -1
    outer loop
      vertex 81.3873 -68.0152 0
      vertex 85.5926 -70.1321 0
      vertex 85.3765 -70.2476 0
    endloop
  endfacet
  facet normal 0 0 -1
    outer loop
      vertex 81.3873 -68.0152 0
      vertex 85.3765 -70.2476 0
      vertex 85.1871 -70.4031 0
    endloop
  endfacet
  facet normal 0 0 -1
    outer loop
      vertex 81.3873 -68.0152 0
      vertex 85.1871 -70.4031 0
      vertex 85.0316 -70.5925 0
    endloop
  endfacet
  facet normal 0 0 -1
    outer loop
      vertex 81.3873 -68.0152 0
      vertex 85.0316 -70.5925 0
      vertex 84.9161 -70.8086 0
    endloop
  endfacet
  facet normal 0 0 -1
    outer loop
      vertex 81.3873 -68.0152 0
      vertex 84.9161 -70.8086 0
      vertex 84.845 -71.0431 0
    endloop
  endfacet
  facet normal -0 0 -1
    outer loop
      vertex 85.0316 -71.9814 0
      vertex 82.6342 -82.2614 0
      vertex 84.9161 -71.7653 0
    endloop
  endfacet
  facet normal 0 0 -1
    outer loop
      vertex 81.3873 -68.0152 0
      vertex 84.9161 -71.7653 0
      vertex 82.6342 -82.2614 0
    endloop
  endfacet
  facet normal 0 0 -1
    outer loop
      vertex 84.9161 -71.7653 0
      vertex 81.3873 -68.0152 0
      vertex 84.845 -71.5308 0
    endloop
  endfacet
  facet normal 0 0 -1
    outer loop
      vertex 84.845 -71.5308 0
      vertex 81.3873 -68.0152 0
      vertex 84.821 -71.2869 0
    endloop
  endfacet
  facet normal 0 0 -1
    outer loop
      vertex 84.821 -71.2869 0
      vertex 81.3873 -68.0152 0
      vertex 84.845 -71.0431 0
    endloop
  endfacet
  facet normal -0 0 -1
    outer loop
      vertex 89.9213 -55.6371 0
      vertex 81.3873 -68.0152 0
      vertex 86.9331 -53.5452 0
    endloop
  endfacet
  facet normal 0 0 -1
    outer loop
      vertex 64.558 -67.0659 0
      vertex 81.3873 -68.0152 0
      vertex 67.1422 -69.2621 0
    endloop
  endfacet
  facet normal -0 0 -1
    outer loop
      vertex 68.6236 -86.1966 0
      vertex 64.9381 -86.5191 0
      vertex 68.388 -83.5072 0
    endloop
  endfacet
  facet normal 0 0 -1
    outer loop
      vertex 64.7025 -83.8297 0
      vertex 68.388 -83.5072 0
      vertex 64.9381 -86.5191 0
    endloop
  endfacet
  facet normal -0 0 -1
    outer loop
      vertex 68.388 -83.5072 0
      vertex 64.7025 -83.8297 0
      vertex 67.1422 -69.2621 0
    endloop
  endfacet
  facet normal 0 0 -1
    outer loop
      vertex 81.3873 -68.0152 0
      vertex 64.558 -67.0659 0
      vertex 86.9331 -53.5452 0
    endloop
  endfacet
  facet normal 0 0 -1
    outer loop
      vertex 63.4557 -69.5846 0
      vertex 67.1422 -69.2621 0
      vertex 64.7025 -83.8297 0
    endloop
  endfacet
  facet normal -0 0 -1
    outer loop
      vertex 67.1422 -69.2621 0
      vertex 63.4557 -69.5846 0
      vertex 64.558 -67.0659 0
    endloop
  endfacet
  facet normal 0 0 -1
    outer loop
      vertex 64.558 -67.0659 0
      vertex 63.4557 -69.5846 0
      vertex 63.666 -67.3579 0
    endloop
  endfacet
  facet normal 0 0 -1
    outer loop
      vertex 49.2106 -70.8304 0
      vertex 63.666 -67.3579 0
      vertex 63.4557 -69.5846 0
    endloop
  endfacet
  facet normal 0 0 -1
    outer loop
      vertex 63.666 -67.3579 0
      vertex 49.2106 -70.8304 0
      vertex 48.202 -68.7103 0
    endloop
  endfacet
  facet normal 0 0 -1
    outer loop
      vertex 89.9213 -72.6371 0
      vertex 86.9549 -72.1708 0
      vertex 87.1103 -71.9814 0
    endloop
  endfacet
  facet normal 0 0 -1
    outer loop
      vertex 84.3512 -101.886 0
      vertex 89.9213 -106.637 0
      vertex 85.5971 -116.131 0
    endloop
  endfacet
  facet normal 0 0 -1
    outer loop
      vertex 89.9213 -106.637 0
      vertex 84.3512 -101.886 0
      vertex 89.9213 -103.937 0
    endloop
  endfacet
  facet normal 0 0 -1
    outer loop
      vertex 84.1156 -99.1959 0
      vertex 89.9213 -103.937 0
      vertex 84.3512 -101.886 0
    endloop
  endfacet
  facet normal 0 0 -1
    outer loop
      vertex 89.9213 -86.9371 0
      vertex 82.6342 -82.2614 0
      vertex 89.9213 -72.6371 0
    endloop
  endfacet
  facet normal 0 0 -1
    outer loop
      vertex 82.8698 -84.9508 0
      vertex 89.9213 -103.937 0
      vertex 84.1156 -99.1959 0
    endloop
  endfacet
  facet normal 0 0 -1
    outer loop
      vertex 89.9213 -72.6371 0
      vertex 86.7654 -72.3263 0
      vertex 86.9549 -72.1708 0
    endloop
  endfacet
  facet normal 0 0 -1
    outer loop
      vertex 89.9213 -72.6371 0
      vertex 86.5493 -72.4418 0
      vertex 86.7654 -72.3263 0
    endloop
  endfacet
  facet normal 0 0 -1
    outer loop
      vertex 71.5865 -120.068 0
      vertex 85.5971 -116.131 0
      vertex 85.8327 -118.821 0
    endloop
  endfacet
  facet normal 0 0 -1
    outer loop
      vertex 85.5971 -116.131 0
      vertex 71.5865 -120.068 0
      vertex 71.3519 -117.378 0
    endloop
  endfacet
  facet normal 0 0 -1
    outer loop
      vertex 89.9213 -72.6371 0
      vertex 86.3148 -72.5129 0
      vertex 86.5493 -72.4418 0
    endloop
  endfacet
  facet normal -0 0 -1
    outer loop
      vertex 89.9213 -72.6371 0
      vertex 82.6342 -82.2614 0
      vertex 86.3148 -72.5129 0
    endloop
  endfacet
  facet normal 0 0 -1
    outer loop
      vertex 86.3148 -72.5129 0
      vertex 82.6342 -82.2614 0
      vertex 86.071 -72.5369 0
    endloop
  endfacet
  facet normal -0 0 -1
    outer loop
      vertex 86.071 -72.5369 0
      vertex 82.6342 -82.2614 0
      vertex 85.8271 -72.5129 0
    endloop
  endfacet
  facet normal -0 0 -1
    outer loop
      vertex 85.8271 -72.5129 0
      vertex 82.6342 -82.2614 0
      vertex 85.5926 -72.4418 0
    endloop
  endfacet
  facet normal -0 0 -1
    outer loop
      vertex 85.5926 -72.4418 0
      vertex 82.6342 -82.2614 0
      vertex 85.3765 -72.3263 0
    endloop
  endfacet
  facet normal -0 0 -1
    outer loop
      vertex 85.3765 -72.3263 0
      vertex 82.6342 -82.2614 0
      vertex 85.1871 -72.1708 0
    endloop
  endfacet
  facet normal -0 0 -1
    outer loop
      vertex 85.1871 -72.1708 0
      vertex 82.6342 -82.2614 0
      vertex 85.0316 -71.9814 0
    endloop
  endfacet
  facet normal 0 0 -1
    outer loop
      vertex 89.9213 -72.6371 0
      vertex 104.221 -69.9371 0
      vertex 104.221 -72.6371 0
    endloop
  endfacet
  facet normal -0 0 -1
    outer loop
      vertex 104.221 -69.9371 0
      vertex 89.9213 -72.6371 0
      vertex 89.9213 -69.9371 0
    endloop
  endfacet
  facet normal 0 0 -1
    outer loop
      vertex 89.9213 -89.6371 0
      vertex 104.221 -86.9371 0
      vertex 104.221 -89.6371 0
    endloop
  endfacet
  facet normal -0 0 -1
    outer loop
      vertex 104.221 -86.9371 0
      vertex 89.9213 -89.6371 0
      vertex 89.9213 -86.9371 0
    endloop
  endfacet
  facet normal 0 0 -1
    outer loop
      vertex 89.9213 -106.637 0
      vertex 104.221 -103.937 0
      vertex 104.221 -106.637 0
    endloop
  endfacet
  facet normal -0 0 -1
    outer loop
      vertex 104.221 -103.937 0
      vertex 89.9213 -106.637 0
      vertex 89.9213 -103.937 0
    endloop
  endfacet
  facet normal 0 0 -1
    outer loop
      vertex 107.921 -67.0268 0
      vertex 122.221 -64.3268 0
      vertex 122.221 -67.0268 0
    endloop
  endfacet
  facet normal -0 0 -1
    outer loop
      vertex 122.221 -64.3268 0
      vertex 107.921 -67.0268 0
      vertex 107.921 -64.3268 0
    endloop
  endfacet
  facet normal 0 0 -1
    outer loop
      vertex 107.921 -84.0268 0
      vertex 122.221 -81.3268 0
      vertex 122.221 -84.0268 0
    endloop
  endfacet
  facet normal -0 0 -1
    outer loop
      vertex 122.221 -81.3268 0
      vertex 107.921 -84.0268 0
      vertex 107.921 -81.3268 0
    endloop
  endfacet
  facet normal 0 0 -1
    outer loop
      vertex 107.921 -101.027 0
      vertex 122.221 -98.3268 0
      vertex 122.221 -101.027 0
    endloop
  endfacet
  facet normal -0 0 -1
    outer loop
      vertex 122.221 -98.3268 0
      vertex 107.921 -101.027 0
      vertex 107.921 -98.3268 0
    endloop
  endfacet
  facet normal 0 0 -1
    outer loop
      vertex 107.921 -118.027 0
      vertex 122.221 -115.327 0
      vertex 122.221 -118.027 0
    endloop
  endfacet
  facet normal -0 0 -1
    outer loop
      vertex 122.221 -115.327 0
      vertex 107.921 -118.027 0
      vertex 107.921 -115.327 0
    endloop
  endfacet
  facet normal 0 0 -1
    outer loop
      vertex 125.921 -72.6371 0
      vertex 140.221 -69.9371 0
      vertex 140.221 -72.6371 0
    endloop
  endfacet
  facet normal -0 0 -1
    outer loop
      vertex 140.221 -69.9371 0
      vertex 125.921 -72.6371 0
      vertex 125.921 -69.9371 0
    endloop
  endfacet
  facet normal 0 0 -1
    outer loop
      vertex 125.921 -89.6371 0
      vertex 140.221 -86.9371 0
      vertex 140.221 -89.6371 0
    endloop
  endfacet
  facet normal -0 0 -1
    outer loop
      vertex 140.221 -86.9371 0
      vertex 125.921 -89.6371 0
      vertex 125.921 -86.9371 0
    endloop
  endfacet
  facet normal 0 0 -1
    outer loop
      vertex 125.921 -106.637 0
      vertex 140.221 -103.937 0
      vertex 140.221 -106.637 0
    endloop
  endfacet
  facet normal -0 0 -1
    outer loop
      vertex 140.221 -103.937 0
      vertex 125.921 -106.637 0
      vertex 125.921 -103.937 0
    endloop
  endfacet
  facet normal 0 0 -1
    outer loop
      vertex 125.921 -123.637 0
      vertex 140.221 -120.937 0
      vertex 140.221 -123.637 0
    endloop
  endfacet
  facet normal -0 0 -1
    outer loop
      vertex 140.221 -120.937 0
      vertex 125.921 -123.637 0
      vertex 125.921 -120.937 0
    endloop
  endfacet
  facet normal 0 0 -1
    outer loop
      vertex 143.921 -75.1371 0
      vertex 158.221 -72.4371 0
      vertex 158.221 -75.1371 0
    endloop
  endfacet
  facet normal -0 0 -1
    outer loop
      vertex 158.221 -72.4371 0
      vertex 143.921 -75.1371 0
      vertex 143.921 -72.4371 0
    endloop
  endfacet
  facet normal 0 0 -1
    outer loop
      vertex 143.921 -92.1371 0
      vertex 158.221 -89.4371 0
      vertex 158.221 -92.1371 0
    endloop
  endfacet
  facet normal -0 0 -1
    outer loop
      vertex 158.221 -89.4371 0
      vertex 143.921 -92.1371 0
      vertex 143.921 -89.4371 0
    endloop
  endfacet
  facet normal 0 0 -1
    outer loop
      vertex 143.921 -109.137 0
      vertex 158.221 -106.437 0
      vertex 158.221 -109.137 0
    endloop
  endfacet
  facet normal -0 0 -1
    outer loop
      vertex 158.221 -106.437 0
      vertex 143.921 -109.137 0
      vertex 143.921 -106.437 0
    endloop
  endfacet
  facet normal 0 0 -1
    outer loop
      vertex 180.323 -143.049 0
      vertex 183.496 -141.031 0
      vertex 183.271 -142.343 0
    endloop
  endfacet
  facet normal 0 -0 -1
    outer loop
      vertex 168.675 -130.754 0
      vertex 180.706 -125.988 0
      vertex 168.604 -130.988 0
    endloop
  endfacet
  facet normal 0 0 -1
    outer loop
      vertex 168.604 -130.988 0
      vertex 180.706 -125.988 0
      vertex 180.323 -143.049 0
    endloop
  endfacet
  facet normal -0 0 -1
    outer loop
      vertex 183.496 -141.031 0
      vertex 180.323 -143.049 0
      vertex 180.706 -125.988 0
    endloop
  endfacet
  facet normal 0 0 -1
    outer loop
      vertex 174.51 -157.516 0
      vertex 180.323 -143.049 0
      vertex 183.271 -142.343 0
    endloop
  endfacet
  facet normal 0 0 -1
    outer loop
      vertex 173.173 -155.432 0
      vertex 174.51 -157.516 0
      vertex 173.519 -158.345 0
    endloop
  endfacet
  facet normal 0 0 -1
    outer loop
      vertex 174.51 -157.516 0
      vertex 173.173 -155.432 0
      vertex 180.323 -143.049 0
    endloop
  endfacet
  facet normal 0 0 -1
    outer loop
      vertex 172.227 -158.339 0
      vertex 173.173 -155.432 0
      vertex 173.519 -158.345 0
    endloop
  endfacet
  facet normal 0 0 -1
    outer loop
      vertex 172.227 -158.339 0
      vertex 160.788 -148.282 0
      vertex 173.173 -155.432 0
    endloop
  endfacet
  facet normal 0 0 -1
    outer loop
      vertex 160.788 -148.282 0
      vertex 144.314 -140.233 0
      vertex 158.127 -143.934 0
    endloop
  endfacet
  facet normal 0 0 -1
    outer loop
      vertex 123.305 -140.213 0
      vertex 160.788 -148.282 0
      vertex 172.227 -158.339 0
    endloop
  endfacet
  facet normal 0 0 -1
    outer loop
      vertex 140.221 -120.937 0
      vertex 143.921 -109.137 0
      vertex 143.921 -123.437 0
    endloop
  endfacet
  facet normal 0 0 -1
    outer loop
      vertex 140.221 -106.637 0
      vertex 143.921 -109.137 0
      vertex 140.221 -120.937 0
    endloop
  endfacet
  facet normal 0 0 -1
    outer loop
      vertex 140.221 -103.937 0
      vertex 143.921 -106.437 0
      vertex 140.221 -106.637 0
    endloop
  endfacet
  facet normal 0 0 -1
    outer loop
      vertex 143.921 -106.437 0
      vertex 140.221 -103.937 0
      vertex 143.921 -92.1371 0
    endloop
  endfacet
  facet normal 0 0 -1
    outer loop
      vertex 143.921 -92.1371 0
      vertex 140.221 -89.6371 0
      vertex 143.921 -89.4371 0
    endloop
  endfacet
  facet normal 0 0 -1
    outer loop
      vertex 140.221 -86.9371 0
      vertex 143.921 -89.4371 0
      vertex 140.221 -89.6371 0
    endloop
  endfacet
  facet normal 0 0 -1
    outer loop
      vertex 143.297 -72.2931 0
      vertex 143.921 -72.4371 0
      vertex 143.321 -72.5369 0
    endloop
  endfacet
  facet normal 0 0 -1
    outer loop
      vertex 143.921 -72.4371 0
      vertex 143.297 -72.7808 0
      vertex 143.321 -72.5369 0
    endloop
  endfacet
  facet normal 0 -0 -1
    outer loop
      vertex 141.593 -73.6918 0
      vertex 143.921 -75.1371 0
      vertex 140.221 -86.9371 0
    endloop
  endfacet
  facet normal 0 0 -1
    outer loop
      vertex 143.921 -72.4371 0
      vertex 143.226 -73.0153 0
      vertex 143.297 -72.7808 0
    endloop
  endfacet
  facet normal 0 -0 -1
    outer loop
      vertex 143.11 -73.2314 0
      vertex 143.921 -75.1371 0
      vertex 142.955 -73.4208 0
    endloop
  endfacet
  facet normal 0 0 -1
    outer loop
      vertex 143.921 -75.1371 0
      vertex 143.226 -73.0153 0
      vertex 143.921 -72.4371 0
    endloop
  endfacet
  facet normal 0 -0 -1
    outer loop
      vertex 143.226 -73.0153 0
      vertex 143.921 -75.1371 0
      vertex 143.11 -73.2314 0
    endloop
  endfacet
  facet normal 0 0 -1
    outer loop
      vertex 140.221 -123.637 0
      vertex 148.015 -126.42 0
      vertex 140.221 -137.937 0
    endloop
  endfacet
  facet normal 0 0 -1
    outer loop
      vertex 143.921 -89.4371 0
      vertex 140.221 -86.9371 0
      vertex 143.921 -75.1371 0
    endloop
  endfacet
  facet normal 0 0 -1
    outer loop
      vertex 143.921 -75.1371 0
      vertex 142.765 -73.5763 0
      vertex 142.955 -73.4208 0
    endloop
  endfacet
  facet normal 0 0 -1
    outer loop
      vertex 143.921 -75.1371 0
      vertex 142.549 -73.6918 0
      vertex 142.765 -73.5763 0
    endloop
  endfacet
  facet normal 0 0 -1
    outer loop
      vertex 143.921 -75.1371 0
      vertex 142.315 -73.7629 0
      vertex 142.549 -73.6918 0
    endloop
  endfacet
  facet normal 0 0 -1
    outer loop
      vertex 143.921 -75.1371 0
      vertex 142.071 -73.7869 0
      vertex 142.315 -73.7629 0
    endloop
  endfacet
  facet normal 0 0 -1
    outer loop
      vertex 143.921 -75.1371 0
      vertex 141.593 -73.6918 0
      vertex 141.827 -73.7629 0
    endloop
  endfacet
  facet normal -0 0 -1
    outer loop
      vertex 141.593 -73.6918 0
      vertex 140.221 -86.9371 0
      vertex 141.377 -73.5763 0
    endloop
  endfacet
  facet normal -0 0 -1
    outer loop
      vertex 141.377 -73.5763 0
      vertex 140.221 -86.9371 0
      vertex 141.187 -73.4208 0
    endloop
  endfacet
  facet normal 0 0 -1
    outer loop
      vertex 140.221 -72.6371 0
      vertex 141.187 -73.4208 0
      vertex 140.221 -86.9371 0
    endloop
  endfacet
  facet normal 0 0 -1
    outer loop
      vertex 141.187 -73.4208 0
      vertex 140.221 -72.6371 0
      vertex 141.032 -73.2314 0
    endloop
  endfacet
  facet normal 0 0 -1
    outer loop
      vertex 148.015 -126.42 0
      vertex 140.221 -123.637 0
      vertex 143.921 -123.437 0
    endloop
  endfacet
  facet normal 0 0 -1
    outer loop
      vertex 160.788 -148.282 0
      vertex 123.305 -140.213 0
      vertex 144.314 -140.233 0
    endloop
  endfacet
  facet normal 0 0 -1
    outer loop
      vertex 144.314 -140.233 0
      vertex 123.305 -140.213 0
      vertex 140.221 -137.937 0
    endloop
  endfacet
  facet normal 0 0 -1
    outer loop
      vertex 122.221 -132.327 0
      vertex 125.921 -123.637 0
      vertex 125.921 -137.937 0
    endloop
  endfacet
  facet normal 0 -0 -1
    outer loop
      vertex 125.297 -122.531 0
      vertex 125.921 -123.637 0
      vertex 125.226 -122.765 0
    endloop
  endfacet
  facet normal 0 0 -1
    outer loop
      vertex 125.297 -122.043 0
      vertex 125.921 -120.937 0
      vertex 125.321 -122.287 0
    endloop
  endfacet
  facet normal 0 0 -1
    outer loop
      vertex 125.226 -121.809 0
      vertex 125.921 -120.937 0
      vertex 125.297 -122.043 0
    endloop
  endfacet
  facet normal 0 0 -1
    outer loop
      vertex 125.11 -121.592 0
      vertex 125.921 -120.937 0
      vertex 125.226 -121.809 0
    endloop
  endfacet
  facet normal 0 0 -1
    outer loop
      vertex 124.955 -121.403 0
      vertex 125.921 -120.937 0
      vertex 125.11 -121.592 0
    endloop
  endfacet
  facet normal 0 0 -1
    outer loop
      vertex 124.765 -121.248 0
      vertex 125.921 -120.937 0
      vertex 124.955 -121.403 0
    endloop
  endfacet
  facet normal 0 0 -1
    outer loop
      vertex 122.221 -98.3268 0
      vertex 125.921 -103.937 0
      vertex 122.221 -101.027 0
    endloop
  endfacet
  facet normal 0 0 -1
    outer loop
      vertex 125.921 -89.6371 0
      vertex 122.221 -84.0268 0
      vertex 125.921 -86.9371 0
    endloop
  endfacet
  facet normal 0 0 -1
    outer loop
      vertex 125.921 -123.637 0
      vertex 125.321 -122.287 0
      vertex 125.921 -120.937 0
    endloop
  endfacet
  facet normal 0 -0 -1
    outer loop
      vertex 125.321 -122.287 0
      vertex 125.921 -123.637 0
      vertex 125.297 -122.531 0
    endloop
  endfacet
  facet normal 0 0 -1
    outer loop
      vertex 125.921 -123.637 0
      vertex 125.11 -122.981 0
      vertex 125.226 -122.765 0
    endloop
  endfacet
  facet normal 0 0 -1
    outer loop
      vertex 125.921 -123.637 0
      vertex 124.955 -123.171 0
      vertex 125.11 -122.981 0
    endloop
  endfacet
  facet normal 0 -0 -1
    outer loop
      vertex 124.315 -123.513 0
      vertex 125.921 -123.637 0
      vertex 122.221 -132.327 0
    endloop
  endfacet
  facet normal 0 0 -1
    outer loop
      vertex 125.921 -123.637 0
      vertex 124.765 -123.326 0
      vertex 124.955 -123.171 0
    endloop
  endfacet
  facet normal 0 0 -1
    outer loop
      vertex 125.921 -123.637 0
      vertex 124.549 -123.442 0
      vertex 124.765 -123.326 0
    endloop
  endfacet
  facet normal 0 0 -1
    outer loop
      vertex 125.921 -123.637 0
      vertex 124.315 -123.513 0
      vertex 124.549 -123.442 0
    endloop
  endfacet
  facet normal 0 0 -1
    outer loop
      vertex 124.315 -123.513 0
      vertex 122.221 -132.327 0
      vertex 124.071 -123.537 0
    endloop
  endfacet
  facet normal -0 0 -1
    outer loop
      vertex 124.071 -123.537 0
      vertex 122.221 -132.327 0
      vertex 123.827 -123.513 0
    endloop
  endfacet
  facet normal -0 0 -1
    outer loop
      vertex 123.827 -123.513 0
      vertex 122.221 -132.327 0
      vertex 123.593 -123.442 0
    endloop
  endfacet
  facet normal -0 0 -1
    outer loop
      vertex 140.221 -137.937 0
      vertex 123.305 -140.213 0
      vertex 125.921 -137.937 0
    endloop
  endfacet
  facet normal 0 0 -1
    outer loop
      vertex 122.903 -140.109 0
      vertex 125.921 -137.937 0
      vertex 123.305 -140.213 0
    endloop
  endfacet
  facet normal -0 0 -1
    outer loop
      vertex 123.593 -123.442 0
      vertex 122.221 -132.327 0
      vertex 123.377 -123.326 0
    endloop
  endfacet
  facet normal -0 0 -1
    outer loop
      vertex 123.377 -123.326 0
      vertex 122.221 -132.327 0
      vertex 123.187 -123.171 0
    endloop
  endfacet
  facet normal -0 0 -1
    outer loop
      vertex 123.187 -123.171 0
      vertex 122.221 -132.327 0
      vertex 123.032 -122.981 0
    endloop
  endfacet
  facet normal -0 0 -1
    outer loop
      vertex 125.921 -137.937 0
      vertex 122.903 -140.109 0
      vertex 122.221 -132.327 0
    endloop
  endfacet
  facet normal -0 0 -1
    outer loop
      vertex 123.032 -122.981 0
      vertex 122.221 -132.327 0
      vertex 122.916 -122.765 0
    endloop
  endfacet
  facet normal -0 0 -1
    outer loop
      vertex 122.916 -122.765 0
      vertex 122.221 -132.327 0
      vertex 122.845 -122.531 0
    endloop
  endfacet
  facet normal -0 0 -1
    outer loop
      vertex 122.845 -122.531 0
      vertex 122.221 -132.327 0
      vertex 122.821 -122.287 0
    endloop
  endfacet
  facet normal 0 0 -1
    outer loop
      vertex 122.903 -140.109 0
      vertex 107.921 -132.327 0
      vertex 122.221 -132.327 0
    endloop
  endfacet
  facet normal 0 0 -1
    outer loop
      vertex 104.221 -120.937 0
      vertex 107.921 -118.027 0
      vertex 107.921 -132.327 0
    endloop
  endfacet
  facet normal -0 0 -1
    outer loop
      vertex 107.921 -118.027 0
      vertex 104.221 -120.937 0
      vertex 107.921 -115.327 0
    endloop
  endfacet
  facet normal 0 0 -1
    outer loop
      vertex 104.221 -106.637 0
      vertex 107.921 -115.327 0
      vertex 104.221 -120.937 0
    endloop
  endfacet
  facet normal 0 0 -1
    outer loop
      vertex 107.921 -115.327 0
      vertex 104.221 -106.637 0
      vertex 107.921 -101.027 0
    endloop
  endfacet
  facet normal -0 0 -1
    outer loop
      vertex 107.921 -101.027 0
      vertex 104.221 -103.937 0
      vertex 107.921 -98.3268 0
    endloop
  endfacet
  facet normal 0 0 -1
    outer loop
      vertex 104.221 -89.6371 0
      vertex 107.921 -98.3268 0
      vertex 104.221 -103.937 0
    endloop
  endfacet
  facet normal 0 0 -1
    outer loop
      vertex 104.221 -86.9371 0
      vertex 107.921 -84.0268 0
      vertex 104.221 -89.6371 0
    endloop
  endfacet
  facet normal -0 0 -1
    outer loop
      vertex 107.921 -84.0268 0
      vertex 104.221 -86.9371 0
      vertex 107.921 -81.3268 0
    endloop
  endfacet
  facet normal 0 0 -1
    outer loop
      vertex 107.921 -81.3268 0
      vertex 104.221 -72.6371 0
      vertex 107.921 -67.0268 0
    endloop
  endfacet
  facet normal 0 0 -1
    outer loop
      vertex 104.221 -55.6371 0
      vertex 107.921 -64.3268 0
      vertex 104.221 -69.9371 0
    endloop
  endfacet
  facet normal 0 0 -1
    outer loop
      vertex 104.221 -103.937 0
      vertex 107.921 -101.027 0
      vertex 104.221 -106.637 0
    endloop
  endfacet
  facet normal 0 0 -1
    outer loop
      vertex 90.3774 -135.048 0
      vertex 107.921 -132.327 0
      vertex 122.903 -140.109 0
    endloop
  endfacet
  facet normal 0 0 -1
    outer loop
      vertex 90.3774 -135.048 0
      vertex 104.221 -120.937 0
      vertex 107.921 -132.327 0
    endloop
  endfacet
  facet normal 0 0 -1
    outer loop
      vertex 90.3774 -135.048 0
      vertex 89.9213 -120.937 0
      vertex 104.221 -120.937 0
    endloop
  endfacet
  facet normal 0 0 -1
    outer loop
      vertex 85.8327 -118.821 0
      vertex 89.9213 -120.937 0
      vertex 87.0785 -133.067 0
    endloop
  endfacet
  facet normal 0 0 -1
    outer loop
      vertex 85.5971 -116.131 0
      vertex 89.9213 -120.937 0
      vertex 85.8327 -118.821 0
    endloop
  endfacet
  facet normal 0 0 -1
    outer loop
      vertex 89.9213 -120.937 0
      vertex 85.5971 -116.131 0
      vertex 89.9213 -106.637 0
    endloop
  endfacet
  facet normal 0 0 -1
    outer loop
      vertex 82.8698 -84.9508 0
      vertex 89.9213 -89.6371 0
      vertex 89.9213 -103.937 0
    endloop
  endfacet
  facet normal 0 0 -1
    outer loop
      vertex 82.6342 -82.2614 0
      vertex 89.9213 -86.9371 0
      vertex 82.8698 -84.9508 0
    endloop
  endfacet
  facet normal 0 -0 -1
    outer loop
      vertex 87.2258 -71.7653 0
      vertex 89.9213 -72.6371 0
      vertex 87.1103 -71.9814 0
    endloop
  endfacet
  facet normal 0 0 -1
    outer loop
      vertex 90.3774 -135.048 0
      vertex 87.0785 -133.067 0
      vertex 89.9213 -120.937 0
    endloop
  endfacet
  facet normal 0 0 -1
    outer loop
      vertex 87.0785 -133.067 0
      vertex 90.3774 -135.048 0
      vertex 89.8769 -135.03 0
    endloop
  endfacet
  facet normal 0 0 -1
    outer loop
      vertex 178.221 -108.887 0
      vertex 180.671 -125.61 0
      vertex 178.221 -123.687 0
    endloop
  endfacet
  facet normal 0 0 -1
    outer loop
      vertex 180.671 -125.61 0
      vertex 178.221 -108.887 0
      vertex 180.671 -106.317 0
    endloop
  endfacet
  facet normal 0 -0 -1
    outer loop
      vertex 178.791 -104.437 0
      vertex 180.671 -106.317 0
      vertex 178.221 -108.887 0
    endloop
  endfacet
  facet normal 0 0 -1
    outer loop
      vertex 168.675 -130.266 0
      vertex 180.706 -125.988 0
      vertex 168.699 -130.51 0
    endloop
  endfacet
  facet normal 0 0 -1
    outer loop
      vertex 180.706 -125.988 0
      vertex 178.221 -123.687 0
      vertex 180.671 -125.61 0
    endloop
  endfacet
  facet normal 0 -0 -1
    outer loop
      vertex 168.699 -130.51 0
      vertex 180.706 -125.988 0
      vertex 168.675 -130.754 0
    endloop
  endfacet
  facet normal 0 0 -1
    outer loop
      vertex 167.938 -135.899 0
      vertex 168.604 -130.988 0
      vertex 180.323 -143.049 0
    endloop
  endfacet
  facet normal 0 0 -1
    outer loop
      vertex 168.604 -130.988 0
      vertex 167.938 -135.899 0
      vertex 168.489 -131.205 0
    endloop
  endfacet
  facet normal 0 0 -1
    outer loop
      vertex 168.489 -131.205 0
      vertex 167.938 -135.899 0
      vertex 168.333 -131.394 0
    endloop
  endfacet
  facet normal 0 0 -1
    outer loop
      vertex 168.333 -131.394 0
      vertex 167.938 -135.899 0
      vertex 168.144 -131.549 0
    endloop
  endfacet
  facet normal 0 0 -1
    outer loop
      vertex 167.938 -135.899 0
      vertex 167.928 -131.665 0
      vertex 168.144 -131.549 0
    endloop
  endfacet
  facet normal 0 0 -1
    outer loop
      vertex 167.938 -135.899 0
      vertex 167.693 -131.736 0
      vertex 167.928 -131.665 0
    endloop
  endfacet
  facet normal 0 0 -1
    outer loop
      vertex 167.938 -135.899 0
      vertex 167.449 -131.76 0
      vertex 167.693 -131.736 0
    endloop
  endfacet
  facet normal 0 0 -1
    outer loop
      vertex 167.938 -135.899 0
      vertex 167.206 -131.736 0
      vertex 167.449 -131.76 0
    endloop
  endfacet
  facet normal 0 0 -1
    outer loop
      vertex 167.938 -135.899 0
      vertex 166.971 -131.665 0
      vertex 167.206 -131.736 0
    endloop
  endfacet
  facet normal 0 0 -1
    outer loop
      vertex 167.938 -135.899 0
      vertex 166.755 -131.549 0
      vertex 166.971 -131.665 0
    endloop
  endfacet
  facet normal 0 0 -1
    outer loop
      vertex 167.938 -135.899 0
      vertex 166.566 -131.394 0
      vertex 166.755 -131.549 0
    endloop
  endfacet
  facet normal 0 0 -1
    outer loop
      vertex 161.828 -130.121 0
      vertex 166.566 -131.394 0
      vertex 167.938 -135.899 0
    endloop
  endfacet
  facet normal 0 0 -1
    outer loop
      vertex 166.566 -131.394 0
      vertex 161.828 -130.121 0
      vertex 166.41 -131.205 0
    endloop
  endfacet
  facet normal 0 0 -1
    outer loop
      vertex 166.223 -130.754 0
      vertex 161.828 -130.121 0
      vertex 166.199 -130.51 0
    endloop
  endfacet
  facet normal 0 0 -1
    outer loop
      vertex 166.295 -130.988 0
      vertex 161.828 -130.121 0
      vertex 166.223 -130.754 0
    endloop
  endfacet
  facet normal 0 0 -1
    outer loop
      vertex 166.41 -131.205 0
      vertex 161.828 -130.121 0
      vertex 166.295 -130.988 0
    endloop
  endfacet
  facet normal 0 0 -1
    outer loop
      vertex 158.127 -143.934 0
      vertex 167.938 -135.899 0
      vertex 160.788 -148.282 0
    endloop
  endfacet
  facet normal -0 0 -1
    outer loop
      vertex 167.938 -135.899 0
      vertex 158.127 -143.934 0
      vertex 161.828 -130.121 0
    endloop
  endfacet
  facet normal 0 0 -1
    outer loop
      vertex 180.671 -106.317 0
      vertex 178.791 -104.437 0
      vertex 180.121 -104.988 0
    endloop
  endfacet
  facet normal 0 0 -1
    outer loop
      vertex 178.221 -108.887 0
      vertex 162.541 -104.437 0
      vertex 178.791 -104.437 0
    endloop
  endfacet
  facet normal 0 0 -1
    outer loop
      vertex 160.421 -108.887 0
      vertex 162.541 -104.437 0
      vertex 178.221 -108.887 0
    endloop
  endfacet
  facet normal 0 0 -1
    outer loop
      vertex 160.421 -108.887 0
      vertex 161.042 -103.816 0
      vertex 162.541 -104.437 0
    endloop
  endfacet
  facet normal 0 0 -1
    outer loop
      vertex 158.221 -106.437 0
      vertex 161.042 -103.816 0
      vertex 160.421 -108.887 0
    endloop
  endfacet
  facet normal -0 0 -1
    outer loop
      vertex 180.706 -125.988 0
      vertex 168.675 -130.266 0
      vertex 178.221 -123.687 0
    endloop
  endfacet
  facet normal 0 0 -1
    outer loop
      vertex 168.604 -130.032 0
      vertex 178.221 -123.687 0
      vertex 168.675 -130.266 0
    endloop
  endfacet
  facet normal 0 0 -1
    outer loop
      vertex 168.489 -129.816 0
      vertex 178.221 -123.687 0
      vertex 168.604 -130.032 0
    endloop
  endfacet
  facet normal 0 0 -1
    outer loop
      vertex 168.333 -129.626 0
      vertex 178.221 -123.687 0
      vertex 168.489 -129.816 0
    endloop
  endfacet
  facet normal 0 0 -1
    outer loop
      vertex 168.144 -129.471 0
      vertex 178.221 -123.687 0
      vertex 168.333 -129.626 0
    endloop
  endfacet
  facet normal 0 0 -1
    outer loop
      vertex 167.928 -129.355 0
      vertex 178.221 -123.687 0
      vertex 168.144 -129.471 0
    endloop
  endfacet
  facet normal 0 0 -1
    outer loop
      vertex 167.693 -129.284 0
      vertex 178.221 -123.687 0
      vertex 167.928 -129.355 0
    endloop
  endfacet
  facet normal 0 0 -1
    outer loop
      vertex 160.421 -123.687 0
      vertex 167.693 -129.284 0
      vertex 167.449 -129.26 0
    endloop
  endfacet
  facet normal 0 0 -1
    outer loop
      vertex 160.421 -123.687 0
      vertex 167.449 -129.26 0
      vertex 167.206 -129.284 0
    endloop
  endfacet
  facet normal 0 0 -1
    outer loop
      vertex 160.421 -123.687 0
      vertex 167.206 -129.284 0
      vertex 166.971 -129.355 0
    endloop
  endfacet
  facet normal 0 0 -1
    outer loop
      vertex 161.828 -130.121 0
      vertex 166.223 -130.266 0
      vertex 166.199 -130.51 0
    endloop
  endfacet
  facet normal 0 0 -1
    outer loop
      vertex 161.828 -130.121 0
      vertex 166.295 -130.032 0
      vertex 166.223 -130.266 0
    endloop
  endfacet
  facet normal 0 0 -1
    outer loop
      vertex 161.828 -130.121 0
      vertex 166.41 -129.816 0
      vertex 166.295 -130.032 0
    endloop
  endfacet
  facet normal 0 0 -1
    outer loop
      vertex 161.828 -130.121 0
      vertex 166.566 -129.626 0
      vertex 166.41 -129.816 0
    endloop
  endfacet
  facet normal 0 0 -1
    outer loop
      vertex 160.421 -123.687 0
      vertex 166.566 -129.626 0
      vertex 161.828 -130.121 0
    endloop
  endfacet
  facet normal 0 0 -1
    outer loop
      vertex 166.566 -129.626 0
      vertex 160.421 -123.687 0
      vertex 166.755 -129.471 0
    endloop
  endfacet
  facet normal 0 0 -1
    outer loop
      vertex 166.755 -129.471 0
      vertex 160.421 -123.687 0
      vertex 166.971 -129.355 0
    endloop
  endfacet
  facet normal 0 0 -1
    outer loop
      vertex 167.693 -129.284 0
      vertex 160.421 -123.687 0
      vertex 178.221 -123.687 0
    endloop
  endfacet
  facet normal 0 0 -1
    outer loop
      vertex 158.221 -109.137 0
      vertex 160.421 -108.887 0
      vertex 160.421 -123.687 0
    endloop
  endfacet
  facet normal 0 0 -1
    outer loop
      vertex 158.221 -106.437 0
      vertex 160.421 -108.887 0
      vertex 158.221 -109.137 0
    endloop
  endfacet
  facet normal 0 0 -1
    outer loop
      vertex 158.221 -75.1371 0
      vertex 160.421 -102.317 0
      vertex 158.221 -89.4371 0
    endloop
  endfacet
  facet normal 0 0 -1
    outer loop
      vertex 160.421 -102.317 0
      vertex 158.221 -75.1371 0
      vertex 160.421 -57.4073 0
    endloop
  endfacet
  facet normal 0 0 -1
    outer loop
      vertex 158.221 -109.137 0
      vertex 160.421 -123.687 0
      vertex 158.221 -123.437 0
    endloop
  endfacet
  facet normal 0 0 -1
    outer loop
      vertex 161.828 -130.121 0
      vertex 158.221 -123.437 0
      vertex 160.421 -123.687 0
    endloop
  endfacet
  facet normal 0 0 -1
    outer loop
      vertex 148.015 -126.42 0
      vertex 158.221 -123.437 0
      vertex 161.828 -130.121 0
    endloop
  endfacet
  facet normal 0 0 -1
    outer loop
      vertex 148.015 -126.42 0
      vertex 143.921 -123.437 0
      vertex 158.221 -123.437 0
    endloop
  endfacet
  facet normal 0 0 -1
    outer loop
      vertex 140.221 -137.937 0
      vertex 148.015 -126.42 0
      vertex 144.314 -140.233 0
    endloop
  endfacet
  facet normal -0 0 -1
    outer loop
      vertex 161.042 -103.816 0
      vertex 158.221 -106.437 0
      vertex 160.421 -102.317 0
    endloop
  endfacet
  facet normal -0 0 -1
    outer loop
      vertex 160.421 -102.317 0
      vertex 158.221 -106.437 0
      vertex 158.221 -92.1371 0
    endloop
  endfacet
  facet normal 0 0 -1
    outer loop
      vertex 160.421 -102.317 0
      vertex 158.221 -92.1371 0
      vertex 158.221 -89.4371 0
    endloop
  endfacet
  facet normal 0 0 -1
    outer loop
      vertex 158.221 -72.4371 0
      vertex 160.421 -57.4073 0
      vertex 158.221 -75.1371 0
    endloop
  endfacet
  facet normal 0 0 -1
    outer loop
      vertex 158.221 -58.1371 0
      vertex 160.421 -57.4073 0
      vertex 158.221 -72.4371 0
    endloop
  endfacet
  facet normal -0 0 -1
    outer loop
      vertex 160.421 -57.4073 0
      vertex 158.221 -58.1371 0
      vertex 160.011 -56.2338 0
    endloop
  endfacet
  facet normal -0 0 -1
    outer loop
      vertex 160.011 -56.2338 0
      vertex 158.221 -58.1371 0
      vertex 158.958 -55.5722 0
    endloop
  endfacet
  facet normal 0 0 -1
    outer loop
      vertex 143.921 -58.1371 0
      vertex 158.958 -55.5722 0
      vertex 158.221 -58.1371 0
    endloop
  endfacet
  facet normal 0 0 -1
    outer loop
      vertex 143.226 -72.0586 0
      vertex 143.921 -72.4371 0
      vertex 143.297 -72.2931 0
    endloop
  endfacet
  facet normal 0 0 -1
    outer loop
      vertex 143.11 -71.8425 0
      vertex 143.921 -72.4371 0
      vertex 143.226 -72.0586 0
    endloop
  endfacet
  facet normal 0 0 -1
    outer loop
      vertex 142.955 -71.6531 0
      vertex 143.921 -72.4371 0
      vertex 143.11 -71.8425 0
    endloop
  endfacet
  facet normal 0 0 -1
    outer loop
      vertex 143.921 -72.4371 0
      vertex 142.955 -71.6531 0
      vertex 143.921 -58.1371 0
    endloop
  endfacet
  facet normal 0 0 -1
    outer loop
      vertex 142.765 -71.4976 0
      vertex 143.921 -58.1371 0
      vertex 142.955 -71.6531 0
    endloop
  endfacet
  facet normal 0 0 -1
    outer loop
      vertex 142.549 -71.3821 0
      vertex 143.921 -58.1371 0
      vertex 142.765 -71.4976 0
    endloop
  endfacet
  facet normal 0 0 -1
    outer loop
      vertex 140.221 -69.9371 0
      vertex 142.549 -71.3821 0
      vertex 142.315 -71.311 0
    endloop
  endfacet
  facet normal 0 0 -1
    outer loop
      vertex 140.221 -69.9371 0
      vertex 142.315 -71.311 0
      vertex 142.071 -71.2869 0
    endloop
  endfacet
  facet normal 0 0 -1
    outer loop
      vertex 140.221 -69.9371 0
      vertex 142.071 -71.2869 0
      vertex 141.827 -71.311 0
    endloop
  endfacet
  facet normal 0 0 -1
    outer loop
      vertex 140.221 -69.9371 0
      vertex 141.827 -71.311 0
      vertex 141.593 -71.3821 0
    endloop
  endfacet
  facet normal 0 0 -1
    outer loop
      vertex 140.221 -69.9371 0
      vertex 141.593 -71.3821 0
      vertex 141.377 -71.4976 0
    endloop
  endfacet
  facet normal 0 0 -1
    outer loop
      vertex 140.221 -69.9371 0
      vertex 141.377 -71.4976 0
      vertex 141.187 -71.6531 0
    endloop
  endfacet
  facet normal 0 0 -1
    outer loop
      vertex 140.221 -69.9371 0
      vertex 141.187 -71.6531 0
      vertex 141.032 -71.8425 0
    endloop
  endfacet
  facet normal 0 0 -1
    outer loop
      vertex 140.221 -69.9371 0
      vertex 141.032 -71.8425 0
      vertex 140.916 -72.0586 0
    endloop
  endfacet
  facet normal 0 0 -1
    outer loop
      vertex 140.221 -72.6371 0
      vertex 140.916 -72.0586 0
      vertex 140.845 -72.2931 0
    endloop
  endfacet
  facet normal -0 0 -1
    outer loop
      vertex 143.921 -123.437 0
      vertex 140.221 -123.637 0
      vertex 140.221 -120.937 0
    endloop
  endfacet
  facet normal 0 0 -1
    outer loop
      vertex 143.921 -109.137 0
      vertex 140.221 -106.637 0
      vertex 143.921 -106.437 0
    endloop
  endfacet
  facet normal 0 0 -1
    outer loop
      vertex 140.221 -89.6371 0
      vertex 143.921 -92.1371 0
      vertex 140.221 -103.937 0
    endloop
  endfacet
  facet normal 0 0 -1
    outer loop
      vertex 143.921 -75.1371 0
      vertex 141.827 -73.7629 0
      vertex 142.071 -73.7869 0
    endloop
  endfacet
  facet normal 0 0 -1
    outer loop
      vertex 141.032 -73.2314 0
      vertex 140.221 -72.6371 0
      vertex 140.916 -73.0153 0
    endloop
  endfacet
  facet normal 0 0 -1
    outer loop
      vertex 140.916 -73.0153 0
      vertex 140.221 -72.6371 0
      vertex 140.845 -72.7808 0
    endloop
  endfacet
  facet normal 0 0 -1
    outer loop
      vertex 140.845 -72.7808 0
      vertex 140.221 -72.6371 0
      vertex 140.821 -72.5369 0
    endloop
  endfacet
  facet normal 0 0 -1
    outer loop
      vertex 140.221 -72.6371 0
      vertex 140.845 -72.2931 0
      vertex 140.821 -72.5369 0
    endloop
  endfacet
  facet normal -0 0 -1
    outer loop
      vertex 140.916 -72.0586 0
      vertex 140.221 -72.6371 0
      vertex 140.221 -69.9371 0
    endloop
  endfacet
  facet normal 0 0 -1
    outer loop
      vertex 142.549 -71.3821 0
      vertex 140.221 -69.9371 0
      vertex 143.921 -58.1371 0
    endloop
  endfacet
  facet normal 0 0 -1
    outer loop
      vertex 140.221 -55.6371 0
      vertex 143.921 -58.1371 0
      vertex 140.221 -69.9371 0
    endloop
  endfacet
  facet normal 0 0 -1
    outer loop
      vertex 140.221 -55.6371 0
      vertex 158.958 -55.5722 0
      vertex 143.921 -58.1371 0
    endloop
  endfacet
  facet normal 0 0 -1
    outer loop
      vertex 125.266 -47.8756 0
      vertex 140.221 -55.6371 0
      vertex 125.921 -55.6371 0
    endloop
  endfacet
  facet normal 0 0 -1
    outer loop
      vertex 122.221 -81.3268 0
      vertex 125.921 -86.9371 0
      vertex 122.221 -84.0268 0
    endloop
  endfacet
  facet normal 0 0 -1
    outer loop
      vertex 140.221 -55.6371 0
      vertex 125.266 -47.8756 0
      vertex 158.958 -55.5722 0
    endloop
  endfacet
  facet normal 0 0 -1
    outer loop
      vertex 122.221 -67.0268 0
      vertex 125.921 -72.6371 0
      vertex 122.221 -81.3268 0
    endloop
  endfacet
  facet normal 0 0 -1
    outer loop
      vertex 125.921 -103.937 0
      vertex 122.221 -98.3268 0
      vertex 125.921 -89.6371 0
    endloop
  endfacet
  facet normal 0 0 -1
    outer loop
      vertex 122.221 -101.027 0
      vertex 125.921 -106.637 0
      vertex 122.221 -115.327 0
    endloop
  endfacet
  facet normal 0 0 -1
    outer loop
      vertex 125.921 -120.937 0
      vertex 122.221 -115.327 0
      vertex 125.921 -106.637 0
    endloop
  endfacet
  facet normal 0 0 -1
    outer loop
      vertex 125.921 -72.6371 0
      vertex 122.221 -67.0268 0
      vertex 125.921 -69.9371 0
    endloop
  endfacet
  facet normal 0 0 -1
    outer loop
      vertex 124.549 -121.132 0
      vertex 125.921 -120.937 0
      vertex 124.765 -121.248 0
    endloop
  endfacet
  facet normal 0 0 -1
    outer loop
      vertex 124.315 -121.061 0
      vertex 125.921 -120.937 0
      vertex 124.549 -121.132 0
    endloop
  endfacet
  facet normal -0 0 -1
    outer loop
      vertex 125.921 -120.937 0
      vertex 124.315 -121.061 0
      vertex 122.221 -118.027 0
    endloop
  endfacet
  facet normal 0 0 -1
    outer loop
      vertex 122.221 -118.027 0
      vertex 124.315 -121.061 0
      vertex 124.071 -121.037 0
    endloop
  endfacet
  facet normal 0 0 -1
    outer loop
      vertex 122.221 -118.027 0
      vertex 124.071 -121.037 0
      vertex 123.827 -121.061 0
    endloop
  endfacet
  facet normal 0 0 -1
    outer loop
      vertex 122.221 -118.027 0
      vertex 123.827 -121.061 0
      vertex 123.593 -121.132 0
    endloop
  endfacet
  facet normal 0 0 -1
    outer loop
      vertex 122.221 -118.027 0
      vertex 123.593 -121.132 0
      vertex 123.377 -121.248 0
    endloop
  endfacet
  facet normal 0 0 -1
    outer loop
      vertex 122.221 -118.027 0
      vertex 123.377 -121.248 0
      vertex 123.187 -121.403 0
    endloop
  endfacet
  facet normal 0 0 -1
    outer loop
      vertex 122.221 -118.027 0
      vertex 123.187 -121.403 0
      vertex 123.032 -121.592 0
    endloop
  endfacet
  facet normal 0 0 -1
    outer loop
      vertex 122.221 -118.027 0
      vertex 123.032 -121.592 0
      vertex 122.916 -121.809 0
    endloop
  endfacet
  facet normal 0 0 -1
    outer loop
      vertex 122.221 -118.027 0
      vertex 122.916 -121.809 0
      vertex 122.845 -122.043 0
    endloop
  endfacet
  facet normal 0 0 -1
    outer loop
      vertex 122.221 -118.027 0
      vertex 122.845 -122.043 0
      vertex 122.821 -122.287 0
    endloop
  endfacet
  facet normal 0 0 -1
    outer loop
      vertex 122.221 -118.027 0
      vertex 122.821 -122.287 0
      vertex 122.221 -132.327 0
    endloop
  endfacet
  facet normal 0 0 -1
    outer loop
      vertex 125.921 -120.937 0
      vertex 122.221 -118.027 0
      vertex 122.221 -115.327 0
    endloop
  endfacet
  facet normal 0 0 -1
    outer loop
      vertex 125.921 -106.637 0
      vertex 122.221 -101.027 0
      vertex 125.921 -103.937 0
    endloop
  endfacet
  facet normal 0 0 -1
    outer loop
      vertex 122.221 -84.0268 0
      vertex 125.921 -89.6371 0
      vertex 122.221 -98.3268 0
    endloop
  endfacet
  facet normal 0 0 -1
    outer loop
      vertex 125.921 -86.9371 0
      vertex 122.221 -81.3268 0
      vertex 125.921 -72.6371 0
    endloop
  endfacet
  facet normal 0 0 -1
    outer loop
      vertex 122.221 -64.3268 0
      vertex 125.921 -69.9371 0
      vertex 122.221 -67.0268 0
    endloop
  endfacet
  facet normal 0 0 -1
    outer loop
      vertex 125.921 -69.9371 0
      vertex 122.221 -64.3268 0
      vertex 125.921 -55.6371 0
    endloop
  endfacet
  facet normal 0 0 -1
    outer loop
      vertex 122.221 -50.0268 0
      vertex 125.921 -55.6371 0
      vertex 122.221 -64.3268 0
    endloop
  endfacet
  facet normal 0 0 -1
    outer loop
      vertex 125.921 -55.6371 0
      vertex 122.221 -50.0268 0
      vertex 125.266 -47.8756 0
    endloop
  endfacet
  facet normal -0 0 -1
    outer loop
      vertex 125.266 -47.8756 0
      vertex 122.221 -50.0268 0
      vertex 124.837 -47.8268 0
    endloop
  endfacet
  facet normal 0 0 -1
    outer loop
      vertex 105.386 -47.8268 0
      vertex 122.221 -50.0268 0
      vertex 107.921 -50.0268 0
    endloop
  endfacet
  facet normal 0 0 -1
    outer loop
      vertex 122.221 -50.0268 0
      vertex 105.386 -47.8268 0
      vertex 124.837 -47.8268 0
    endloop
  endfacet
  facet normal 0 0 -1
    outer loop
      vertex 107.921 -98.3268 0
      vertex 104.221 -89.6371 0
      vertex 107.921 -84.0268 0
    endloop
  endfacet
  facet normal 0 0 -1
    outer loop
      vertex 104.221 -72.6371 0
      vertex 107.921 -81.3268 0
      vertex 104.221 -86.9371 0
    endloop
  endfacet
  facet normal 0 0 -1
    outer loop
      vertex 104.221 -69.9371 0
      vertex 107.921 -67.0268 0
      vertex 104.221 -72.6371 0
    endloop
  endfacet
  facet normal -0 0 -1
    outer loop
      vertex 107.921 -67.0268 0
      vertex 104.221 -69.9371 0
      vertex 107.921 -64.3268 0
    endloop
  endfacet
  facet normal 0 0 -1
    outer loop
      vertex 107.921 -64.3268 0
      vertex 104.221 -55.6371 0
      vertex 107.921 -50.0268 0
    endloop
  endfacet
  facet normal 0 -0 -1
    outer loop
      vertex 104.814 -47.9142 0
      vertex 107.921 -50.0268 0
      vertex 104.221 -55.6371 0
    endloop
  endfacet
  facet normal 0 0 -1
    outer loop
      vertex 107.921 -50.0268 0
      vertex 104.814 -47.9142 0
      vertex 105.386 -47.8268 0
    endloop
  endfacet
  facet normal 0 0 -1
    outer loop
      vertex 89.9213 -55.6371 0
      vertex 104.814 -47.9142 0
      vertex 104.221 -55.6371 0
    endloop
  endfacet
  facet normal 0 0 -1
    outer loop
      vertex 89.9213 -55.6371 0
      vertex 87.356 -53.3554 0
      vertex 104.814 -47.9142 0
    endloop
  endfacet
  facet normal 0 0 -1
    outer loop
      vertex 89.9213 -72.6371 0
      vertex 87.321 -71.2869 0
      vertex 89.9213 -69.9371 0
    endloop
  endfacet
  facet normal 0 0 -1
    outer loop
      vertex 87.2258 -70.8086 0
      vertex 89.9213 -69.9371 0
      vertex 87.297 -71.0431 0
    endloop
  endfacet
  facet normal 0 0 -1
    outer loop
      vertex 87.297 -71.0431 0
      vertex 89.9213 -69.9371 0
      vertex 87.321 -71.2869 0
    endloop
  endfacet
  facet normal 0 -0 -1
    outer loop
      vertex 87.321 -71.2869 0
      vertex 89.9213 -72.6371 0
      vertex 87.297 -71.5308 0
    endloop
  endfacet
  facet normal 0 -0 -1
    outer loop
      vertex 87.297 -71.5308 0
      vertex 89.9213 -72.6371 0
      vertex 87.2258 -71.7653 0
    endloop
  endfacet
  facet normal 0 0 -1
    outer loop
      vertex 82.8698 -84.9508 0
      vertex 89.9213 -86.9371 0
      vertex 89.9213 -89.6371 0
    endloop
  endfacet
  facet normal 0 0 -1
    outer loop
      vertex 89.8769 -135.03 0
      vertex 72.8334 -134.313 0
      vertex 87.0785 -133.067 0
    endloop
  endfacet
  facet normal 0 0 -1
    outer loop
      vertex 71.5865 -120.068 0
      vertex 70.8764 -118.884 0
      vertex 71.3519 -117.378 0
    endloop
  endfacet
  facet normal 0 0 -1
    outer loop
      vertex 69.8702 -120.11 0
      vertex 71.5865 -120.068 0
      vertex 72.8334 -134.313 0
    endloop
  endfacet
  facet normal 0 0 -1
    outer loop
      vertex 71.5865 -120.068 0
      vertex 70.8524 -119.128 0
      vertex 70.8764 -118.884 0
    endloop
  endfacet
  facet normal 0 0 -1
    outer loop
      vertex 71.5865 -120.068 0
      vertex 70.7812 -119.362 0
      vertex 70.8524 -119.128 0
    endloop
  endfacet
  facet normal 0 0 -1
    outer loop
      vertex 71.5865 -120.068 0
      vertex 70.6657 -119.579 0
      vertex 70.7812 -119.362 0
    endloop
  endfacet
  facet normal 0 0 -1
    outer loop
      vertex 71.5865 -120.068 0
      vertex 70.5103 -119.768 0
      vertex 70.6657 -119.579 0
    endloop
  endfacet
  facet normal 0 0 -1
    outer loop
      vertex 71.5865 -120.068 0
      vertex 70.3208 -119.923 0
      vertex 70.5103 -119.768 0
    endloop
  endfacet
  facet normal 0 0 -1
    outer loop
      vertex 71.5865 -120.068 0
      vertex 70.1047 -120.039 0
      vertex 70.3208 -119.923 0
    endloop
  endfacet
  facet normal -0 0 -1
    outer loop
      vertex 71.5865 -120.068 0
      vertex 69.8702 -120.11 0
      vertex 70.1047 -120.039 0
    endloop
  endfacet
  facet normal 0 0 -1
    outer loop
      vertex 72.8334 -134.313 0
      vertex 69.6264 -120.134 0
      vertex 69.8702 -120.11 0
    endloop
  endfacet
  facet normal 0 0 -1
    outer loop
      vertex 69.1479 -134.635 0
      vertex 69.6264 -120.134 0
      vertex 72.8334 -134.313 0
    endloop
  endfacet
  facet normal 0 0 -1
    outer loop
      vertex 67.901 -120.39 0
      vertex 69.6264 -120.134 0
      vertex 69.1479 -134.635 0
    endloop
  endfacet
  facet normal -0 0 -1
    outer loop
      vertex 69.6264 -120.134 0
      vertex 67.901 -120.39 0
      vertex 69.3825 -120.11 0
    endloop
  endfacet
  facet normal 0 0 -1
    outer loop
      vertex 54.2764 -138.145 0
      vertex 72.8334 -134.313 0
      vertex 89.8769 -135.03 0
    endloop
  endfacet
  facet normal 0 0 -1
    outer loop
      vertex 72.8334 -134.313 0
      vertex 54.2764 -138.145 0
      vertex 69.1479 -134.635 0
    endloop
  endfacet
  facet normal 0 0 -1
    outer loop
      vertex 69.1479 -134.635 0
      vertex 54.2764 -138.145 0
      vertex 54.9017 -135.882 0
    endloop
  endfacet
  facet normal 0 0 -1
    outer loop
      vertex 52.9041 -137.713 0
      vertex 54.9017 -135.882 0
      vertex 54.2764 -138.145 0
    endloop
  endfacet
  facet normal -0 0 -1
    outer loop
      vertex 54.9017 -135.882 0
      vertex 52.2396 -136.437 0
      vertex 53.6559 -121.636 0
    endloop
  endfacet
  facet normal 0 0 -1
    outer loop
      vertex 54.9017 -135.882 0
      vertex 52.9041 -137.713 0
      vertex 52.2396 -136.437 0
    endloop
  endfacet
  facet normal -0 0 -1
    outer loop
      vertex 53.6559 -121.636 0
      vertex 52.2396 -136.437 0
      vertex 53.4203 -118.947 0
    endloop
  endfacet
  facet normal 0 0 -1
    outer loop
      vertex 52.2396 -136.437 0
      vertex 52.1734 -104.702 0
      vertex 53.4203 -118.947 0
    endloop
  endfacet
  facet normal 0 0 -1
    outer loop
      vertex 52.2396 -136.437 0
      vertex 51.9388 -102.011 0
      vertex 52.1734 -104.702 0
    endloop
  endfacet
  facet normal 0 0 -1
    outer loop
      vertex 46.4928 -70.7471 0
      vertex 51.9388 -102.011 0
      vertex 52.2396 -136.437 0
    endloop
  endfacet
  facet normal 0 0 -1
    outer loop
      vertex 51.9388 -102.011 0
      vertex 46.4928 -70.7471 0
      vertex 50.692 -87.766 0
    endloop
  endfacet
  facet normal 0 0 -1
    outer loop
      vertex 50.692 -87.766 0
      vertex 46.4928 -70.7471 0
      vertex 50.4564 -85.0766 0
    endloop
  endfacet
  facet normal 0 0 -1
    outer loop
      vertex 50.4564 -85.0766 0
      vertex 46.4928 -70.7471 0
      vertex 49.2106 -70.8304 0
    endloop
  endfacet
  facet normal 0 -0 -1
    outer loop
      vertex 46.9252 -69.3749 0
      vertex 49.2106 -70.8304 0
      vertex 46.4928 -70.7471 0
    endloop
  endfacet
  facet normal 0 0 -1
    outer loop
      vertex 49.2106 -70.8304 0
      vertex 46.9252 -69.3749 0
      vertex 48.202 -68.7103 0
    endloop
  endfacet
  facet normal 0 0 1
    outer loop
      vertex 67.901 -120.39 1.3
      vertex 69.148 -120.039 1.3
      vertex 68.9319 -119.923 1.3
    endloop
  endfacet
  facet normal 0 0 1
    outer loop
      vertex 67.901 -120.39 1.3
      vertex 68.9319 -119.923 1.3
      vertex 68.7425 -119.768 1.3
    endloop
  endfacet
  facet normal 0 0 1
    outer loop
      vertex 67.901 -120.39 1.3
      vertex 68.7425 -119.768 1.3
      vertex 68.587 -119.579 1.3
    endloop
  endfacet
  facet normal 0 0 1
    outer loop
      vertex 67.901 -120.39 1.3
      vertex 68.587 -119.579 1.3
      vertex 68.4715 -119.362 1.3
    endloop
  endfacet
  facet normal 0 0 1
    outer loop
      vertex 67.901 -120.39 1.3
      vertex 68.4715 -119.362 1.3
      vertex 68.4004 -119.128 1.3
    endloop
  endfacet
  facet normal 0 0 1
    outer loop
      vertex 67.901 -120.39 1.3
      vertex 68.4004 -119.128 1.3
      vertex 68.3764 -118.884 1.3
    endloop
  endfacet
  facet normal 0 0 1
    outer loop
      vertex 69.148 -120.039 1.3
      vertex 67.901 -120.39 1.3
      vertex 69.1479 -134.635 1.3
    endloop
  endfacet
  facet normal 0 0 1
    outer loop
      vertex 71.3519 -117.378 1.3
      vertex 70.8524 -118.64 1.3
      vertex 70.8764 -118.884 1.3
    endloop
  endfacet
  facet normal 0 0 1
    outer loop
      vertex 71.3519 -117.378 1.3
      vertex 70.7812 -118.406 1.3
      vertex 70.8524 -118.64 1.3
    endloop
  endfacet
  facet normal 0 0 1
    outer loop
      vertex 71.3519 -117.378 1.3
      vertex 70.6657 -118.19 1.3
      vertex 70.7812 -118.406 1.3
    endloop
  endfacet
  facet normal 0 0 1
    outer loop
      vertex 71.3519 -117.378 1.3
      vertex 70.5103 -118 1.3
      vertex 70.6657 -118.19 1.3
    endloop
  endfacet
  facet normal 0 0 1
    outer loop
      vertex 71.3519 -117.378 1.3
      vertex 70.3208 -117.845 1.3
      vertex 70.5103 -118 1.3
    endloop
  endfacet
  facet normal 0 0 1
    outer loop
      vertex 69.6264 -117.634 1.3
      vertex 71.3519 -117.378 1.3
      vertex 70.1051 -103.132 1.3
    endloop
  endfacet
  facet normal 0 0 1
    outer loop
      vertex 71.3519 -117.378 1.3
      vertex 70.1047 -117.729 1.3
      vertex 70.3208 -117.845 1.3
    endloop
  endfacet
  facet normal 0 0 1
    outer loop
      vertex 67.6654 -117.701 1.3
      vertex 53.6559 -121.636 1.3
      vertex 67.901 -120.39 1.3
    endloop
  endfacet
  facet normal 0 -0 1
    outer loop
      vertex 53.6559 -121.636 1.3
      vertex 67.6654 -117.701 1.3
      vertex 53.4203 -118.947 1.3
    endloop
  endfacet
  facet normal 0 0 1
    outer loop
      vertex 66.184 -100.765 1.3
      vertex 52.1734 -104.702 1.3
      vertex 66.4196 -103.455 1.3
    endloop
  endfacet
  facet normal 0 -0 1
    outer loop
      vertex 52.1734 -104.702 1.3
      vertex 66.184 -100.765 1.3
      vertex 51.9388 -102.011 1.3
    endloop
  endfacet
  facet normal 0 0 1
    outer loop
      vertex 64.7025 -83.8297 1.3
      vertex 50.692 -87.766 1.3
      vertex 64.9381 -86.5191 1.3
    endloop
  endfacet
  facet normal 0 -0 1
    outer loop
      vertex 50.692 -87.766 1.3
      vertex 64.7025 -83.8297 1.3
      vertex 50.4564 -85.0766 1.3
    endloop
  endfacet
  facet normal -0 -0 1
    outer loop
      vertex 82.8698 -84.9508 1.3
      vertex 89.9213 -86.9371 1.3
      vertex 82.6342 -82.2614 1.3
    endloop
  endfacet
  facet normal 0 0 1
    outer loop
      vertex 82.6342 -82.2614 1.3
      vertex 85.5926 -72.4418 1.3
      vertex 85.3765 -72.3263 1.3
    endloop
  endfacet
  facet normal 0 0 1
    outer loop
      vertex 82.6342 -82.2614 1.3
      vertex 85.3765 -72.3263 1.3
      vertex 85.1871 -72.1708 1.3
    endloop
  endfacet
  facet normal 0 0 1
    outer loop
      vertex 82.6342 -82.2614 1.3
      vertex 85.1871 -72.1708 1.3
      vertex 85.0316 -71.9814 1.3
    endloop
  endfacet
  facet normal 0 0 1
    outer loop
      vertex 82.6342 -82.2614 1.3
      vertex 85.0316 -71.9814 1.3
      vertex 84.9161 -71.7653 1.3
    endloop
  endfacet
  facet normal 0 0 1
    outer loop
      vertex 81.3873 -68.0152 1.3
      vertex 84.9161 -71.7653 1.3
      vertex 84.845 -71.5308 1.3
    endloop
  endfacet
  facet normal 0 0 1
    outer loop
      vertex 81.3873 -68.0152 1.3
      vertex 84.845 -71.5308 1.3
      vertex 84.821 -71.2869 1.3
    endloop
  endfacet
  facet normal 0 0 1
    outer loop
      vertex 89.9213 -89.6371 1.3
      vertex 84.3512 -101.886 1.3
      vertex 85.5971 -116.131 1.3
    endloop
  endfacet
  facet normal 0 0 1
    outer loop
      vertex 82.6342 -82.2614 1.3
      vertex 89.9213 -72.6371 1.3
      vertex 86.3148 -72.5129 1.3
    endloop
  endfacet
  facet normal 0 0 1
    outer loop
      vertex 82.6342 -82.2614 1.3
      vertex 86.3148 -72.5129 1.3
      vertex 86.071 -72.5369 1.3
    endloop
  endfacet
  facet normal 0 0 1
    outer loop
      vertex 82.6342 -82.2614 1.3
      vertex 86.071 -72.5369 1.3
      vertex 85.8271 -72.5129 1.3
    endloop
  endfacet
  facet normal 0 0 1
    outer loop
      vertex 82.6342 -82.2614 1.3
      vertex 85.8271 -72.5129 1.3
      vertex 85.5926 -72.4418 1.3
    endloop
  endfacet
  facet normal 0 0 1
    outer loop
      vertex 89.9213 -72.6371 1.3
      vertex 82.6342 -82.2614 1.3
      vertex 89.9213 -86.9371 1.3
    endloop
  endfacet
  facet normal 0 0 1
    outer loop
      vertex 89.9213 -103.937 1.3
      vertex 85.8327 -118.821 1.3
      vertex 87.0785 -133.067 1.3
    endloop
  endfacet
  facet normal 0 0 1
    outer loop
      vertex 89.9213 -89.6371 1.3
      vertex 85.5971 -116.131 1.3
      vertex 89.9213 -103.937 1.3
    endloop
  endfacet
  facet normal 0 0 1
    outer loop
      vertex 89.9213 -103.937 1.3
      vertex 85.5971 -116.131 1.3
      vertex 85.8327 -118.821 1.3
    endloop
  endfacet
  facet normal 0 0 1
    outer loop
      vertex 85.5971 -116.131 1.3
      vertex 71.5865 -120.068 1.3
      vertex 85.8327 -118.821 1.3
    endloop
  endfacet
  facet normal 0 -0 1
    outer loop
      vertex 71.5865 -120.068 1.3
      vertex 85.5971 -116.131 1.3
      vertex 71.3519 -117.378 1.3
    endloop
  endfacet
  facet normal 0 0 1
    outer loop
      vertex 89.9213 -69.9371 1.3
      vertex 87.297 -71.0431 1.3
      vertex 87.321 -71.2869 1.3
    endloop
  endfacet
  facet normal 0 0 1
    outer loop
      vertex 89.9213 -55.6371 1.3
      vertex 87.2258 -70.8086 1.3
      vertex 87.297 -71.0431 1.3
    endloop
  endfacet
  facet normal 0 0 1
    outer loop
      vertex 89.9213 -55.6371 1.3
      vertex 87.1103 -70.5925 1.3
      vertex 87.2258 -70.8086 1.3
    endloop
  endfacet
  facet normal 0 0 1
    outer loop
      vertex 89.9213 -55.6371 1.3
      vertex 86.9549 -70.4031 1.3
      vertex 87.1103 -70.5925 1.3
    endloop
  endfacet
  facet normal 0 0 1
    outer loop
      vertex 81.3873 -68.0152 1.3
      vertex 89.9213 -55.6371 1.3
      vertex 86.9331 -53.5452 1.3
    endloop
  endfacet
  facet normal 0 0 1
    outer loop
      vertex 89.9213 -55.6371 1.3
      vertex 86.7654 -70.2476 1.3
      vertex 86.9549 -70.4031 1.3
    endloop
  endfacet
  facet normal 0 0 1
    outer loop
      vertex 89.9213 -55.6371 1.3
      vertex 86.5493 -70.1321 1.3
      vertex 86.7654 -70.2476 1.3
    endloop
  endfacet
  facet normal 0 0 1
    outer loop
      vertex 89.9213 -55.6371 1.3
      vertex 86.3148 -70.061 1.3
      vertex 86.5493 -70.1321 1.3
    endloop
  endfacet
  facet normal 0 0 1
    outer loop
      vertex 89.9213 -55.6371 1.3
      vertex 86.071 -70.0369 1.3
      vertex 86.3148 -70.061 1.3
    endloop
  endfacet
  facet normal 0 0 1
    outer loop
      vertex 89.9213 -55.6371 1.3
      vertex 81.3873 -68.0152 1.3
      vertex 86.071 -70.0369 1.3
    endloop
  endfacet
  facet normal 0 0 1
    outer loop
      vertex 86.071 -70.0369 1.3
      vertex 81.3873 -68.0152 1.3
      vertex 85.8271 -70.061 1.3
    endloop
  endfacet
  facet normal 0 0 1
    outer loop
      vertex 85.8271 -70.061 1.3
      vertex 81.3873 -68.0152 1.3
      vertex 85.5926 -70.1321 1.3
    endloop
  endfacet
  facet normal 0 0 1
    outer loop
      vertex 85.5926 -70.1321 1.3
      vertex 81.3873 -68.0152 1.3
      vertex 85.3765 -70.2476 1.3
    endloop
  endfacet
  facet normal 0 0 1
    outer loop
      vertex 85.3765 -70.2476 1.3
      vertex 81.3873 -68.0152 1.3
      vertex 85.1871 -70.4031 1.3
    endloop
  endfacet
  facet normal 0 0 1
    outer loop
      vertex 85.1871 -70.4031 1.3
      vertex 81.3873 -68.0152 1.3
      vertex 85.0316 -70.5925 1.3
    endloop
  endfacet
  facet normal 0 0 1
    outer loop
      vertex 85.0316 -70.5925 1.3
      vertex 81.3873 -68.0152 1.3
      vertex 84.9161 -70.8086 1.3
    endloop
  endfacet
  facet normal 0 0 1
    outer loop
      vertex 89.9213 -89.6371 1.3
      vertex 84.1156 -99.1959 1.3
      vertex 84.3512 -101.886 1.3
    endloop
  endfacet
  facet normal 0 0 1
    outer loop
      vertex 89.9213 -89.6371 1.3
      vertex 82.8698 -84.9508 1.3
      vertex 84.1156 -99.1959 1.3
    endloop
  endfacet
  facet normal 0 0 1
    outer loop
      vertex 81.3873 -68.0152 1.3
      vertex 84.821 -71.2869 1.3
      vertex 84.845 -71.0431 1.3
    endloop
  endfacet
  facet normal 0 0 1
    outer loop
      vertex 84.9161 -70.8086 1.3
      vertex 81.3873 -68.0152 1.3
      vertex 84.845 -71.0431 1.3
    endloop
  endfacet
  facet normal 0 0 1
    outer loop
      vertex 89.9213 -86.9371 1.3
      vertex 82.8698 -84.9508 1.3
      vertex 89.9213 -89.6371 1.3
    endloop
  endfacet
  facet normal 0 0 1
    outer loop
      vertex 84.9161 -71.7653 1.3
      vertex 81.3873 -68.0152 1.3
      vertex 82.6342 -82.2614 1.3
    endloop
  endfacet
  facet normal -0 0 1
    outer loop
      vertex 64.558 -67.0659 1.3
      vertex 81.3873 -68.0152 1.3
      vertex 86.9331 -53.5452 1.3
    endloop
  endfacet
  facet normal 0 0 1
    outer loop
      vertex 69.8705 -100.443 1.3
      vertex 66.184 -100.765 1.3
      vertex 66.4196 -103.455 1.3
    endloop
  endfacet
  facet normal 0 0 1
    outer loop
      vertex 68.388 -83.5072 1.3
      vertex 64.9381 -86.5191 1.3
      vertex 66.184 -100.765 1.3
    endloop
  endfacet
  facet normal 0 0 1
    outer loop
      vertex 68.388 -83.5072 1.3
      vertex 64.7025 -83.8297 1.3
      vertex 64.9381 -86.5191 1.3
    endloop
  endfacet
  facet normal 0 0 1
    outer loop
      vertex 81.3873 -68.0152 1.3
      vertex 64.558 -67.0659 1.3
      vertex 67.1422 -69.2621 1.3
    endloop
  endfacet
  facet normal 0 0 1
    outer loop
      vertex 63.4557 -69.5846 1.3
      vertex 67.1422 -69.2621 1.3
      vertex 64.558 -67.0659 1.3
    endloop
  endfacet
  facet normal 0 0 1
    outer loop
      vertex 63.4557 -69.5846 1.3
      vertex 64.558 -67.0659 1.3
      vertex 63.666 -67.3579 1.3
    endloop
  endfacet
  facet normal 0 0 1
    outer loop
      vertex 67.1422 -69.2621 1.3
      vertex 63.4557 -69.5846 1.3
      vertex 64.7025 -83.8297 1.3
    endloop
  endfacet
  facet normal 0 0 1
    outer loop
      vertex 63.666 -67.3579 1.3
      vertex 49.2106 -70.8304 1.3
      vertex 63.4557 -69.5846 1.3
    endloop
  endfacet
  facet normal 0 -0 1
    outer loop
      vertex 49.2106 -70.8304 1.3
      vertex 63.666 -67.3579 1.3
      vertex 48.202 -68.7103 1.3
    endloop
  endfacet
  facet normal -0 0 1
    outer loop
      vertex 89.9213 -103.937 1.3
      vertex 104.221 -106.637 1.3
      vertex 104.221 -103.937 1.3
    endloop
  endfacet
  facet normal 0 0 1
    outer loop
      vertex 104.221 -106.637 1.3
      vertex 89.9213 -103.937 1.3
      vertex 89.9213 -106.637 1.3
    endloop
  endfacet
  facet normal -0 0 1
    outer loop
      vertex 89.9213 -86.9371 1.3
      vertex 104.221 -89.6371 1.3
      vertex 104.221 -86.9371 1.3
    endloop
  endfacet
  facet normal 0 0 1
    outer loop
      vertex 104.221 -89.6371 1.3
      vertex 89.9213 -86.9371 1.3
      vertex 89.9213 -89.6371 1.3
    endloop
  endfacet
  facet normal -0 0 1
    outer loop
      vertex 89.9213 -69.9371 1.3
      vertex 104.221 -72.6371 1.3
      vertex 104.221 -69.9371 1.3
    endloop
  endfacet
  facet normal 0 0 1
    outer loop
      vertex 104.221 -72.6371 1.3
      vertex 89.9213 -69.9371 1.3
      vertex 89.9213 -72.6371 1.3
    endloop
  endfacet
  facet normal 0 0 1
    outer loop
      vertex 104.814 -47.9142 1.3
      vertex 89.9213 -55.6371 1.3
      vertex 104.221 -55.6371 1.3
    endloop
  endfacet
  facet normal 0 0 1
    outer loop
      vertex 87.297 -71.0431 1.3
      vertex 89.9213 -69.9371 1.3
      vertex 89.9213 -55.6371 1.3
    endloop
  endfacet
  facet normal 0 0 1
    outer loop
      vertex 89.9213 -69.9371 1.3
      vertex 87.321 -71.2869 1.3
      vertex 89.9213 -72.6371 1.3
    endloop
  endfacet
  facet normal -0 0 1
    outer loop
      vertex 87.297 -71.5308 1.3
      vertex 89.9213 -72.6371 1.3
      vertex 87.321 -71.2869 1.3
    endloop
  endfacet
  facet normal -0 0 1
    outer loop
      vertex 87.2258 -71.7653 1.3
      vertex 89.9213 -72.6371 1.3
      vertex 87.297 -71.5308 1.3
    endloop
  endfacet
  facet normal -0 0 1
    outer loop
      vertex 87.1103 -71.9814 1.3
      vertex 89.9213 -72.6371 1.3
      vertex 87.2258 -71.7653 1.3
    endloop
  endfacet
  facet normal -0 0 1
    outer loop
      vertex 86.7654 -72.3263 1.3
      vertex 89.9213 -72.6371 1.3
      vertex 86.9549 -72.1708 1.3
    endloop
  endfacet
  facet normal -0 0 1
    outer loop
      vertex 86.5493 -72.4418 1.3
      vertex 89.9213 -72.6371 1.3
      vertex 86.7654 -72.3263 1.3
    endloop
  endfacet
  facet normal -0 0 1
    outer loop
      vertex 87.356 -53.3554 1.3
      vertex 89.9213 -55.6371 1.3
      vertex 104.814 -47.9142 1.3
    endloop
  endfacet
  facet normal -0 0 1
    outer loop
      vertex 86.9331 -53.5452 1.3
      vertex 89.9213 -55.6371 1.3
      vertex 87.356 -53.3554 1.3
    endloop
  endfacet
  facet normal -0 0 1
    outer loop
      vertex 86.9549 -72.1708 1.3
      vertex 89.9213 -72.6371 1.3
      vertex 87.1103 -71.9814 1.3
    endloop
  endfacet
  facet normal -0 0 1
    outer loop
      vertex 86.3148 -72.5129 1.3
      vertex 89.9213 -72.6371 1.3
      vertex 86.5493 -72.4418 1.3
    endloop
  endfacet
  facet normal 0 0 1
    outer loop
      vertex 89.9213 -103.937 1.3
      vertex 87.0785 -133.067 1.3
      vertex 89.9213 -106.637 1.3
    endloop
  endfacet
  facet normal 0 0 1
    outer loop
      vertex 89.9213 -106.637 1.3
      vertex 87.0785 -133.067 1.3
      vertex 89.9213 -120.937 1.3
    endloop
  endfacet
  facet normal 0 0 1
    outer loop
      vertex 89.9213 -120.937 1.3
      vertex 87.0785 -133.067 1.3
      vertex 89.8769 -135.03 1.3
    endloop
  endfacet
  facet normal -0 0 1
    outer loop
      vertex 72.8334 -134.313 1.3
      vertex 89.8769 -135.03 1.3
      vertex 87.0785 -133.067 1.3
    endloop
  endfacet
  facet normal -0 0 1
    outer loop
      vertex 70.8764 -118.884 1.3
      vertex 71.5865 -120.068 1.3
      vertex 71.3519 -117.378 1.3
    endloop
  endfacet
  facet normal -0 0 1
    outer loop
      vertex 70.8524 -119.128 1.3
      vertex 71.5865 -120.068 1.3
      vertex 70.8764 -118.884 1.3
    endloop
  endfacet
  facet normal -0 0 1
    outer loop
      vertex 70.7812 -119.362 1.3
      vertex 71.5865 -120.068 1.3
      vertex 70.8524 -119.128 1.3
    endloop
  endfacet
  facet normal -0 0 1
    outer loop
      vertex 70.6657 -119.579 1.3
      vertex 71.5865 -120.068 1.3
      vertex 70.7812 -119.362 1.3
    endloop
  endfacet
  facet normal -0 0 1
    outer loop
      vertex 70.5103 -119.768 1.3
      vertex 71.5865 -120.068 1.3
      vertex 70.6657 -119.579 1.3
    endloop
  endfacet
  facet normal -0 0 1
    outer loop
      vertex 70.3208 -119.923 1.3
      vertex 71.5865 -120.068 1.3
      vertex 70.5103 -119.768 1.3
    endloop
  endfacet
  facet normal -0 0 1
    outer loop
      vertex 70.1047 -120.039 1.3
      vertex 71.5865 -120.068 1.3
      vertex 70.3208 -119.923 1.3
    endloop
  endfacet
  facet normal 0 0 1
    outer loop
      vertex 69.8702 -120.11 1.3
      vertex 71.5865 -120.068 1.3
      vertex 70.1047 -120.039 1.3
    endloop
  endfacet
  facet normal 0 0 1
    outer loop
      vertex 71.5865 -120.068 1.3
      vertex 69.8702 -120.11 1.3
      vertex 72.8334 -134.313 1.3
    endloop
  endfacet
  facet normal -0 0 1
    outer loop
      vertex 69.6264 -120.134 1.3
      vertex 72.8334 -134.313 1.3
      vertex 69.8702 -120.11 1.3
    endloop
  endfacet
  facet normal 0 0 1
    outer loop
      vertex 69.1479 -134.635 1.3
      vertex 69.6264 -120.134 1.3
      vertex 69.3825 -120.11 1.3
    endloop
  endfacet
  facet normal 0 0 1
    outer loop
      vertex 69.1479 -134.635 1.3
      vertex 69.3825 -120.11 1.3
      vertex 69.148 -120.039 1.3
    endloop
  endfacet
  facet normal 0 0 1
    outer loop
      vertex 69.6264 -120.134 1.3
      vertex 69.1479 -134.635 1.3
      vertex 72.8334 -134.313 1.3
    endloop
  endfacet
  facet normal 0 0 1
    outer loop
      vertex 54.2764 -138.145 1.3
      vertex 72.8334 -134.313 1.3
      vertex 69.1479 -134.635 1.3
    endloop
  endfacet
  facet normal 0 0 1
    outer loop
      vertex 54.2764 -138.145 1.3
      vertex 69.1479 -134.635 1.3
      vertex 54.9017 -135.882 1.3
    endloop
  endfacet
  facet normal 0 0 1
    outer loop
      vertex 72.8334 -134.313 1.3
      vertex 54.2764 -138.145 1.3
      vertex 89.8769 -135.03 1.3
    endloop
  endfacet
  facet normal 0 0 1
    outer loop
      vertex 52.2396 -136.437 1.3
      vertex 54.9017 -135.882 1.3
      vertex 53.6559 -121.636 1.3
    endloop
  endfacet
  facet normal 0 0 1
    outer loop
      vertex 52.2396 -136.437 1.3
      vertex 53.6559 -121.636 1.3
      vertex 53.4203 -118.947 1.3
    endloop
  endfacet
  facet normal 0 -0 1
    outer loop
      vertex 52.9041 -137.713 1.3
      vertex 54.9017 -135.882 1.3
      vertex 52.2396 -136.437 1.3
    endloop
  endfacet
  facet normal 0 0 1
    outer loop
      vertex 54.9017 -135.882 1.3
      vertex 52.9041 -137.713 1.3
      vertex 54.2764 -138.145 1.3
    endloop
  endfacet
  facet normal 0 0 1
    outer loop
      vertex 52.1734 -104.702 1.3
      vertex 52.2396 -136.437 1.3
      vertex 53.4203 -118.947 1.3
    endloop
  endfacet
  facet normal 0 0 1
    outer loop
      vertex 51.9388 -102.011 1.3
      vertex 52.2396 -136.437 1.3
      vertex 52.1734 -104.702 1.3
    endloop
  endfacet
  facet normal 0 0 1
    outer loop
      vertex 46.4928 -70.7471 1.3
      vertex 51.9388 -102.011 1.3
      vertex 50.692 -87.766 1.3
    endloop
  endfacet
  facet normal 0 0 1
    outer loop
      vertex 46.4928 -70.7471 1.3
      vertex 50.692 -87.766 1.3
      vertex 50.4564 -85.0766 1.3
    endloop
  endfacet
  facet normal 0 0 1
    outer loop
      vertex 46.4928 -70.7471 1.3
      vertex 50.4564 -85.0766 1.3
      vertex 49.2106 -70.8304 1.3
    endloop
  endfacet
  facet normal -0 0 1
    outer loop
      vertex 46.9252 -69.3749 1.3
      vertex 49.2106 -70.8304 1.3
      vertex 48.202 -68.7103 1.3
    endloop
  endfacet
  facet normal 0 0 1
    outer loop
      vertex 49.2106 -70.8304 1.3
      vertex 46.9252 -69.3749 1.3
      vertex 46.4928 -70.7471 1.3
    endloop
  endfacet
  facet normal 0 0 1
    outer loop
      vertex 51.9388 -102.011 1.3
      vertex 46.4928 -70.7471 1.3
      vertex 52.2396 -136.437 1.3
    endloop
  endfacet
  facet normal 0 0 1
    outer loop
      vertex 84.1156 -99.1959 1.3
      vertex 70.1051 -103.132 1.3
      vertex 84.3512 -101.886 1.3
    endloop
  endfacet
  facet normal -0 0 1
    outer loop
      vertex 69.8705 -100.443 1.3
      vertex 70.1051 -103.132 1.3
      vertex 84.1156 -99.1959 1.3
    endloop
  endfacet
  facet normal 0 0 1
    outer loop
      vertex 66.4196 -103.455 1.3
      vertex 70.1051 -103.132 1.3
      vertex 69.8705 -100.443 1.3
    endloop
  endfacet
  facet normal 0 -0 1
    outer loop
      vertex 69.6264 -117.634 1.3
      vertex 70.1051 -103.132 1.3
      vertex 66.4196 -103.455 1.3
    endloop
  endfacet
  facet normal 0 0 1
    outer loop
      vertex 71.3519 -117.378 1.3
      vertex 69.8702 -117.658 1.3
      vertex 70.1047 -117.729 1.3
    endloop
  endfacet
  facet normal 0 0 1
    outer loop
      vertex 71.3519 -117.378 1.3
      vertex 69.6264 -117.634 1.3
      vertex 69.8702 -117.658 1.3
    endloop
  endfacet
  facet normal 0 0 1
    outer loop
      vertex 69.6264 -117.634 1.3
      vertex 66.4196 -103.455 1.3
      vertex 69.3825 -117.658 1.3
    endloop
  endfacet
  facet normal 0 -0 1
    outer loop
      vertex 67.6654 -117.701 1.3
      vertex 69.3825 -117.658 1.3
      vertex 66.4196 -103.455 1.3
    endloop
  endfacet
  facet normal 0 0 1
    outer loop
      vertex 69.3825 -117.658 1.3
      vertex 67.6654 -117.701 1.3
      vertex 69.148 -117.729 1.3
    endloop
  endfacet
  facet normal 0 0 1
    outer loop
      vertex 66.184 -100.765 1.3
      vertex 69.8705 -100.443 1.3
      vertex 68.6236 -86.1966 1.3
    endloop
  endfacet
  facet normal 0 0 1
    outer loop
      vertex 69.148 -117.729 1.3
      vertex 67.6654 -117.701 1.3
      vertex 68.9319 -117.845 1.3
    endloop
  endfacet
  facet normal 0 0 1
    outer loop
      vertex 82.6342 -82.2614 1.3
      vertex 68.6236 -86.1966 1.3
      vertex 82.8698 -84.9508 1.3
    endloop
  endfacet
  facet normal 0 0 1
    outer loop
      vertex 68.9319 -117.845 1.3
      vertex 67.6654 -117.701 1.3
      vertex 68.7425 -118 1.3
    endloop
  endfacet
  facet normal 0 0 1
    outer loop
      vertex 68.7425 -118 1.3
      vertex 67.6654 -117.701 1.3
      vertex 68.587 -118.19 1.3
    endloop
  endfacet
  facet normal -0 0 1
    outer loop
      vertex 68.388 -83.5072 1.3
      vertex 68.6236 -86.1966 1.3
      vertex 82.6342 -82.2614 1.3
    endloop
  endfacet
  facet normal 0 0 1
    outer loop
      vertex 66.184 -100.765 1.3
      vertex 68.6236 -86.1966 1.3
      vertex 68.388 -83.5072 1.3
    endloop
  endfacet
  facet normal 0 0 1
    outer loop
      vertex 68.587 -118.19 1.3
      vertex 67.6654 -117.701 1.3
      vertex 68.4715 -118.406 1.3
    endloop
  endfacet
  facet normal 0 0 1
    outer loop
      vertex 68.4715 -118.406 1.3
      vertex 67.6654 -117.701 1.3
      vertex 68.4004 -118.64 1.3
    endloop
  endfacet
  facet normal 0 0 1
    outer loop
      vertex 68.3764 -118.884 1.3
      vertex 67.6654 -117.701 1.3
      vertex 67.901 -120.39 1.3
    endloop
  endfacet
  facet normal 0 0 1
    outer loop
      vertex 64.7025 -83.8297 1.3
      vertex 68.388 -83.5072 1.3
      vertex 67.1422 -69.2621 1.3
    endloop
  endfacet
  facet normal 0 0 1
    outer loop
      vertex 68.4004 -118.64 1.3
      vertex 67.6654 -117.701 1.3
      vertex 68.3764 -118.884 1.3
    endloop
  endfacet
  facet normal -0 0 1
    outer loop
      vertex 107.921 -115.327 1.3
      vertex 122.221 -118.027 1.3
      vertex 122.221 -115.327 1.3
    endloop
  endfacet
  facet normal 0 0 1
    outer loop
      vertex 122.221 -118.027 1.3
      vertex 107.921 -115.327 1.3
      vertex 107.921 -118.027 1.3
    endloop
  endfacet
  facet normal -0 0 1
    outer loop
      vertex 107.921 -98.3268 1.3
      vertex 122.221 -101.027 1.3
      vertex 122.221 -98.3268 1.3
    endloop
  endfacet
  facet normal 0 0 1
    outer loop
      vertex 122.221 -101.027 1.3
      vertex 107.921 -98.3268 1.3
      vertex 107.921 -101.027 1.3
    endloop
  endfacet
  facet normal -0 0 1
    outer loop
      vertex 107.921 -81.3268 1.3
      vertex 122.221 -84.0268 1.3
      vertex 122.221 -81.3268 1.3
    endloop
  endfacet
  facet normal 0 0 1
    outer loop
      vertex 122.221 -84.0268 1.3
      vertex 107.921 -81.3268 1.3
      vertex 107.921 -84.0268 1.3
    endloop
  endfacet
  facet normal -0 0 1
    outer loop
      vertex 107.921 -64.3268 1.3
      vertex 122.221 -67.0268 1.3
      vertex 122.221 -64.3268 1.3
    endloop
  endfacet
  facet normal 0 0 1
    outer loop
      vertex 122.221 -67.0268 1.3
      vertex 107.921 -64.3268 1.3
      vertex 107.921 -67.0268 1.3
    endloop
  endfacet
  facet normal -0 0 1
    outer loop
      vertex 125.921 -120.937 1.3
      vertex 140.221 -123.637 1.3
      vertex 140.221 -120.937 1.3
    endloop
  endfacet
  facet normal 0 0 1
    outer loop
      vertex 140.221 -123.637 1.3
      vertex 125.921 -120.937 1.3
      vertex 125.921 -123.637 1.3
    endloop
  endfacet
  facet normal -0 0 1
    outer loop
      vertex 125.921 -103.937 1.3
      vertex 140.221 -106.637 1.3
      vertex 140.221 -103.937 1.3
    endloop
  endfacet
  facet normal 0 0 1
    outer loop
      vertex 140.221 -106.637 1.3
      vertex 125.921 -103.937 1.3
      vertex 125.921 -106.637 1.3
    endloop
  endfacet
  facet normal -0 0 1
    outer loop
      vertex 125.921 -86.9371 1.3
      vertex 140.221 -89.6371 1.3
      vertex 140.221 -86.9371 1.3
    endloop
  endfacet
  facet normal 0 0 1
    outer loop
      vertex 140.221 -89.6371 1.3
      vertex 125.921 -86.9371 1.3
      vertex 125.921 -89.6371 1.3
    endloop
  endfacet
  facet normal -0 0 1
    outer loop
      vertex 125.921 -69.9371 1.3
      vertex 140.221 -72.6371 1.3
      vertex 140.221 -69.9371 1.3
    endloop
  endfacet
  facet normal 0 0 1
    outer loop
      vertex 140.221 -72.6371 1.3
      vertex 125.921 -69.9371 1.3
      vertex 125.921 -72.6371 1.3
    endloop
  endfacet
  facet normal -0 0 1
    outer loop
      vertex 143.921 -106.437 1.3
      vertex 158.221 -109.137 1.3
      vertex 158.221 -106.437 1.3
    endloop
  endfacet
  facet normal 0 0 1
    outer loop
      vertex 158.221 -109.137 1.3
      vertex 143.921 -106.437 1.3
      vertex 143.921 -109.137 1.3
    endloop
  endfacet
  facet normal -0 0 1
    outer loop
      vertex 143.921 -89.4371 1.3
      vertex 158.221 -92.1371 1.3
      vertex 158.221 -89.4371 1.3
    endloop
  endfacet
  facet normal 0 0 1
    outer loop
      vertex 158.221 -92.1371 1.3
      vertex 143.921 -89.4371 1.3
      vertex 143.921 -92.1371 1.3
    endloop
  endfacet
  facet normal -0 0 1
    outer loop
      vertex 143.921 -72.4371 1.3
      vertex 158.221 -75.1371 1.3
      vertex 158.221 -72.4371 1.3
    endloop
  endfacet
  facet normal 0 0 1
    outer loop
      vertex 158.221 -75.1371 1.3
      vertex 143.921 -72.4371 1.3
      vertex 143.921 -75.1371 1.3
    endloop
  endfacet
  facet normal 0 0 1
    outer loop
      vertex 158.958 -55.5722 1.3
      vertex 143.921 -58.1371 1.3
      vertex 158.221 -58.1371 1.3
    endloop
  endfacet
  facet normal -0 0 1
    outer loop
      vertex 142.955 -71.6531 1.3
      vertex 143.921 -72.4371 1.3
      vertex 143.921 -58.1371 1.3
    endloop
  endfacet
  facet normal 0 -0 1
    outer loop
      vertex 143.321 -72.5369 1.3
      vertex 143.921 -72.4371 1.3
      vertex 143.297 -72.2931 1.3
    endloop
  endfacet
  facet normal 0 0 1
    outer loop
      vertex 143.226 -73.0153 1.3
      vertex 143.921 -72.4371 1.3
      vertex 143.297 -72.7808 1.3
    endloop
  endfacet
  facet normal 0 0 1
    outer loop
      vertex 143.921 -72.4371 1.3
      vertex 143.226 -73.0153 1.3
      vertex 143.921 -75.1371 1.3
    endloop
  endfacet
  facet normal -0 0 1
    outer loop
      vertex 143.11 -73.2314 1.3
      vertex 143.921 -75.1371 1.3
      vertex 143.226 -73.0153 1.3
    endloop
  endfacet
  facet normal -0 0 1
    outer loop
      vertex 142.955 -73.4208 1.3
      vertex 143.921 -75.1371 1.3
      vertex 143.11 -73.2314 1.3
    endloop
  endfacet
  facet normal -0 0 1
    outer loop
      vertex 142.765 -73.5763 1.3
      vertex 143.921 -75.1371 1.3
      vertex 142.955 -73.4208 1.3
    endloop
  endfacet
  facet normal 0 0 1
    outer loop
      vertex 143.297 -72.7808 1.3
      vertex 143.921 -72.4371 1.3
      vertex 143.321 -72.5369 1.3
    endloop
  endfacet
  facet normal 0 0 1
    outer loop
      vertex 143.921 -72.4371 1.3
      vertex 143.226 -72.0586 1.3
      vertex 143.297 -72.2931 1.3
    endloop
  endfacet
  facet normal 0 0 1
    outer loop
      vertex 143.921 -72.4371 1.3
      vertex 143.11 -71.8425 1.3
      vertex 143.226 -72.0586 1.3
    endloop
  endfacet
  facet normal 0 0 1
    outer loop
      vertex 143.921 -72.4371 1.3
      vertex 142.955 -71.6531 1.3
      vertex 143.11 -71.8425 1.3
    endloop
  endfacet
  facet normal 0 0 1
    outer loop
      vertex 143.921 -58.1371 1.3
      vertex 142.765 -71.4976 1.3
      vertex 142.955 -71.6531 1.3
    endloop
  endfacet
  facet normal 0 0 1
    outer loop
      vertex 143.921 -58.1371 1.3
      vertex 142.549 -71.3821 1.3
      vertex 142.765 -71.4976 1.3
    endloop
  endfacet
  facet normal -0 0 1
    outer loop
      vertex 140.221 -69.9371 1.3
      vertex 142.549 -71.3821 1.3
      vertex 143.921 -58.1371 1.3
    endloop
  endfacet
  facet normal 0 0 1
    outer loop
      vertex 142.549 -71.3821 1.3
      vertex 140.221 -69.9371 1.3
      vertex 142.315 -71.311 1.3
    endloop
  endfacet
  facet normal 0 0 1
    outer loop
      vertex 142.315 -71.311 1.3
      vertex 140.221 -69.9371 1.3
      vertex 142.071 -71.2869 1.3
    endloop
  endfacet
  facet normal 0 0 1
    outer loop
      vertex 142.071 -71.2869 1.3
      vertex 140.221 -69.9371 1.3
      vertex 141.827 -71.311 1.3
    endloop
  endfacet
  facet normal 0 0 1
    outer loop
      vertex 141.827 -71.311 1.3
      vertex 140.221 -69.9371 1.3
      vertex 141.593 -71.3821 1.3
    endloop
  endfacet
  facet normal 0 0 1
    outer loop
      vertex 141.593 -71.3821 1.3
      vertex 140.221 -69.9371 1.3
      vertex 141.377 -71.4976 1.3
    endloop
  endfacet
  facet normal 0 0 1
    outer loop
      vertex 141.377 -71.4976 1.3
      vertex 140.221 -69.9371 1.3
      vertex 141.187 -71.6531 1.3
    endloop
  endfacet
  facet normal 0 0 1
    outer loop
      vertex 141.187 -71.6531 1.3
      vertex 140.221 -69.9371 1.3
      vertex 141.032 -71.8425 1.3
    endloop
  endfacet
  facet normal 0 0 1
    outer loop
      vertex 141.032 -71.8425 1.3
      vertex 140.221 -69.9371 1.3
      vertex 140.916 -72.0586 1.3
    endloop
  endfacet
  facet normal 0 0 1
    outer loop
      vertex 140.221 -72.6371 1.3
      vertex 140.916 -72.0586 1.3
      vertex 140.221 -69.9371 1.3
    endloop
  endfacet
  facet normal 0 0 1
    outer loop
      vertex 140.221 -69.9371 1.3
      vertex 143.921 -58.1371 1.3
      vertex 140.221 -55.6371 1.3
    endloop
  endfacet
  facet normal 0 0 1
    outer loop
      vertex 158.958 -55.5722 1.3
      vertex 140.221 -55.6371 1.3
      vertex 143.921 -58.1371 1.3
    endloop
  endfacet
  facet normal 0 0 1
    outer loop
      vertex 125.266 -47.8756 1.3
      vertex 140.221 -55.6371 1.3
      vertex 158.958 -55.5722 1.3
    endloop
  endfacet
  facet normal -0 0 1
    outer loop
      vertex 122.221 -64.3268 1.3
      vertex 125.921 -69.9371 1.3
      vertex 125.921 -55.6371 1.3
    endloop
  endfacet
  facet normal -0 0 1
    outer loop
      vertex 122.221 -67.0268 1.3
      vertex 125.921 -69.9371 1.3
      vertex 122.221 -64.3268 1.3
    endloop
  endfacet
  facet normal 0 0 1
    outer loop
      vertex 122.221 -81.3268 1.3
      vertex 125.921 -72.6371 1.3
      vertex 122.221 -67.0268 1.3
    endloop
  endfacet
  facet normal 0 0 1
    outer loop
      vertex 125.921 -72.6371 1.3
      vertex 122.221 -81.3268 1.3
      vertex 125.921 -86.9371 1.3
    endloop
  endfacet
  facet normal 0 0 1
    outer loop
      vertex 125.921 -86.9371 1.3
      vertex 122.221 -84.0268 1.3
      vertex 125.921 -89.6371 1.3
    endloop
  endfacet
  facet normal 0 0 1
    outer loop
      vertex 122.221 -98.3268 1.3
      vertex 125.921 -89.6371 1.3
      vertex 122.221 -84.0268 1.3
    endloop
  endfacet
  facet normal -0 0 1
    outer loop
      vertex 122.221 -101.027 1.3
      vertex 125.921 -103.937 1.3
      vertex 122.221 -98.3268 1.3
    endloop
  endfacet
  facet normal 0 0 1
    outer loop
      vertex 125.921 -103.937 1.3
      vertex 122.221 -101.027 1.3
      vertex 125.921 -106.637 1.3
    endloop
  endfacet
  facet normal -0 0 1
    outer loop
      vertex 125.297 -122.531 1.3
      vertex 125.921 -123.637 1.3
      vertex 125.321 -122.287 1.3
    endloop
  endfacet
  facet normal 0 0 1
    outer loop
      vertex 125.921 -120.937 1.3
      vertex 125.321 -122.287 1.3
      vertex 125.921 -123.637 1.3
    endloop
  endfacet
  facet normal 0 0 1
    outer loop
      vertex 140.221 -55.6371 1.3
      vertex 125.266 -47.8756 1.3
      vertex 125.921 -55.6371 1.3
    endloop
  endfacet
  facet normal -0 0 1
    outer loop
      vertex 122.221 -50.0268 1.3
      vertex 125.921 -55.6371 1.3
      vertex 125.266 -47.8756 1.3
    endloop
  endfacet
  facet normal 0 0 1
    outer loop
      vertex 122.221 -115.327 1.3
      vertex 125.921 -106.637 1.3
      vertex 122.221 -101.027 1.3
    endloop
  endfacet
  facet normal 0 0 1
    outer loop
      vertex 125.921 -106.637 1.3
      vertex 122.221 -115.327 1.3
      vertex 125.921 -120.937 1.3
    endloop
  endfacet
  facet normal 0 -0 1
    outer loop
      vertex 125.297 -122.043 1.3
      vertex 125.921 -120.937 1.3
      vertex 125.226 -121.809 1.3
    endloop
  endfacet
  facet normal 0 0 1
    outer loop
      vertex 122.221 -50.0268 1.3
      vertex 125.266 -47.8756 1.3
      vertex 124.837 -47.8268 1.3
    endloop
  endfacet
  facet normal 0 -0 1
    outer loop
      vertex 125.321 -122.287 1.3
      vertex 125.921 -120.937 1.3
      vertex 125.297 -122.043 1.3
    endloop
  endfacet
  facet normal 0 0 1
    outer loop
      vertex 125.921 -120.937 1.3
      vertex 125.11 -121.592 1.3
      vertex 125.226 -121.809 1.3
    endloop
  endfacet
  facet normal -0 0 1
    outer loop
      vertex 122.221 -118.027 1.3
      vertex 125.921 -120.937 1.3
      vertex 122.221 -115.327 1.3
    endloop
  endfacet
  facet normal 0 0 1
    outer loop
      vertex 125.921 -120.937 1.3
      vertex 124.955 -121.403 1.3
      vertex 125.11 -121.592 1.3
    endloop
  endfacet
  facet normal 0 0 1
    outer loop
      vertex 125.921 -120.937 1.3
      vertex 124.765 -121.248 1.3
      vertex 124.955 -121.403 1.3
    endloop
  endfacet
  facet normal 0 -0 1
    outer loop
      vertex 124.315 -121.061 1.3
      vertex 125.921 -120.937 1.3
      vertex 122.221 -118.027 1.3
    endloop
  endfacet
  facet normal 0 0 1
    outer loop
      vertex 125.921 -120.937 1.3
      vertex 124.315 -121.061 1.3
      vertex 124.549 -121.132 1.3
    endloop
  endfacet
  facet normal 0 0 1
    outer loop
      vertex 124.315 -121.061 1.3
      vertex 122.221 -118.027 1.3
      vertex 124.071 -121.037 1.3
    endloop
  endfacet
  facet normal 0 0 1
    outer loop
      vertex 124.071 -121.037 1.3
      vertex 122.221 -118.027 1.3
      vertex 123.827 -121.061 1.3
    endloop
  endfacet
  facet normal 0 0 1
    outer loop
      vertex 123.827 -121.061 1.3
      vertex 122.221 -118.027 1.3
      vertex 123.593 -121.132 1.3
    endloop
  endfacet
  facet normal 0 0 1
    outer loop
      vertex 123.593 -121.132 1.3
      vertex 122.221 -118.027 1.3
      vertex 123.377 -121.248 1.3
    endloop
  endfacet
  facet normal 0 0 1
    outer loop
      vertex 123.377 -121.248 1.3
      vertex 122.221 -118.027 1.3
      vertex 123.187 -121.403 1.3
    endloop
  endfacet
  facet normal 0 0 1
    outer loop
      vertex 125.921 -55.6371 1.3
      vertex 122.221 -50.0268 1.3
      vertex 122.221 -64.3268 1.3
    endloop
  endfacet
  facet normal -0 0 1
    outer loop
      vertex 105.386 -47.8268 1.3
      vertex 122.221 -50.0268 1.3
      vertex 124.837 -47.8268 1.3
    endloop
  endfacet
  facet normal -0 0 1
    outer loop
      vertex 104.221 -55.6371 1.3
      vertex 107.921 -64.3268 1.3
      vertex 107.921 -50.0268 1.3
    endloop
  endfacet
  facet normal 0 0 1
    outer loop
      vertex 104.221 -69.9371 1.3
      vertex 107.921 -64.3268 1.3
      vertex 104.221 -55.6371 1.3
    endloop
  endfacet
  facet normal 0 0 1
    outer loop
      vertex 104.221 -72.6371 1.3
      vertex 107.921 -67.0268 1.3
      vertex 104.221 -69.9371 1.3
    endloop
  endfacet
  facet normal 0 0 1
    outer loop
      vertex 107.921 -67.0268 1.3
      vertex 104.221 -72.6371 1.3
      vertex 107.921 -81.3268 1.3
    endloop
  endfacet
  facet normal 0 0 1
    outer loop
      vertex 107.921 -81.3268 1.3
      vertex 104.221 -86.9371 1.3
      vertex 107.921 -84.0268 1.3
    endloop
  endfacet
  facet normal 0 0 1
    outer loop
      vertex 104.221 -89.6371 1.3
      vertex 107.921 -84.0268 1.3
      vertex 104.221 -86.9371 1.3
    endloop
  endfacet
  facet normal 0 0 1
    outer loop
      vertex 104.221 -103.937 1.3
      vertex 107.921 -98.3268 1.3
      vertex 104.221 -89.6371 1.3
    endloop
  endfacet
  facet normal 0 0 1
    outer loop
      vertex 107.921 -98.3268 1.3
      vertex 104.221 -103.937 1.3
      vertex 107.921 -101.027 1.3
    endloop
  endfacet
  facet normal -0 0 1
    outer loop
      vertex 104.814 -47.9142 1.3
      vertex 107.921 -50.0268 1.3
      vertex 105.386 -47.8268 1.3
    endloop
  endfacet
  facet normal 0 0 1
    outer loop
      vertex 122.221 -50.0268 1.3
      vertex 105.386 -47.8268 1.3
      vertex 107.921 -50.0268 1.3
    endloop
  endfacet
  facet normal -0 0 1
    outer loop
      vertex 158.221 -75.1371 1.3
      vertex 160.421 -102.317 1.3
      vertex 160.421 -57.4073 1.3
    endloop
  endfacet
  facet normal -0 0 1
    outer loop
      vertex 158.221 -92.1371 1.3
      vertex 160.421 -102.317 1.3
      vertex 158.221 -89.4371 1.3
    endloop
  endfacet
  facet normal 0 0 1
    outer loop
      vertex 158.221 -58.1371 1.3
      vertex 160.421 -57.4073 1.3
      vertex 160.011 -56.2338 1.3
    endloop
  endfacet
  facet normal 0 0 1
    outer loop
      vertex 178.221 -123.687 1.3
      vertex 168.675 -130.266 1.3
      vertex 168.699 -130.51 1.3
    endloop
  endfacet
  facet normal 0 0 1
    outer loop
      vertex 178.221 -123.687 1.3
      vertex 168.604 -130.032 1.3
      vertex 168.675 -130.266 1.3
    endloop
  endfacet
  facet normal 0 0 1
    outer loop
      vertex 178.221 -123.687 1.3
      vertex 168.489 -129.816 1.3
      vertex 168.604 -130.032 1.3
    endloop
  endfacet
  facet normal 0 0 1
    outer loop
      vertex 178.221 -123.687 1.3
      vertex 168.333 -129.626 1.3
      vertex 168.489 -129.816 1.3
    endloop
  endfacet
  facet normal 0 0 1
    outer loop
      vertex 178.221 -123.687 1.3
      vertex 168.144 -129.471 1.3
      vertex 168.333 -129.626 1.3
    endloop
  endfacet
  facet normal 0 0 1
    outer loop
      vertex 178.221 -123.687 1.3
      vertex 167.928 -129.355 1.3
      vertex 168.144 -129.471 1.3
    endloop
  endfacet
  facet normal 0 0 1
    outer loop
      vertex 178.221 -123.687 1.3
      vertex 167.693 -129.284 1.3
      vertex 167.928 -129.355 1.3
    endloop
  endfacet
  facet normal -0 0 1
    outer loop
      vertex 160.421 -123.687 1.3
      vertex 167.693 -129.284 1.3
      vertex 178.221 -123.687 1.3
    endloop
  endfacet
  facet normal 0 0 1
    outer loop
      vertex 167.693 -129.284 1.3
      vertex 160.421 -123.687 1.3
      vertex 167.449 -129.26 1.3
    endloop
  endfacet
  facet normal 0 0 1
    outer loop
      vertex 167.449 -129.26 1.3
      vertex 160.421 -123.687 1.3
      vertex 167.206 -129.284 1.3
    endloop
  endfacet
  facet normal 0 0 1
    outer loop
      vertex 166.223 -130.266 1.3
      vertex 161.828 -130.121 1.3
      vertex 166.199 -130.51 1.3
    endloop
  endfacet
  facet normal 0 0 1
    outer loop
      vertex 166.295 -130.032 1.3
      vertex 161.828 -130.121 1.3
      vertex 166.223 -130.266 1.3
    endloop
  endfacet
  facet normal 0 0 1
    outer loop
      vertex 166.41 -129.816 1.3
      vertex 161.828 -130.121 1.3
      vertex 166.295 -130.032 1.3
    endloop
  endfacet
  facet normal 0 0 1
    outer loop
      vertex 166.566 -129.626 1.3
      vertex 161.828 -130.121 1.3
      vertex 166.41 -129.816 1.3
    endloop
  endfacet
  facet normal 0 0 1
    outer loop
      vertex 160.421 -123.687 1.3
      vertex 166.566 -129.626 1.3
      vertex 166.755 -129.471 1.3
    endloop
  endfacet
  facet normal 0 0 1
    outer loop
      vertex 160.421 -123.687 1.3
      vertex 166.755 -129.471 1.3
      vertex 166.971 -129.355 1.3
    endloop
  endfacet
  facet normal 0 0 1
    outer loop
      vertex 167.206 -129.284 1.3
      vertex 160.421 -123.687 1.3
      vertex 166.971 -129.355 1.3
    endloop
  endfacet
  facet normal 0 0 1
    outer loop
      vertex 166.566 -129.626 1.3
      vertex 160.421 -123.687 1.3
      vertex 161.828 -130.121 1.3
    endloop
  endfacet
  facet normal 0 0 1
    outer loop
      vertex 158.221 -58.1371 1.3
      vertex 160.011 -56.2338 1.3
      vertex 158.958 -55.5722 1.3
    endloop
  endfacet
  facet normal 0 0 1
    outer loop
      vertex 160.421 -57.4073 1.3
      vertex 158.221 -58.1371 1.3
      vertex 158.221 -72.4371 1.3
    endloop
  endfacet
  facet normal 0 0 1
    outer loop
      vertex 160.421 -57.4073 1.3
      vertex 158.221 -72.4371 1.3
      vertex 158.221 -75.1371 1.3
    endloop
  endfacet
  facet normal 0 0 1
    outer loop
      vertex 160.421 -102.317 1.3
      vertex 158.221 -75.1371 1.3
      vertex 158.221 -89.4371 1.3
    endloop
  endfacet
  facet normal 0 0 1
    outer loop
      vertex 158.221 -106.437 1.3
      vertex 160.421 -102.317 1.3
      vertex 158.221 -92.1371 1.3
    endloop
  endfacet
  facet normal 0 0 1
    outer loop
      vertex 160.421 -102.317 1.3
      vertex 158.221 -106.437 1.3
      vertex 160.421 -108.887 1.3
    endloop
  endfacet
  facet normal 0 0 1
    outer loop
      vertex 158.221 -109.137 1.3
      vertex 160.421 -108.887 1.3
      vertex 158.221 -106.437 1.3
    endloop
  endfacet
  facet normal 0 0 1
    outer loop
      vertex 160.421 -108.887 1.3
      vertex 158.221 -109.137 1.3
      vertex 160.421 -123.687 1.3
    endloop
  endfacet
  facet normal -0 0 1
    outer loop
      vertex 158.221 -123.437 1.3
      vertex 160.421 -123.687 1.3
      vertex 158.221 -109.137 1.3
    endloop
  endfacet
  facet normal 0 0 1
    outer loop
      vertex 158.221 -123.437 1.3
      vertex 161.828 -130.121 1.3
      vertex 160.421 -123.687 1.3
    endloop
  endfacet
  facet normal 0 0 1
    outer loop
      vertex 158.221 -123.437 1.3
      vertex 148.015 -126.42 1.3
      vertex 161.828 -130.121 1.3
    endloop
  endfacet
  facet normal -0 0 1
    outer loop
      vertex 140.221 -123.637 1.3
      vertex 148.015 -126.42 1.3
      vertex 143.921 -123.437 1.3
    endloop
  endfacet
  facet normal -0 0 1
    outer loop
      vertex 143.921 -123.437 1.3
      vertex 148.015 -126.42 1.3
      vertex 158.221 -123.437 1.3
    endloop
  endfacet
  facet normal -0 0 1
    outer loop
      vertex 162.541 -104.437 1.3
      vertex 178.221 -108.887 1.3
      vertex 178.791 -104.437 1.3
    endloop
  endfacet
  facet normal 0 0 1
    outer loop
      vertex 162.541 -104.437 1.3
      vertex 160.421 -108.887 1.3
      vertex 178.221 -108.887 1.3
    endloop
  endfacet
  facet normal 0 0 1
    outer loop
      vertex 161.042 -103.816 1.3
      vertex 160.421 -108.887 1.3
      vertex 162.541 -104.437 1.3
    endloop
  endfacet
  facet normal 0 0 1
    outer loop
      vertex 160.421 -108.887 1.3
      vertex 161.042 -103.816 1.3
      vertex 160.421 -102.317 1.3
    endloop
  endfacet
  facet normal -0 0 1
    outer loop
      vertex 178.221 -108.887 1.3
      vertex 180.671 -125.61 1.3
      vertex 180.671 -106.317 1.3
    endloop
  endfacet
  facet normal 0 0 1
    outer loop
      vertex 178.791 -104.437 1.3
      vertex 180.671 -106.317 1.3
      vertex 180.121 -104.988 1.3
    endloop
  endfacet
  facet normal 0 0 1
    outer loop
      vertex 180.671 -106.317 1.3
      vertex 178.791 -104.437 1.3
      vertex 178.221 -108.887 1.3
    endloop
  endfacet
  facet normal 0 0 1
    outer loop
      vertex 180.671 -125.61 1.3
      vertex 178.221 -108.887 1.3
      vertex 178.221 -123.687 1.3
    endloop
  endfacet
  facet normal 0 0 1
    outer loop
      vertex 168.699 -130.51 1.3
      vertex 180.671 -125.61 1.3
      vertex 178.221 -123.687 1.3
    endloop
  endfacet
  facet normal 0 0 1
    outer loop
      vertex 180.671 -125.61 1.3
      vertex 168.699 -130.51 1.3
      vertex 168.675 -130.754 1.3
    endloop
  endfacet
  facet normal 0 0 1
    outer loop
      vertex 168.604 -130.988 1.3
      vertex 180.671 -125.61 1.3
      vertex 168.675 -130.754 1.3
    endloop
  endfacet
  facet normal 0 0 1
    outer loop
      vertex 180.671 -125.61 1.3
      vertex 168.604 -130.988 1.3
      vertex 180.323 -143.049 1.3
    endloop
  endfacet
  facet normal 0 0 1
    outer loop
      vertex 167.938 -135.899 1.3
      vertex 168.604 -130.988 1.3
      vertex 168.489 -131.205 1.3
    endloop
  endfacet
  facet normal 0 0 1
    outer loop
      vertex 167.938 -135.899 1.3
      vertex 168.489 -131.205 1.3
      vertex 168.333 -131.394 1.3
    endloop
  endfacet
  facet normal 0 0 1
    outer loop
      vertex 167.938 -135.899 1.3
      vertex 168.333 -131.394 1.3
      vertex 168.144 -131.549 1.3
    endloop
  endfacet
  facet normal 0 0 1
    outer loop
      vertex 168.604 -130.988 1.3
      vertex 167.938 -135.899 1.3
      vertex 180.323 -143.049 1.3
    endloop
  endfacet
  facet normal -0 0 1
    outer loop
      vertex 167.928 -131.665 1.3
      vertex 167.938 -135.899 1.3
      vertex 168.144 -131.549 1.3
    endloop
  endfacet
  facet normal -0 0 1
    outer loop
      vertex 167.693 -131.736 1.3
      vertex 167.938 -135.899 1.3
      vertex 167.928 -131.665 1.3
    endloop
  endfacet
  facet normal -0 0 1
    outer loop
      vertex 167.449 -131.76 1.3
      vertex 167.938 -135.899 1.3
      vertex 167.693 -131.736 1.3
    endloop
  endfacet
  facet normal 0 0 1
    outer loop
      vertex 167.206 -131.736 1.3
      vertex 167.938 -135.899 1.3
      vertex 167.449 -131.76 1.3
    endloop
  endfacet
  facet normal 0 0 1
    outer loop
      vertex 166.971 -131.665 1.3
      vertex 167.938 -135.899 1.3
      vertex 167.206 -131.736 1.3
    endloop
  endfacet
  facet normal 0 0 1
    outer loop
      vertex 166.755 -131.549 1.3
      vertex 167.938 -135.899 1.3
      vertex 166.971 -131.665 1.3
    endloop
  endfacet
  facet normal 0 0 1
    outer loop
      vertex 166.566 -131.394 1.3
      vertex 167.938 -135.899 1.3
      vertex 166.755 -131.549 1.3
    endloop
  endfacet
  facet normal 0 0 1
    outer loop
      vertex 161.828 -130.121 1.3
      vertex 166.566 -131.394 1.3
      vertex 166.41 -131.205 1.3
    endloop
  endfacet
  facet normal 0 0 1
    outer loop
      vertex 161.828 -130.121 1.3
      vertex 166.41 -131.205 1.3
      vertex 166.295 -130.988 1.3
    endloop
  endfacet
  facet normal 0 0 1
    outer loop
      vertex 161.828 -130.121 1.3
      vertex 166.223 -130.754 1.3
      vertex 166.199 -130.51 1.3
    endloop
  endfacet
  facet normal 0 0 1
    outer loop
      vertex 161.828 -130.121 1.3
      vertex 166.295 -130.988 1.3
      vertex 166.223 -130.754 1.3
    endloop
  endfacet
  facet normal 0 0 1
    outer loop
      vertex 166.566 -131.394 1.3
      vertex 161.828 -130.121 1.3
      vertex 167.938 -135.899 1.3
    endloop
  endfacet
  facet normal 0 0 1
    outer loop
      vertex 158.127 -143.934 1.3
      vertex 167.938 -135.899 1.3
      vertex 161.828 -130.121 1.3
    endloop
  endfacet
  facet normal 0 0 1
    outer loop
      vertex 167.938 -135.899 1.3
      vertex 158.127 -143.934 1.3
      vertex 160.788 -148.282 1.3
    endloop
  endfacet
  facet normal 0 0 1
    outer loop
      vertex 180.323 -143.049 1.3
      vertex 183.496 -141.031 1.3
      vertex 180.706 -125.988 1.3
    endloop
  endfacet
  facet normal 0 0 1
    outer loop
      vertex 180.323 -143.049 1.3
      vertex 180.706 -125.988 1.3
      vertex 180.671 -125.61 1.3
    endloop
  endfacet
  facet normal 0 0 1
    outer loop
      vertex 183.496 -141.031 1.3
      vertex 180.323 -143.049 1.3
      vertex 183.271 -142.343 1.3
    endloop
  endfacet
  facet normal -0 0 1
    outer loop
      vertex 180.323 -143.049 1.3
      vertex 174.51 -157.516 1.3
      vertex 183.271 -142.343 1.3
    endloop
  endfacet
  facet normal -0 0 1
    outer loop
      vertex 173.173 -155.432 1.3
      vertex 174.51 -157.516 1.3
      vertex 180.323 -143.049 1.3
    endloop
  endfacet
  facet normal 0 0 1
    outer loop
      vertex 174.51 -157.516 1.3
      vertex 173.173 -155.432 1.3
      vertex 173.519 -158.345 1.3
    endloop
  endfacet
  facet normal 0 0 1
    outer loop
      vertex 173.173 -155.432 1.3
      vertex 172.227 -158.339 1.3
      vertex 173.519 -158.345 1.3
    endloop
  endfacet
  facet normal 0 0 1
    outer loop
      vertex 160.788 -148.282 1.3
      vertex 172.227 -158.339 1.3
      vertex 173.173 -155.432 1.3
    endloop
  endfacet
  facet normal 0 0 1
    outer loop
      vertex 144.314 -140.233 1.3
      vertex 160.788 -148.282 1.3
      vertex 158.127 -143.934 1.3
    endloop
  endfacet
  facet normal 0 0 1
    outer loop
      vertex 123.305 -140.213 1.3
      vertex 160.788 -148.282 1.3
      vertex 144.314 -140.233 1.3
    endloop
  endfacet
  facet normal 0 0 1
    outer loop
      vertex 140.221 -103.937 1.3
      vertex 143.921 -92.1371 1.3
      vertex 140.221 -89.6371 1.3
    endloop
  endfacet
  facet normal 0 0 1
    outer loop
      vertex 143.921 -92.1371 1.3
      vertex 140.221 -103.937 1.3
      vertex 143.921 -106.437 1.3
    endloop
  endfacet
  facet normal -0 0 1
    outer loop
      vertex 142.549 -73.6918 1.3
      vertex 143.921 -75.1371 1.3
      vertex 142.765 -73.5763 1.3
    endloop
  endfacet
  facet normal 0 0 1
    outer loop
      vertex 140.221 -89.6371 1.3
      vertex 143.921 -89.4371 1.3
      vertex 140.221 -86.9371 1.3
    endloop
  endfacet
  facet normal 0 0 1
    outer loop
      vertex 143.921 -75.1371 1.3
      vertex 140.221 -86.9371 1.3
      vertex 143.921 -89.4371 1.3
    endloop
  endfacet
  facet normal -0 0 1
    outer loop
      vertex 142.315 -73.7629 1.3
      vertex 143.921 -75.1371 1.3
      vertex 142.549 -73.6918 1.3
    endloop
  endfacet
  facet normal 0 0 1
    outer loop
      vertex 140.221 -106.637 1.3
      vertex 143.921 -106.437 1.3
      vertex 140.221 -103.937 1.3
    endloop
  endfacet
  facet normal -0 0 1
    outer loop
      vertex 142.071 -73.7869 1.3
      vertex 143.921 -75.1371 1.3
      vertex 142.315 -73.7629 1.3
    endloop
  endfacet
  facet normal 0 0 1
    outer loop
      vertex 141.827 -73.7629 1.3
      vertex 143.921 -75.1371 1.3
      vertex 142.071 -73.7869 1.3
    endloop
  endfacet
  facet normal 0 0 1
    outer loop
      vertex 141.593 -73.6918 1.3
      vertex 143.921 -75.1371 1.3
      vertex 141.827 -73.7629 1.3
    endloop
  endfacet
  facet normal 0 0 1
    outer loop
      vertex 143.921 -75.1371 1.3
      vertex 141.593 -73.6918 1.3
      vertex 140.221 -86.9371 1.3
    endloop
  endfacet
  facet normal 0 0 1
    outer loop
      vertex 140.221 -86.9371 1.3
      vertex 141.593 -73.6918 1.3
      vertex 141.377 -73.5763 1.3
    endloop
  endfacet
  facet normal 0 0 1
    outer loop
      vertex 140.221 -86.9371 1.3
      vertex 141.377 -73.5763 1.3
      vertex 141.187 -73.4208 1.3
    endloop
  endfacet
  facet normal 0 0 1
    outer loop
      vertex 140.221 -72.6371 1.3
      vertex 141.187 -73.4208 1.3
      vertex 141.032 -73.2314 1.3
    endloop
  endfacet
  facet normal 0 0 1
    outer loop
      vertex 140.221 -72.6371 1.3
      vertex 141.032 -73.2314 1.3
      vertex 140.916 -73.0153 1.3
    endloop
  endfacet
  facet normal 0 0 1
    outer loop
      vertex 140.221 -72.6371 1.3
      vertex 140.916 -73.0153 1.3
      vertex 140.845 -72.7808 1.3
    endloop
  endfacet
  facet normal -0 0 1
    outer loop
      vertex 140.221 -72.6371 1.3
      vertex 140.845 -72.7808 1.3
      vertex 140.821 -72.5369 1.3
    endloop
  endfacet
  facet normal 0 0 1
    outer loop
      vertex 140.916 -72.0586 1.3
      vertex 140.221 -72.6371 1.3
      vertex 140.845 -72.2931 1.3
    endloop
  endfacet
  facet normal 0 0 1
    outer loop
      vertex 140.845 -72.2931 1.3
      vertex 140.221 -72.6371 1.3
      vertex 140.821 -72.5369 1.3
    endloop
  endfacet
  facet normal 0 0 1
    outer loop
      vertex 141.187 -73.4208 1.3
      vertex 140.221 -72.6371 1.3
      vertex 140.221 -86.9371 1.3
    endloop
  endfacet
  facet normal 0 0 1
    outer loop
      vertex 143.921 -89.4371 1.3
      vertex 140.221 -89.6371 1.3
      vertex 143.921 -92.1371 1.3
    endloop
  endfacet
  facet normal 0 0 1
    outer loop
      vertex 143.921 -106.437 1.3
      vertex 140.221 -106.637 1.3
      vertex 143.921 -109.137 1.3
    endloop
  endfacet
  facet normal 0 0 1
    outer loop
      vertex 140.221 -120.937 1.3
      vertex 143.921 -109.137 1.3
      vertex 140.221 -106.637 1.3
    endloop
  endfacet
  facet normal 0 0 1
    outer loop
      vertex 143.921 -109.137 1.3
      vertex 140.221 -120.937 1.3
      vertex 143.921 -123.437 1.3
    endloop
  endfacet
  facet normal 0 0 1
    outer loop
      vertex 140.221 -123.637 1.3
      vertex 143.921 -123.437 1.3
      vertex 140.221 -120.937 1.3
    endloop
  endfacet
  facet normal 0 0 1
    outer loop
      vertex 148.015 -126.42 1.3
      vertex 140.221 -123.637 1.3
      vertex 140.221 -137.937 1.3
    endloop
  endfacet
  facet normal 0 0 1
    outer loop
      vertex 148.015 -126.42 1.3
      vertex 140.221 -137.937 1.3
      vertex 144.314 -140.233 1.3
    endloop
  endfacet
  facet normal -0 0 1
    outer loop
      vertex 123.305 -140.213 1.3
      vertex 144.314 -140.233 1.3
      vertex 140.221 -137.937 1.3
    endloop
  endfacet
  facet normal 0 0 1
    outer loop
      vertex 123.305 -140.213 1.3
      vertex 140.221 -137.937 1.3
      vertex 125.921 -137.937 1.3
    endloop
  endfacet
  facet normal -0 0 1
    outer loop
      vertex 125.226 -122.765 1.3
      vertex 125.921 -123.637 1.3
      vertex 125.297 -122.531 1.3
    endloop
  endfacet
  facet normal -0 0 1
    outer loop
      vertex 125.11 -122.981 1.3
      vertex 125.921 -123.637 1.3
      vertex 125.226 -122.765 1.3
    endloop
  endfacet
  facet normal -0 0 1
    outer loop
      vertex 124.955 -123.171 1.3
      vertex 125.921 -123.637 1.3
      vertex 125.11 -122.981 1.3
    endloop
  endfacet
  facet normal -0 0 1
    outer loop
      vertex 124.765 -123.326 1.3
      vertex 125.921 -123.637 1.3
      vertex 124.955 -123.171 1.3
    endloop
  endfacet
  facet normal -0 0 1
    outer loop
      vertex 124.549 -123.442 1.3
      vertex 125.921 -123.637 1.3
      vertex 124.765 -123.326 1.3
    endloop
  endfacet
  facet normal -0 0 1
    outer loop
      vertex 124.315 -123.513 1.3
      vertex 125.921 -123.637 1.3
      vertex 124.549 -123.442 1.3
    endloop
  endfacet
  facet normal 0 0 1
    outer loop
      vertex 125.921 -123.637 1.3
      vertex 124.315 -123.513 1.3
      vertex 122.221 -132.327 1.3
    endloop
  endfacet
  facet normal 0 0 1
    outer loop
      vertex 122.221 -132.327 1.3
      vertex 124.315 -123.513 1.3
      vertex 124.071 -123.537 1.3
    endloop
  endfacet
  facet normal 0 0 1
    outer loop
      vertex 122.221 -132.327 1.3
      vertex 124.071 -123.537 1.3
      vertex 123.827 -123.513 1.3
    endloop
  endfacet
  facet normal 0 0 1
    outer loop
      vertex 122.221 -132.327 1.3
      vertex 123.827 -123.513 1.3
      vertex 123.593 -123.442 1.3
    endloop
  endfacet
  facet normal 0 0 1
    outer loop
      vertex 122.221 -132.327 1.3
      vertex 123.593 -123.442 1.3
      vertex 123.377 -123.326 1.3
    endloop
  endfacet
  facet normal 0 0 1
    outer loop
      vertex 160.788 -148.282 1.3
      vertex 123.305 -140.213 1.3
      vertex 172.227 -158.339 1.3
    endloop
  endfacet
  facet normal 0 0 1
    outer loop
      vertex 125.921 -123.637 1.3
      vertex 122.221 -132.327 1.3
      vertex 125.921 -137.937 1.3
    endloop
  endfacet
  facet normal 0 0 1
    outer loop
      vertex 122.221 -132.327 1.3
      vertex 123.377 -123.326 1.3
      vertex 123.187 -123.171 1.3
    endloop
  endfacet
  facet normal 0 0 1
    outer loop
      vertex 122.221 -132.327 1.3
      vertex 123.187 -123.171 1.3
      vertex 123.032 -122.981 1.3
    endloop
  endfacet
  facet normal 0 0 1
    outer loop
      vertex 122.221 -132.327 1.3
      vertex 123.032 -122.981 1.3
      vertex 122.916 -122.765 1.3
    endloop
  endfacet
  facet normal 0 -0 1
    outer loop
      vertex 122.903 -140.109 1.3
      vertex 125.921 -137.937 1.3
      vertex 122.221 -132.327 1.3
    endloop
  endfacet
  facet normal 0 0 1
    outer loop
      vertex 122.221 -132.327 1.3
      vertex 122.916 -122.765 1.3
      vertex 122.845 -122.531 1.3
    endloop
  endfacet
  facet normal 0 0 1
    outer loop
      vertex 122.221 -132.327 1.3
      vertex 122.845 -122.531 1.3
      vertex 122.821 -122.287 1.3
    endloop
  endfacet
  facet normal 0 0 1
    outer loop
      vertex 125.921 -69.9371 1.3
      vertex 122.221 -67.0268 1.3
      vertex 125.921 -72.6371 1.3
    endloop
  endfacet
  facet normal -0 0 1
    outer loop
      vertex 122.221 -84.0268 1.3
      vertex 125.921 -86.9371 1.3
      vertex 122.221 -81.3268 1.3
    endloop
  endfacet
  facet normal 0 0 1
    outer loop
      vertex 125.921 -89.6371 1.3
      vertex 122.221 -98.3268 1.3
      vertex 125.921 -103.937 1.3
    endloop
  endfacet
  facet normal 0 0 1
    outer loop
      vertex 125.921 -120.937 1.3
      vertex 124.549 -121.132 1.3
      vertex 124.765 -121.248 1.3
    endloop
  endfacet
  facet normal 0 0 1
    outer loop
      vertex 123.187 -121.403 1.3
      vertex 122.221 -118.027 1.3
      vertex 123.032 -121.592 1.3
    endloop
  endfacet
  facet normal 0 0 1
    outer loop
      vertex 123.032 -121.592 1.3
      vertex 122.221 -118.027 1.3
      vertex 122.916 -121.809 1.3
    endloop
  endfacet
  facet normal 0 0 1
    outer loop
      vertex 122.916 -121.809 1.3
      vertex 122.221 -118.027 1.3
      vertex 122.845 -122.043 1.3
    endloop
  endfacet
  facet normal 0 0 1
    outer loop
      vertex 122.845 -122.043 1.3
      vertex 122.221 -118.027 1.3
      vertex 122.821 -122.287 1.3
    endloop
  endfacet
  facet normal 0 0 1
    outer loop
      vertex 122.221 -132.327 1.3
      vertex 122.821 -122.287 1.3
      vertex 122.221 -118.027 1.3
    endloop
  endfacet
  facet normal 0 0 1
    outer loop
      vertex 125.921 -137.937 1.3
      vertex 122.903 -140.109 1.3
      vertex 123.305 -140.213 1.3
    endloop
  endfacet
  facet normal -0 0 1
    outer loop
      vertex 107.921 -132.327 1.3
      vertex 122.903 -140.109 1.3
      vertex 122.221 -132.327 1.3
    endloop
  endfacet
  facet normal 0 0 1
    outer loop
      vertex 107.921 -50.0268 1.3
      vertex 104.814 -47.9142 1.3
      vertex 104.221 -55.6371 1.3
    endloop
  endfacet
  facet normal 0 0 1
    outer loop
      vertex 107.921 -64.3268 1.3
      vertex 104.221 -69.9371 1.3
      vertex 107.921 -67.0268 1.3
    endloop
  endfacet
  facet normal 0 0 1
    outer loop
      vertex 104.221 -86.9371 1.3
      vertex 107.921 -81.3268 1.3
      vertex 104.221 -72.6371 1.3
    endloop
  endfacet
  facet normal 0 0 1
    outer loop
      vertex 107.921 -84.0268 1.3
      vertex 104.221 -89.6371 1.3
      vertex 107.921 -98.3268 1.3
    endloop
  endfacet
  facet normal 0 0 1
    outer loop
      vertex 104.221 -106.637 1.3
      vertex 107.921 -101.027 1.3
      vertex 104.221 -103.937 1.3
    endloop
  endfacet
  facet normal 0 0 1
    outer loop
      vertex 107.921 -101.027 1.3
      vertex 104.221 -106.637 1.3
      vertex 107.921 -115.327 1.3
    endloop
  endfacet
  facet normal 0 0 1
    outer loop
      vertex 104.221 -120.937 1.3
      vertex 107.921 -115.327 1.3
      vertex 104.221 -106.637 1.3
    endloop
  endfacet
  facet normal 0 0 1
    outer loop
      vertex 107.921 -115.327 1.3
      vertex 104.221 -120.937 1.3
      vertex 107.921 -118.027 1.3
    endloop
  endfacet
  facet normal 0 0 1
    outer loop
      vertex 107.921 -118.027 1.3
      vertex 104.221 -120.937 1.3
      vertex 107.921 -132.327 1.3
    endloop
  endfacet
  facet normal 0 0 1
    outer loop
      vertex 107.921 -132.327 1.3
      vertex 90.3774 -135.048 1.3
      vertex 122.903 -140.109 1.3
    endloop
  endfacet
  facet normal 0 0 1
    outer loop
      vertex 104.221 -120.937 1.3
      vertex 90.3774 -135.048 1.3
      vertex 107.921 -132.327 1.3
    endloop
  endfacet
  facet normal -0 0 1
    outer loop
      vertex 89.9213 -120.937 1.3
      vertex 90.3774 -135.048 1.3
      vertex 104.221 -120.937 1.3
    endloop
  endfacet
  facet normal 0 0 1
    outer loop
      vertex 90.3774 -135.048 1.3
      vertex 89.9213 -120.937 1.3
      vertex 89.8769 -135.03 1.3
    endloop
  endfacet
  facet normal 0.866004 -0.500037 0
    outer loop
      vertex 174.51 -157.516 1.3
      vertex 183.271 -142.343 0
      vertex 183.271 -142.343 1.3
    endloop
  endfacet
  facet normal 0.866004 -0.500037 0
    outer loop
      vertex 183.271 -142.343 0
      vertex 174.51 -157.516 1.3
      vertex 174.51 -157.516 0
    endloop
  endfacet
  facet normal 0.985612 -0.169026 0
    outer loop
      vertex 183.271 -142.343 1.3
      vertex 183.496 -141.031 0
      vertex 183.496 -141.031 1.3
    endloop
  endfacet
  facet normal 0.985612 -0.169026 0
    outer loop
      vertex 183.496 -141.031 0
      vertex 183.271 -142.343 1.3
      vertex 183.271 -142.343 0
    endloop
  endfacet
  facet normal 0.983232 0.182358 0
    outer loop
      vertex 183.496 -141.031 1.3
      vertex 180.706 -125.988 0
      vertex 180.706 -125.988 1.3
    endloop
  endfacet
  facet normal 0.983232 0.182358 0
    outer loop
      vertex 180.706 -125.988 0
      vertex 183.496 -141.031 1.3
      vertex 183.496 -141.031 0
    endloop
  endfacet
  facet normal 0.995741 0.0921982 0
    outer loop
      vertex 180.706 -125.988 1.3
      vertex 180.671 -125.61 0
      vertex 180.671 -125.61 1.3
    endloop
  endfacet
  facet normal 0.995741 0.0921982 0
    outer loop
      vertex 180.671 -125.61 0
      vertex 180.706 -125.988 1.3
      vertex 180.706 -125.988 0
    endloop
  endfacet
  facet normal 1 -0 0
    outer loop
      vertex 180.671 -125.61 1.3
      vertex 180.671 -106.317 0
      vertex 180.671 -106.317 1.3
    endloop
  endfacet
  facet normal 1 0 0
    outer loop
      vertex 180.671 -106.317 0
      vertex 180.671 -125.61 1.3
      vertex 180.671 -125.61 0
    endloop
  endfacet
  facet normal 0.924 0.382393 0
    outer loop
      vertex 180.671 -106.317 1.3
      vertex 180.121 -104.988 0
      vertex 180.121 -104.988 1.3
    endloop
  endfacet
  facet normal 0.924 0.382393 0
    outer loop
      vertex 180.121 -104.988 0
      vertex 180.671 -106.317 1.3
      vertex 180.671 -106.317 0
    endloop
  endfacet
  facet normal 0.38274 0.923856 -0
    outer loop
      vertex 180.121 -104.988 0
      vertex 178.791 -104.437 1.3
      vertex 180.121 -104.988 1.3
    endloop
  endfacet
  facet normal 0.38274 0.923856 0
    outer loop
      vertex 178.791 -104.437 1.3
      vertex 180.121 -104.988 0
      vertex 178.791 -104.437 0
    endloop
  endfacet
  facet normal 0 1 -0
    outer loop
      vertex 178.791 -104.437 0
      vertex 162.541 -104.437 1.3
      vertex 178.791 -104.437 1.3
    endloop
  endfacet
  facet normal 0 1 0
    outer loop
      vertex 162.541 -104.437 1.3
      vertex 178.791 -104.437 0
      vertex 162.541 -104.437 0
    endloop
  endfacet
  facet normal 0.382733 0.923859 -0
    outer loop
      vertex 162.541 -104.437 0
      vertex 161.042 -103.816 1.3
      vertex 162.541 -104.437 1.3
    endloop
  endfacet
  facet normal 0.382733 0.923859 0
    outer loop
      vertex 161.042 -103.816 1.3
      vertex 162.541 -104.437 0
      vertex 161.042 -103.816 0
    endloop
  endfacet
  facet normal 0.923859 0.382733 0
    outer loop
      vertex 161.042 -103.816 1.3
      vertex 160.421 -102.317 0
      vertex 160.421 -102.317 1.3
    endloop
  endfacet
  facet normal 0.923859 0.382733 0
    outer loop
      vertex 160.421 -102.317 0
      vertex 161.042 -103.816 1.3
      vertex 161.042 -103.816 0
    endloop
  endfacet
  facet normal 1 -0 0
    outer loop
      vertex 160.421 -102.317 1.3
      vertex 160.421 -57.4073 0
      vertex 160.421 -57.4073 1.3
    endloop
  endfacet
  facet normal 1 0 0
    outer loop
      vertex 160.421 -57.4073 0
      vertex 160.421 -102.317 1.3
      vertex 160.421 -102.317 0
    endloop
  endfacet
  facet normal 0.94404 0.329831 0
    outer loop
      vertex 160.421 -57.4073 1.3
      vertex 160.011 -56.2338 0
      vertex 160.011 -56.2338 1.3
    endloop
  endfacet
  facet normal 0.94404 0.329831 0
    outer loop
      vertex 160.011 -56.2338 0
      vertex 160.421 -57.4073 1.3
      vertex 160.421 -57.4073 0
    endloop
  endfacet
  facet normal 0.532007 0.84674 -0
    outer loop
      vertex 160.011 -56.2338 0
      vertex 158.958 -55.5722 1.3
      vertex 160.011 -56.2338 1.3
    endloop
  endfacet
  facet normal 0.532007 0.84674 0
    outer loop
      vertex 158.958 -55.5722 1.3
      vertex 160.011 -56.2338 0
      vertex 158.958 -55.5722 0
    endloop
  endfacet
  facet normal 0.222703 0.974886 -0
    outer loop
      vertex 158.958 -55.5722 0
      vertex 125.266 -47.8756 1.3
      vertex 158.958 -55.5722 1.3
    endloop
  endfacet
  facet normal 0.222703 0.974886 0
    outer loop
      vertex 125.266 -47.8756 1.3
      vertex 158.958 -55.5722 0
      vertex 125.266 -47.8756 0
    endloop
  endfacet
  facet normal 0.113024 0.993592 -0
    outer loop
      vertex 125.266 -47.8756 0
      vertex 124.837 -47.8268 1.3
      vertex 125.266 -47.8756 1.3
    endloop
  endfacet
  facet normal 0.113024 0.993592 0
    outer loop
      vertex 124.837 -47.8268 1.3
      vertex 125.266 -47.8756 0
      vertex 124.837 -47.8268 0
    endloop
  endfacet
  facet normal 0 1 -0
    outer loop
      vertex 124.837 -47.8268 0
      vertex 105.386 -47.8268 1.3
      vertex 124.837 -47.8268 1.3
    endloop
  endfacet
  facet normal 0 1 0
    outer loop
      vertex 105.386 -47.8268 1.3
      vertex 124.837 -47.8268 0
      vertex 105.386 -47.8268 0
    endloop
  endfacet
  facet normal -0.151044 0.988527 0
    outer loop
      vertex 105.386 -47.8268 0
      vertex 104.814 -47.9142 1.3
      vertex 105.386 -47.8268 1.3
    endloop
  endfacet
  facet normal -0.151044 0.988527 0
    outer loop
      vertex 104.814 -47.9142 1.3
      vertex 105.386 -47.8268 0
      vertex 104.814 -47.9142 0
    endloop
  endfacet
  facet normal -0.297556 0.954704 0
    outer loop
      vertex 104.814 -47.9142 0
      vertex 87.356 -53.3554 1.3
      vertex 104.814 -47.9142 1.3
    endloop
  endfacet
  facet normal -0.297556 0.954704 0
    outer loop
      vertex 87.356 -53.3554 1.3
      vertex 104.814 -47.9142 0
      vertex 87.356 -53.3554 0
    endloop
  endfacet
  facet normal -0.409458 0.912329 0
    outer loop
      vertex 87.356 -53.3554 0
      vertex 86.9331 -53.5452 1.3
      vertex 87.356 -53.3554 1.3
    endloop
  endfacet
  facet normal -0.409458 0.912329 0
    outer loop
      vertex 86.9331 -53.5452 1.3
      vertex 87.356 -53.3554 0
      vertex 86.9331 -53.5452 0
    endloop
  endfacet
  facet normal -0.517183 0.855875 0
    outer loop
      vertex 86.9331 -53.5452 0
      vertex 64.558 -67.0659 1.3
      vertex 86.9331 -53.5452 1.3
    endloop
  endfacet
  facet normal -0.517183 0.855875 0
    outer loop
      vertex 64.558 -67.0659 1.3
      vertex 86.9331 -53.5452 0
      vertex 64.558 -67.0659 0
    endloop
  endfacet
  facet normal -0.311109 0.950374 0
    outer loop
      vertex 64.558 -67.0659 0
      vertex 63.666 -67.3579 1.3
      vertex 64.558 -67.0659 1.3
    endloop
  endfacet
  facet normal -0.311109 0.950374 0
    outer loop
      vertex 63.666 -67.3579 1.3
      vertex 64.558 -67.0659 0
      vertex 63.666 -67.3579 0
    endloop
  endfacet
  facet normal -0.0871222 0.996198 0
    outer loop
      vertex 63.666 -67.3579 0
      vertex 48.202 -68.7103 1.3
      vertex 63.666 -67.3579 1.3
    endloop
  endfacet
  facet normal -0.0871222 0.996198 0
    outer loop
      vertex 48.202 -68.7103 1.3
      vertex 63.666 -67.3579 0
      vertex 48.202 -68.7103 0
    endloop
  endfacet
  facet normal -0.461716 0.887028 0
    outer loop
      vertex 48.202 -68.7103 0
      vertex 46.9252 -69.3749 1.3
      vertex 48.202 -68.7103 1.3
    endloop
  endfacet
  facet normal -0.461716 0.887028 0
    outer loop
      vertex 46.9252 -69.3749 1.3
      vertex 48.202 -68.7103 0
      vertex 46.9252 -69.3749 0
    endloop
  endfacet
  facet normal -0.953767 0.300546 0
    outer loop
      vertex 46.4928 -70.7471 0
      vertex 46.9252 -69.3749 1.3
      vertex 46.9252 -69.3749 0
    endloop
  endfacet
  facet normal -0.953767 0.300546 0
    outer loop
      vertex 46.9252 -69.3749 1.3
      vertex 46.4928 -70.7471 0
      vertex 46.4928 -70.7471 1.3
    endloop
  endfacet
  facet normal -0.996195 -0.0871509 0
    outer loop
      vertex 52.2396 -136.437 0
      vertex 46.4928 -70.7471 1.3
      vertex 46.4928 -70.7471 0
    endloop
  endfacet
  facet normal -0.996195 -0.0871509 0
    outer loop
      vertex 46.4928 -70.7471 1.3
      vertex 52.2396 -136.437 0
      vertex 52.2396 -136.437 1.3
    endloop
  endfacet
  facet normal -0.886938 -0.461889 0
    outer loop
      vertex 52.9041 -137.713 0
      vertex 52.2396 -136.437 1.3
      vertex 52.2396 -136.437 0
    endloop
  endfacet
  facet normal -0.886938 -0.461889 0
    outer loop
      vertex 52.2396 -136.437 1.3
      vertex 52.9041 -137.713 0
      vertex 52.9041 -137.713 1.3
    endloop
  endfacet
  facet normal -0.300273 -0.953853 0
    outer loop
      vertex 52.9041 -137.713 0
      vertex 54.2764 -138.145 1.3
      vertex 52.9041 -137.713 1.3
    endloop
  endfacet
  facet normal -0.300273 -0.953853 -0
    outer loop
      vertex 54.2764 -138.145 1.3
      vertex 52.9041 -137.713 0
      vertex 54.2764 -138.145 0
    endloop
  endfacet
  facet normal 0.0871657 -0.996194 0
    outer loop
      vertex 54.2764 -138.145 0
      vertex 89.8769 -135.03 1.3
      vertex 54.2764 -138.145 1.3
    endloop
  endfacet
  facet normal 0.0871657 -0.996194 0
    outer loop
      vertex 89.8769 -135.03 1.3
      vertex 54.2764 -138.145 0
      vertex 89.8769 -135.03 0
    endloop
  endfacet
  facet normal -0.0359408 -0.999354 0
    outer loop
      vertex 89.8769 -135.03 0
      vertex 90.3774 -135.048 1.3
      vertex 89.8769 -135.03 1.3
    endloop
  endfacet
  facet normal -0.0359408 -0.999354 -0
    outer loop
      vertex 90.3774 -135.048 1.3
      vertex 89.8769 -135.03 0
      vertex 90.3774 -135.048 0
    endloop
  endfacet
  facet normal -0.15375 -0.98811 0
    outer loop
      vertex 90.3774 -135.048 0
      vertex 122.903 -140.109 1.3
      vertex 90.3774 -135.048 1.3
    endloop
  endfacet
  facet normal -0.15375 -0.98811 -0
    outer loop
      vertex 122.903 -140.109 1.3
      vertex 90.3774 -135.048 0
      vertex 122.903 -140.109 0
    endloop
  endfacet
  facet normal -0.250461 -0.968127 0
    outer loop
      vertex 122.903 -140.109 0
      vertex 123.305 -140.213 1.3
      vertex 122.903 -140.109 1.3
    endloop
  endfacet
  facet normal -0.250461 -0.968127 -0
    outer loop
      vertex 123.305 -140.213 1.3
      vertex 122.903 -140.109 0
      vertex 123.305 -140.213 0
    endloop
  endfacet
  facet normal -0.347428 -0.937707 0
    outer loop
      vertex 123.305 -140.213 0
      vertex 172.227 -158.339 1.3
      vertex 123.305 -140.213 1.3
    endloop
  endfacet
  facet normal -0.347428 -0.937707 -0
    outer loop
      vertex 172.227 -158.339 1.3
      vertex 123.305 -140.213 0
      vertex 172.227 -158.339 0
    endloop
  endfacet
  facet normal -0.00464391 -0.999989 0
    outer loop
      vertex 172.227 -158.339 0
      vertex 173.519 -158.345 1.3
      vertex 172.227 -158.339 1.3
    endloop
  endfacet
  facet normal -0.00464391 -0.999989 -0
    outer loop
      vertex 173.519 -158.345 1.3
      vertex 172.227 -158.339 0
      vertex 173.519 -158.345 0
    endloop
  endfacet
  facet normal 0.64163 -0.767015 0
    outer loop
      vertex 173.519 -158.345 0
      vertex 174.51 -157.516 1.3
      vertex 173.519 -158.345 1.3
    endloop
  endfacet
  facet normal 0.64163 -0.767015 0
    outer loop
      vertex 174.51 -157.516 1.3
      vertex 173.519 -158.345 0
      vertex 174.51 -157.516 0
    endloop
  endfacet
  facet normal 1 -0 0
    outer loop
      vertex 107.921 -64.3268 1.3
      vertex 107.921 -50.0268 0
      vertex 107.921 -50.0268 1.3
    endloop
  endfacet
  facet normal 1 0 0
    outer loop
      vertex 107.921 -50.0268 0
      vertex 107.921 -64.3268 1.3
      vertex 107.921 -64.3268 0
    endloop
  endfacet
  facet normal 0 -1 0
    outer loop
      vertex 107.921 -50.0268 0
      vertex 122.221 -50.0268 1.3
      vertex 107.921 -50.0268 1.3
    endloop
  endfacet
  facet normal 0 -1 -0
    outer loop
      vertex 122.221 -50.0268 1.3
      vertex 107.921 -50.0268 0
      vertex 122.221 -50.0268 0
    endloop
  endfacet
  facet normal -1 0 0
    outer loop
      vertex 122.221 -64.3268 0
      vertex 122.221 -50.0268 1.3
      vertex 122.221 -50.0268 0
    endloop
  endfacet
  facet normal -1 -0 0
    outer loop
      vertex 122.221 -50.0268 1.3
      vertex 122.221 -64.3268 0
      vertex 122.221 -64.3268 1.3
    endloop
  endfacet
  facet normal 0 1 -0
    outer loop
      vertex 122.221 -64.3268 0
      vertex 107.921 -64.3268 1.3
      vertex 122.221 -64.3268 1.3
    endloop
  endfacet
  facet normal 0 1 0
    outer loop
      vertex 107.921 -64.3268 1.3
      vertex 122.221 -64.3268 0
      vertex 107.921 -64.3268 0
    endloop
  endfacet
  facet normal 1 -0 0
    outer loop
      vertex 125.921 -69.9371 1.3
      vertex 125.921 -55.6371 0
      vertex 125.921 -55.6371 1.3
    endloop
  endfacet
  facet normal 1 0 0
    outer loop
      vertex 125.921 -55.6371 0
      vertex 125.921 -69.9371 1.3
      vertex 125.921 -69.9371 0
    endloop
  endfacet
  facet normal 0 -1 0
    outer loop
      vertex 125.921 -55.6371 0
      vertex 140.221 -55.6371 1.3
      vertex 125.921 -55.6371 1.3
    endloop
  endfacet
  facet normal 0 -1 -0
    outer loop
      vertex 140.221 -55.6371 1.3
      vertex 125.921 -55.6371 0
      vertex 140.221 -55.6371 0
    endloop
  endfacet
  facet normal -1 0 0
    outer loop
      vertex 140.221 -69.9371 0
      vertex 140.221 -55.6371 1.3
      vertex 140.221 -55.6371 0
    endloop
  endfacet
  facet normal -1 -0 0
    outer loop
      vertex 140.221 -55.6371 1.3
      vertex 140.221 -69.9371 0
      vertex 140.221 -69.9371 1.3
    endloop
  endfacet
  facet normal 0 1 -0
    outer loop
      vertex 140.221 -69.9371 0
      vertex 125.921 -69.9371 1.3
      vertex 140.221 -69.9371 1.3
    endloop
  endfacet
  facet normal 0 1 0
    outer loop
      vertex 125.921 -69.9371 1.3
      vertex 140.221 -69.9371 0
      vertex 125.921 -69.9371 0
    endloop
  endfacet
  facet normal 1 -0 0
    outer loop
      vertex 89.9213 -69.9371 1.3
      vertex 89.9213 -55.6371 0
      vertex 89.9213 -55.6371 1.3
    endloop
  endfacet
  facet normal 1 0 0
    outer loop
      vertex 89.9213 -55.6371 0
      vertex 89.9213 -69.9371 1.3
      vertex 89.9213 -69.9371 0
    endloop
  endfacet
  facet normal 0 -1 0
    outer loop
      vertex 89.9213 -55.6371 0
      vertex 104.221 -55.6371 1.3
      vertex 89.9213 -55.6371 1.3
    endloop
  endfacet
  facet normal 0 -1 -0
    outer loop
      vertex 104.221 -55.6371 1.3
      vertex 89.9213 -55.6371 0
      vertex 104.221 -55.6371 0
    endloop
  endfacet
  facet normal -1 0 0
    outer loop
      vertex 104.221 -69.9371 0
      vertex 104.221 -55.6371 1.3
      vertex 104.221 -55.6371 0
    endloop
  endfacet
  facet normal -1 -0 0
    outer loop
      vertex 104.221 -55.6371 1.3
      vertex 104.221 -69.9371 0
      vertex 104.221 -69.9371 1.3
    endloop
  endfacet
  facet normal 0 1 -0
    outer loop
      vertex 104.221 -69.9371 0
      vertex 89.9213 -69.9371 1.3
      vertex 104.221 -69.9371 1.3
    endloop
  endfacet
  facet normal 0 1 0
    outer loop
      vertex 89.9213 -69.9371 1.3
      vertex 104.221 -69.9371 0
      vertex 89.9213 -69.9371 0
    endloop
  endfacet
  facet normal 1 -0 0
    outer loop
      vertex 143.921 -72.4371 1.3
      vertex 143.921 -58.1371 0
      vertex 143.921 -58.1371 1.3
    endloop
  endfacet
  facet normal 1 0 0
    outer loop
      vertex 143.921 -58.1371 0
      vertex 143.921 -72.4371 1.3
      vertex 143.921 -72.4371 0
    endloop
  endfacet
  facet normal 0 -1 0
    outer loop
      vertex 143.921 -58.1371 0
      vertex 158.221 -58.1371 1.3
      vertex 143.921 -58.1371 1.3
    endloop
  endfacet
  facet normal 0 -1 -0
    outer loop
      vertex 158.221 -58.1371 1.3
      vertex 143.921 -58.1371 0
      vertex 158.221 -58.1371 0
    endloop
  endfacet
  facet normal -1 0 0
    outer loop
      vertex 158.221 -72.4371 0
      vertex 158.221 -58.1371 1.3
      vertex 158.221 -58.1371 0
    endloop
  endfacet
  facet normal -1 -0 0
    outer loop
      vertex 158.221 -58.1371 1.3
      vertex 158.221 -72.4371 0
      vertex 158.221 -72.4371 1.3
    endloop
  endfacet
  facet normal 0 1 -0
    outer loop
      vertex 158.221 -72.4371 0
      vertex 143.921 -72.4371 1.3
      vertex 158.221 -72.4371 1.3
    endloop
  endfacet
  facet normal 0 1 0
    outer loop
      vertex 143.921 -72.4371 1.3
      vertex 158.221 -72.4371 0
      vertex 143.921 -72.4371 0
    endloop
  endfacet
  facet normal 1 -0 0
    outer loop
      vertex 107.921 -81.3268 1.3
      vertex 107.921 -67.0268 0
      vertex 107.921 -67.0268 1.3
    endloop
  endfacet
  facet normal 1 0 0
    outer loop
      vertex 107.921 -67.0268 0
      vertex 107.921 -81.3268 1.3
      vertex 107.921 -81.3268 0
    endloop
  endfacet
  facet normal 0 -1 0
    outer loop
      vertex 107.921 -67.0268 0
      vertex 122.221 -67.0268 1.3
      vertex 107.921 -67.0268 1.3
    endloop
  endfacet
  facet normal 0 -1 -0
    outer loop
      vertex 122.221 -67.0268 1.3
      vertex 107.921 -67.0268 0
      vertex 122.221 -67.0268 0
    endloop
  endfacet
  facet normal -1 0 0
    outer loop
      vertex 122.221 -81.3268 0
      vertex 122.221 -67.0268 1.3
      vertex 122.221 -67.0268 0
    endloop
  endfacet
  facet normal -1 -0 0
    outer loop
      vertex 122.221 -67.0268 1.3
      vertex 122.221 -81.3268 0
      vertex 122.221 -81.3268 1.3
    endloop
  endfacet
  facet normal 0 1 -0
    outer loop
      vertex 122.221 -81.3268 0
      vertex 107.921 -81.3268 1.3
      vertex 122.221 -81.3268 1.3
    endloop
  endfacet
  facet normal 0 1 0
    outer loop
      vertex 107.921 -81.3268 1.3
      vertex 122.221 -81.3268 0
      vertex 107.921 -81.3268 0
    endloop
  endfacet
  facet normal 0.0871984 -0.996191 0
    outer loop
      vertex 67.1422 -69.2621 0
      vertex 81.3873 -68.0152 1.3
      vertex 67.1422 -69.2621 1.3
    endloop
  endfacet
  facet normal 0.0871984 -0.996191 0
    outer loop
      vertex 81.3873 -68.0152 1.3
      vertex 67.1422 -69.2621 0
      vertex 81.3873 -68.0152 0
    endloop
  endfacet
  facet normal -0.996192 -0.0871918 0
    outer loop
      vertex 82.6342 -82.2614 0
      vertex 81.3873 -68.0152 1.3
      vertex 81.3873 -68.0152 0
    endloop
  endfacet
  facet normal -0.996192 -0.0871918 0
    outer loop
      vertex 81.3873 -68.0152 1.3
      vertex 82.6342 -82.2614 0
      vertex 82.6342 -82.2614 1.3
    endloop
  endfacet
  facet normal -0.0871154 0.996198 0
    outer loop
      vertex 82.6342 -82.2614 0
      vertex 68.388 -83.5072 1.3
      vertex 82.6342 -82.2614 1.3
    endloop
  endfacet
  facet normal -0.0871154 0.996198 0
    outer loop
      vertex 68.388 -83.5072 1.3
      vertex 82.6342 -82.2614 0
      vertex 68.388 -83.5072 0
    endloop
  endfacet
  facet normal 0.996198 0.0871221 0
    outer loop
      vertex 68.388 -83.5072 1.3
      vertex 67.1422 -69.2621 0
      vertex 67.1422 -69.2621 1.3
    endloop
  endfacet
  facet normal 0.996198 0.0871221 0
    outer loop
      vertex 67.1422 -69.2621 0
      vertex 68.388 -83.5072 1.3
      vertex 68.388 -83.5072 0
    endloop
  endfacet
  facet normal 0.0871221 -0.996198 0
    outer loop
      vertex 49.2106 -70.8304 0
      vertex 63.4557 -69.5846 1.3
      vertex 49.2106 -70.8304 1.3
    endloop
  endfacet
  facet normal 0.0871221 -0.996198 0
    outer loop
      vertex 63.4557 -69.5846 1.3
      vertex 49.2106 -70.8304 0
      vertex 63.4557 -69.5846 0
    endloop
  endfacet
  facet normal -0.996192 -0.0871915 0
    outer loop
      vertex 64.7025 -83.8297 0
      vertex 63.4557 -69.5846 1.3
      vertex 63.4557 -69.5846 0
    endloop
  endfacet
  facet normal -0.996192 -0.0871915 0
    outer loop
      vertex 63.4557 -69.5846 1.3
      vertex 64.7025 -83.8297 0
      vertex 64.7025 -83.8297 1.3
    endloop
  endfacet
  facet normal -0.0871924 0.996191 0
    outer loop
      vertex 64.7025 -83.8297 0
      vertex 50.4564 -85.0766 1.3
      vertex 64.7025 -83.8297 1.3
    endloop
  endfacet
  facet normal -0.0871924 0.996191 0
    outer loop
      vertex 50.4564 -85.0766 1.3
      vertex 64.7025 -83.8297 0
      vertex 50.4564 -85.0766 0
    endloop
  endfacet
  facet normal 0.996198 0.0871154 0
    outer loop
      vertex 50.4564 -85.0766 1.3
      vertex 49.2106 -70.8304 0
      vertex 49.2106 -70.8304 1.3
    endloop
  endfacet
  facet normal 0.996198 0.0871154 0
    outer loop
      vertex 49.2106 -70.8304 0
      vertex 50.4564 -85.0766 1.3
      vertex 50.4564 -85.0766 0
    endloop
  endfacet
  facet normal 1 -0 0
    outer loop
      vertex 89.9213 -86.9371 1.3
      vertex 89.9213 -72.6371 0
      vertex 89.9213 -72.6371 1.3
    endloop
  endfacet
  facet normal 1 0 0
    outer loop
      vertex 89.9213 -72.6371 0
      vertex 89.9213 -86.9371 1.3
      vertex 89.9213 -86.9371 0
    endloop
  endfacet
  facet normal 0 -1 0
    outer loop
      vertex 89.9213 -72.6371 0
      vertex 104.221 -72.6371 1.3
      vertex 89.9213 -72.6371 1.3
    endloop
  endfacet
  facet normal 0 -1 -0
    outer loop
      vertex 104.221 -72.6371 1.3
      vertex 89.9213 -72.6371 0
      vertex 104.221 -72.6371 0
    endloop
  endfacet
  facet normal -1 0 0
    outer loop
      vertex 104.221 -86.9371 0
      vertex 104.221 -72.6371 1.3
      vertex 104.221 -72.6371 0
    endloop
  endfacet
  facet normal -1 -0 0
    outer loop
      vertex 104.221 -72.6371 1.3
      vertex 104.221 -86.9371 0
      vertex 104.221 -86.9371 1.3
    endloop
  endfacet
  facet normal 0 1 -0
    outer loop
      vertex 104.221 -86.9371 0
      vertex 89.9213 -86.9371 1.3
      vertex 104.221 -86.9371 1.3
    endloop
  endfacet
  facet normal 0 1 0
    outer loop
      vertex 89.9213 -86.9371 1.3
      vertex 104.221 -86.9371 0
      vertex 89.9213 -86.9371 0
    endloop
  endfacet
  facet normal 1 -0 0
    outer loop
      vertex 125.921 -86.9371 1.3
      vertex 125.921 -72.6371 0
      vertex 125.921 -72.6371 1.3
    endloop
  endfacet
  facet normal 1 0 0
    outer loop
      vertex 125.921 -72.6371 0
      vertex 125.921 -86.9371 1.3
      vertex 125.921 -86.9371 0
    endloop
  endfacet
  facet normal 0 -1 0
    outer loop
      vertex 125.921 -72.6371 0
      vertex 140.221 -72.6371 1.3
      vertex 125.921 -72.6371 1.3
    endloop
  endfacet
  facet normal 0 -1 -0
    outer loop
      vertex 140.221 -72.6371 1.3
      vertex 125.921 -72.6371 0
      vertex 140.221 -72.6371 0
    endloop
  endfacet
  facet normal -1 0 0
    outer loop
      vertex 140.221 -86.9371 0
      vertex 140.221 -72.6371 1.3
      vertex 140.221 -72.6371 0
    endloop
  endfacet
  facet normal -1 -0 0
    outer loop
      vertex 140.221 -72.6371 1.3
      vertex 140.221 -86.9371 0
      vertex 140.221 -86.9371 1.3
    endloop
  endfacet
  facet normal 0 1 -0
    outer loop
      vertex 140.221 -86.9371 0
      vertex 125.921 -86.9371 1.3
      vertex 140.221 -86.9371 1.3
    endloop
  endfacet
  facet normal 0 1 0
    outer loop
      vertex 125.921 -86.9371 1.3
      vertex 140.221 -86.9371 0
      vertex 125.921 -86.9371 0
    endloop
  endfacet
  facet normal 1 -0 0
    outer loop
      vertex 143.921 -89.4371 1.3
      vertex 143.921 -75.1371 0
      vertex 143.921 -75.1371 1.3
    endloop
  endfacet
  facet normal 1 0 0
    outer loop
      vertex 143.921 -75.1371 0
      vertex 143.921 -89.4371 1.3
      vertex 143.921 -89.4371 0
    endloop
  endfacet
  facet normal 0 -1 0
    outer loop
      vertex 143.921 -75.1371 0
      vertex 158.221 -75.1371 1.3
      vertex 143.921 -75.1371 1.3
    endloop
  endfacet
  facet normal 0 -1 -0
    outer loop
      vertex 158.221 -75.1371 1.3
      vertex 143.921 -75.1371 0
      vertex 158.221 -75.1371 0
    endloop
  endfacet
  facet normal -1 0 0
    outer loop
      vertex 158.221 -89.4371 0
      vertex 158.221 -75.1371 1.3
      vertex 158.221 -75.1371 0
    endloop
  endfacet
  facet normal -1 -0 0
    outer loop
      vertex 158.221 -75.1371 1.3
      vertex 158.221 -89.4371 0
      vertex 158.221 -89.4371 1.3
    endloop
  endfacet
  facet normal 0 1 -0
    outer loop
      vertex 158.221 -89.4371 0
      vertex 143.921 -89.4371 1.3
      vertex 158.221 -89.4371 1.3
    endloop
  endfacet
  facet normal 0 1 0
    outer loop
      vertex 143.921 -89.4371 1.3
      vertex 158.221 -89.4371 0
      vertex 143.921 -89.4371 0
    endloop
  endfacet
  facet normal 1 -0 0
    outer loop
      vertex 107.921 -98.3268 1.3
      vertex 107.921 -84.0268 0
      vertex 107.921 -84.0268 1.3
    endloop
  endfacet
  facet normal 1 0 0
    outer loop
      vertex 107.921 -84.0268 0
      vertex 107.921 -98.3268 1.3
      vertex 107.921 -98.3268 0
    endloop
  endfacet
  facet normal 0 -1 0
    outer loop
      vertex 107.921 -84.0268 0
      vertex 122.221 -84.0268 1.3
      vertex 107.921 -84.0268 1.3
    endloop
  endfacet
  facet normal 0 -1 -0
    outer loop
      vertex 122.221 -84.0268 1.3
      vertex 107.921 -84.0268 0
      vertex 122.221 -84.0268 0
    endloop
  endfacet
  facet normal -1 0 0
    outer loop
      vertex 122.221 -98.3268 0
      vertex 122.221 -84.0268 1.3
      vertex 122.221 -84.0268 0
    endloop
  endfacet
  facet normal -1 -0 0
    outer loop
      vertex 122.221 -84.0268 1.3
      vertex 122.221 -98.3268 0
      vertex 122.221 -98.3268 1.3
    endloop
  endfacet
  facet normal 0 1 -0
    outer loop
      vertex 122.221 -98.3268 0
      vertex 107.921 -98.3268 1.3
      vertex 122.221 -98.3268 1.3
    endloop
  endfacet
  facet normal 0 1 0
    outer loop
      vertex 107.921 -98.3268 1.3
      vertex 122.221 -98.3268 0
      vertex 107.921 -98.3268 0
    endloop
  endfacet
  facet normal 0.0871154 -0.996198 0
    outer loop
      vertex 68.6236 -86.1966 0
      vertex 82.8698 -84.9508 1.3
      vertex 68.6236 -86.1966 1.3
    endloop
  endfacet
  facet normal 0.0871154 -0.996198 0
    outer loop
      vertex 82.8698 -84.9508 1.3
      vertex 68.6236 -86.1966 0
      vertex 82.8698 -84.9508 0
    endloop
  endfacet
  facet normal -0.996198 -0.0871221 0
    outer loop
      vertex 84.1156 -99.1959 0
      vertex 82.8698 -84.9508 1.3
      vertex 82.8698 -84.9508 0
    endloop
  endfacet
  facet normal -0.996198 -0.0871221 0
    outer loop
      vertex 82.8698 -84.9508 1.3
      vertex 84.1156 -99.1959 0
      vertex 84.1156 -99.1959 1.3
    endloop
  endfacet
  facet normal -0.0872123 0.99619 0
    outer loop
      vertex 84.1156 -99.1959 0
      vertex 69.8705 -100.443 1.3
      vertex 84.1156 -99.1959 1.3
    endloop
  endfacet
  facet normal -0.0872123 0.99619 0
    outer loop
      vertex 69.8705 -100.443 1.3
      vertex 84.1156 -99.1959 0
      vertex 69.8705 -100.443 0
    endloop
  endfacet
  facet normal 0.996192 0.0871905 0
    outer loop
      vertex 69.8705 -100.443 1.3
      vertex 68.6236 -86.1966 0
      vertex 68.6236 -86.1966 1.3
    endloop
  endfacet
  facet normal 0.996192 0.0871905 0
    outer loop
      vertex 68.6236 -86.1966 0
      vertex 69.8705 -100.443 1.3
      vertex 69.8705 -100.443 0
    endloop
  endfacet
  facet normal 0.0871924 -0.996191 0
    outer loop
      vertex 50.692 -87.766 0
      vertex 64.9381 -86.5191 1.3
      vertex 50.692 -87.766 1.3
    endloop
  endfacet
  facet normal 0.0871924 -0.996191 0
    outer loop
      vertex 64.9381 -86.5191 1.3
      vertex 50.692 -87.766 0
      vertex 64.9381 -86.5191 0
    endloop
  endfacet
  facet normal -0.996197 -0.0871242 0
    outer loop
      vertex 66.184 -100.765 0
      vertex 64.9381 -86.5191 1.3
      vertex 64.9381 -86.5191 0
    endloop
  endfacet
  facet normal -0.996197 -0.0871242 0
    outer loop
      vertex 64.9381 -86.5191 1.3
      vertex 66.184 -100.765 0
      vertex 66.184 -100.765 1.3
    endloop
  endfacet
  facet normal -0.0871354 0.996196 0
    outer loop
      vertex 66.184 -100.765 0
      vertex 51.9388 -102.011 1.3
      vertex 66.184 -100.765 1.3
    endloop
  endfacet
  facet normal -0.0871354 0.996196 0
    outer loop
      vertex 51.9388 -102.011 1.3
      vertex 66.184 -100.765 0
      vertex 51.9388 -102.011 0
    endloop
  endfacet
  facet normal 0.996192 0.0871921 0
    outer loop
      vertex 51.9388 -102.011 1.3
      vertex 50.692 -87.766 0
      vertex 50.692 -87.766 1.3
    endloop
  endfacet
  facet normal 0.996192 0.0871921 0
    outer loop
      vertex 50.692 -87.766 0
      vertex 51.9388 -102.011 1.3
      vertex 51.9388 -102.011 0
    endloop
  endfacet
  facet normal 1 -0 0
    outer loop
      vertex 89.9213 -103.937 1.3
      vertex 89.9213 -89.6371 0
      vertex 89.9213 -89.6371 1.3
    endloop
  endfacet
  facet normal 1 0 0
    outer loop
      vertex 89.9213 -89.6371 0
      vertex 89.9213 -103.937 1.3
      vertex 89.9213 -103.937 0
    endloop
  endfacet
  facet normal 0 -1 0
    outer loop
      vertex 89.9213 -89.6371 0
      vertex 104.221 -89.6371 1.3
      vertex 89.9213 -89.6371 1.3
    endloop
  endfacet
  facet normal 0 -1 -0
    outer loop
      vertex 104.221 -89.6371 1.3
      vertex 89.9213 -89.6371 0
      vertex 104.221 -89.6371 0
    endloop
  endfacet
  facet normal -1 0 0
    outer loop
      vertex 104.221 -103.937 0
      vertex 104.221 -89.6371 1.3
      vertex 104.221 -89.6371 0
    endloop
  endfacet
  facet normal -1 -0 0
    outer loop
      vertex 104.221 -89.6371 1.3
      vertex 104.221 -103.937 0
      vertex 104.221 -103.937 1.3
    endloop
  endfacet
  facet normal 0 1 -0
    outer loop
      vertex 104.221 -103.937 0
      vertex 89.9213 -103.937 1.3
      vertex 104.221 -103.937 1.3
    endloop
  endfacet
  facet normal 0 1 0
    outer loop
      vertex 89.9213 -103.937 1.3
      vertex 104.221 -103.937 0
      vertex 89.9213 -103.937 0
    endloop
  endfacet
  facet normal 1 -0 0
    outer loop
      vertex 125.921 -103.937 1.3
      vertex 125.921 -89.6371 0
      vertex 125.921 -89.6371 1.3
    endloop
  endfacet
  facet normal 1 0 0
    outer loop
      vertex 125.921 -89.6371 0
      vertex 125.921 -103.937 1.3
      vertex 125.921 -103.937 0
    endloop
  endfacet
  facet normal 0 -1 0
    outer loop
      vertex 125.921 -89.6371 0
      vertex 140.221 -89.6371 1.3
      vertex 125.921 -89.6371 1.3
    endloop
  endfacet
  facet normal 0 -1 -0
    outer loop
      vertex 140.221 -89.6371 1.3
      vertex 125.921 -89.6371 0
      vertex 140.221 -89.6371 0
    endloop
  endfacet
  facet normal -1 0 0
    outer loop
      vertex 140.221 -103.937 0
      vertex 140.221 -89.6371 1.3
      vertex 140.221 -89.6371 0
    endloop
  endfacet
  facet normal -1 -0 0
    outer loop
      vertex 140.221 -89.6371 1.3
      vertex 140.221 -103.937 0
      vertex 140.221 -103.937 1.3
    endloop
  endfacet
  facet normal 0 1 -0
    outer loop
      vertex 140.221 -103.937 0
      vertex 125.921 -103.937 1.3
      vertex 140.221 -103.937 1.3
    endloop
  endfacet
  facet normal 0 1 0
    outer loop
      vertex 125.921 -103.937 1.3
      vertex 140.221 -103.937 0
      vertex 125.921 -103.937 0
    endloop
  endfacet
  facet normal 1 -0 0
    outer loop
      vertex 143.921 -106.437 1.3
      vertex 143.921 -92.1371 0
      vertex 143.921 -92.1371 1.3
    endloop
  endfacet
  facet normal 1 0 0
    outer loop
      vertex 143.921 -92.1371 0
      vertex 143.921 -106.437 1.3
      vertex 143.921 -106.437 0
    endloop
  endfacet
  facet normal 0 -1 0
    outer loop
      vertex 143.921 -92.1371 0
      vertex 158.221 -92.1371 1.3
      vertex 143.921 -92.1371 1.3
    endloop
  endfacet
  facet normal 0 -1 -0
    outer loop
      vertex 158.221 -92.1371 1.3
      vertex 143.921 -92.1371 0
      vertex 158.221 -92.1371 0
    endloop
  endfacet
  facet normal -1 0 0
    outer loop
      vertex 158.221 -106.437 0
      vertex 158.221 -92.1371 1.3
      vertex 158.221 -92.1371 0
    endloop
  endfacet
  facet normal -1 -0 0
    outer loop
      vertex 158.221 -92.1371 1.3
      vertex 158.221 -106.437 0
      vertex 158.221 -106.437 1.3
    endloop
  endfacet
  facet normal 0 1 -0
    outer loop
      vertex 158.221 -106.437 0
      vertex 143.921 -106.437 1.3
      vertex 158.221 -106.437 1.3
    endloop
  endfacet
  facet normal 0 1 0
    outer loop
      vertex 143.921 -106.437 1.3
      vertex 158.221 -106.437 0
      vertex 143.921 -106.437 0
    endloop
  endfacet
  facet normal 1 -0 0
    outer loop
      vertex 107.921 -115.327 1.3
      vertex 107.921 -101.027 0
      vertex 107.921 -101.027 1.3
    endloop
  endfacet
  facet normal 1 0 0
    outer loop
      vertex 107.921 -101.027 0
      vertex 107.921 -115.327 1.3
      vertex 107.921 -115.327 0
    endloop
  endfacet
  facet normal 0 -1 0
    outer loop
      vertex 107.921 -101.027 0
      vertex 122.221 -101.027 1.3
      vertex 107.921 -101.027 1.3
    endloop
  endfacet
  facet normal 0 -1 -0
    outer loop
      vertex 122.221 -101.027 1.3
      vertex 107.921 -101.027 0
      vertex 122.221 -101.027 0
    endloop
  endfacet
  facet normal -1 0 0
    outer loop
      vertex 122.221 -115.327 0
      vertex 122.221 -101.027 1.3
      vertex 122.221 -101.027 0
    endloop
  endfacet
  facet normal -1 -0 0
    outer loop
      vertex 122.221 -101.027 1.3
      vertex 122.221 -115.327 0
      vertex 122.221 -115.327 1.3
    endloop
  endfacet
  facet normal 0 1 -0
    outer loop
      vertex 122.221 -115.327 0
      vertex 107.921 -115.327 1.3
      vertex 122.221 -115.327 1.3
    endloop
  endfacet
  facet normal 0 1 0
    outer loop
      vertex 107.921 -115.327 1.3
      vertex 122.221 -115.327 0
      vertex 107.921 -115.327 0
    endloop
  endfacet
  facet normal 0.0871299 -0.996197 0
    outer loop
      vertex 70.1051 -103.132 0
      vertex 84.3512 -101.886 1.3
      vertex 70.1051 -103.132 1.3
    endloop
  endfacet
  facet normal 0.0871299 -0.996197 0
    outer loop
      vertex 84.3512 -101.886 1.3
      vertex 70.1051 -103.132 0
      vertex 84.3512 -101.886 0
    endloop
  endfacet
  facet normal -0.996197 -0.0871296 0
    outer loop
      vertex 85.5971 -116.131 0
      vertex 84.3512 -101.886 1.3
      vertex 84.3512 -101.886 0
    endloop
  endfacet
  facet normal -0.996197 -0.0871296 0
    outer loop
      vertex 84.3512 -101.886 1.3
      vertex 85.5971 -116.131 0
      vertex 85.5971 -116.131 1.3
    endloop
  endfacet
  facet normal -0.0872048 0.99619 0
    outer loop
      vertex 85.5971 -116.131 0
      vertex 71.3519 -117.378 1.3
      vertex 85.5971 -116.131 1.3
    endloop
  endfacet
  facet normal -0.0872048 0.99619 0
    outer loop
      vertex 71.3519 -117.378 1.3
      vertex 85.5971 -116.131 0
      vertex 71.3519 -117.378 0
    endloop
  endfacet
  facet normal 0.996192 0.087186 0
    outer loop
      vertex 71.3519 -117.378 1.3
      vertex 70.1051 -103.132 0
      vertex 70.1051 -103.132 1.3
    endloop
  endfacet
  facet normal 0.996192 0.087186 0
    outer loop
      vertex 70.1051 -103.132 0
      vertex 71.3519 -117.378 1.3
      vertex 71.3519 -117.378 0
    endloop
  endfacet
  facet normal 0.0871987 -0.996191 0
    outer loop
      vertex 52.1734 -104.702 0
      vertex 66.4196 -103.455 1.3
      vertex 52.1734 -104.702 1.3
    endloop
  endfacet
  facet normal 0.0871987 -0.996191 0
    outer loop
      vertex 66.4196 -103.455 1.3
      vertex 52.1734 -104.702 0
      vertex 66.4196 -103.455 0
    endloop
  endfacet
  facet normal -0.996198 -0.0871166 0
    outer loop
      vertex 67.6654 -117.701 0
      vertex 66.4196 -103.455 1.3
      vertex 66.4196 -103.455 0
    endloop
  endfacet
  facet normal -0.996198 -0.0871166 0
    outer loop
      vertex 66.4196 -103.455 1.3
      vertex 67.6654 -117.701 0
      vertex 67.6654 -117.701 1.3
    endloop
  endfacet
  facet normal -0.087136 0.996196 0
    outer loop
      vertex 67.6654 -117.701 0
      vertex 53.4203 -118.947 1.3
      vertex 67.6654 -117.701 1.3
    endloop
  endfacet
  facet normal -0.087136 0.996196 0
    outer loop
      vertex 53.4203 -118.947 1.3
      vertex 67.6654 -117.701 0
      vertex 53.4203 -118.947 0
    endloop
  endfacet
  facet normal 0.996191 0.087199 0
    outer loop
      vertex 53.4203 -118.947 1.3
      vertex 52.1734 -104.702 0
      vertex 52.1734 -104.702 1.3
    endloop
  endfacet
  facet normal 0.996191 0.087199 0
    outer loop
      vertex 52.1734 -104.702 0
      vertex 53.4203 -118.947 1.3
      vertex 53.4203 -118.947 0
    endloop
  endfacet
  facet normal 1 -0 0
    outer loop
      vertex 89.9213 -120.937 1.3
      vertex 89.9213 -106.637 0
      vertex 89.9213 -106.637 1.3
    endloop
  endfacet
  facet normal 1 0 0
    outer loop
      vertex 89.9213 -106.637 0
      vertex 89.9213 -120.937 1.3
      vertex 89.9213 -120.937 0
    endloop
  endfacet
  facet normal 0 -1 0
    outer loop
      vertex 89.9213 -106.637 0
      vertex 104.221 -106.637 1.3
      vertex 89.9213 -106.637 1.3
    endloop
  endfacet
  facet normal 0 -1 -0
    outer loop
      vertex 104.221 -106.637 1.3
      vertex 89.9213 -106.637 0
      vertex 104.221 -106.637 0
    endloop
  endfacet
  facet normal -1 0 0
    outer loop
      vertex 104.221 -120.937 0
      vertex 104.221 -106.637 1.3
      vertex 104.221 -106.637 0
    endloop
  endfacet
  facet normal -1 -0 0
    outer loop
      vertex 104.221 -106.637 1.3
      vertex 104.221 -120.937 0
      vertex 104.221 -120.937 1.3
    endloop
  endfacet
  facet normal 0 1 -0
    outer loop
      vertex 104.221 -120.937 0
      vertex 89.9213 -120.937 1.3
      vertex 104.221 -120.937 1.3
    endloop
  endfacet
  facet normal 0 1 0
    outer loop
      vertex 89.9213 -120.937 1.3
      vertex 104.221 -120.937 0
      vertex 89.9213 -120.937 0
    endloop
  endfacet
  facet normal 1 -0 0
    outer loop
      vertex 125.921 -120.937 1.3
      vertex 125.921 -106.637 0
      vertex 125.921 -106.637 1.3
    endloop
  endfacet
  facet normal 1 0 0
    outer loop
      vertex 125.921 -106.637 0
      vertex 125.921 -120.937 1.3
      vertex 125.921 -120.937 0
    endloop
  endfacet
  facet normal 0 -1 0
    outer loop
      vertex 125.921 -106.637 0
      vertex 140.221 -106.637 1.3
      vertex 125.921 -106.637 1.3
    endloop
  endfacet
  facet normal 0 -1 -0
    outer loop
      vertex 140.221 -106.637 1.3
      vertex 125.921 -106.637 0
      vertex 140.221 -106.637 0
    endloop
  endfacet
  facet normal -1 0 0
    outer loop
      vertex 140.221 -120.937 0
      vertex 140.221 -106.637 1.3
      vertex 140.221 -106.637 0
    endloop
  endfacet
  facet normal -1 -0 0
    outer loop
      vertex 140.221 -106.637 1.3
      vertex 140.221 -120.937 0
      vertex 140.221 -120.937 1.3
    endloop
  endfacet
  facet normal 0 1 -0
    outer loop
      vertex 140.221 -120.937 0
      vertex 125.921 -120.937 1.3
      vertex 140.221 -120.937 1.3
    endloop
  endfacet
  facet normal 0 1 0
    outer loop
      vertex 125.921 -120.937 1.3
      vertex 140.221 -120.937 0
      vertex 125.921 -120.937 0
    endloop
  endfacet
  facet normal 1 -0 0
    outer loop
      vertex 160.421 -123.687 1.3
      vertex 160.421 -108.887 0
      vertex 160.421 -108.887 1.3
    endloop
  endfacet
  facet normal 1 0 0
    outer loop
      vertex 160.421 -108.887 0
      vertex 160.421 -123.687 1.3
      vertex 160.421 -123.687 0
    endloop
  endfacet
  facet normal 0 -1 0
    outer loop
      vertex 160.421 -108.887 0
      vertex 178.221 -108.887 1.3
      vertex 160.421 -108.887 1.3
    endloop
  endfacet
  facet normal 0 -1 -0
    outer loop
      vertex 178.221 -108.887 1.3
      vertex 160.421 -108.887 0
      vertex 178.221 -108.887 0
    endloop
  endfacet
  facet normal -1 0 0
    outer loop
      vertex 178.221 -123.687 0
      vertex 178.221 -108.887 1.3
      vertex 178.221 -108.887 0
    endloop
  endfacet
  facet normal -1 -0 0
    outer loop
      vertex 178.221 -108.887 1.3
      vertex 178.221 -123.687 0
      vertex 178.221 -123.687 1.3
    endloop
  endfacet
  facet normal 0 1 -0
    outer loop
      vertex 178.221 -123.687 0
      vertex 160.421 -123.687 1.3
      vertex 178.221 -123.687 1.3
    endloop
  endfacet
  facet normal 0 1 0
    outer loop
      vertex 160.421 -123.687 1.3
      vertex 178.221 -123.687 0
      vertex 160.421 -123.687 0
    endloop
  endfacet
  facet normal 1 -0 0
    outer loop
      vertex 143.921 -123.437 1.3
      vertex 143.921 -109.137 0
      vertex 143.921 -109.137 1.3
    endloop
  endfacet
  facet normal 1 0 0
    outer loop
      vertex 143.921 -109.137 0
      vertex 143.921 -123.437 1.3
      vertex 143.921 -123.437 0
    endloop
  endfacet
  facet normal 0 -1 0
    outer loop
      vertex 143.921 -109.137 0
      vertex 158.221 -109.137 1.3
      vertex 143.921 -109.137 1.3
    endloop
  endfacet
  facet normal 0 -1 -0
    outer loop
      vertex 158.221 -109.137 1.3
      vertex 143.921 -109.137 0
      vertex 158.221 -109.137 0
    endloop
  endfacet
  facet normal -1 0 0
    outer loop
      vertex 158.221 -123.437 0
      vertex 158.221 -109.137 1.3
      vertex 158.221 -109.137 0
    endloop
  endfacet
  facet normal -1 -0 0
    outer loop
      vertex 158.221 -109.137 1.3
      vertex 158.221 -123.437 0
      vertex 158.221 -123.437 1.3
    endloop
  endfacet
  facet normal 0 1 -0
    outer loop
      vertex 158.221 -123.437 0
      vertex 143.921 -123.437 1.3
      vertex 158.221 -123.437 1.3
    endloop
  endfacet
  facet normal 0 1 0
    outer loop
      vertex 143.921 -123.437 1.3
      vertex 158.221 -123.437 0
      vertex 143.921 -123.437 0
    endloop
  endfacet
  facet normal 1 -0 0
    outer loop
      vertex 107.921 -132.327 1.3
      vertex 107.921 -118.027 0
      vertex 107.921 -118.027 1.3
    endloop
  endfacet
  facet normal 1 0 0
    outer loop
      vertex 107.921 -118.027 0
      vertex 107.921 -132.327 1.3
      vertex 107.921 -132.327 0
    endloop
  endfacet
  facet normal 0 -1 0
    outer loop
      vertex 107.921 -118.027 0
      vertex 122.221 -118.027 1.3
      vertex 107.921 -118.027 1.3
    endloop
  endfacet
  facet normal 0 -1 -0
    outer loop
      vertex 122.221 -118.027 1.3
      vertex 107.921 -118.027 0
      vertex 122.221 -118.027 0
    endloop
  endfacet
  facet normal -1 0 0
    outer loop
      vertex 122.221 -132.327 0
      vertex 122.221 -118.027 1.3
      vertex 122.221 -118.027 0
    endloop
  endfacet
  facet normal -1 -0 0
    outer loop
      vertex 122.221 -118.027 1.3
      vertex 122.221 -132.327 0
      vertex 122.221 -132.327 1.3
    endloop
  endfacet
  facet normal 0 1 -0
    outer loop
      vertex 122.221 -132.327 0
      vertex 107.921 -132.327 1.3
      vertex 122.221 -132.327 1.3
    endloop
  endfacet
  facet normal 0 1 0
    outer loop
      vertex 107.921 -132.327 1.3
      vertex 122.221 -132.327 0
      vertex 107.921 -132.327 0
    endloop
  endfacet
  facet normal 0.0871987 -0.996191 0
    outer loop
      vertex 71.5865 -120.068 0
      vertex 85.8327 -118.821 1.3
      vertex 71.5865 -120.068 1.3
    endloop
  endfacet
  facet normal 0.0871987 -0.996191 0
    outer loop
      vertex 85.8327 -118.821 1.3
      vertex 71.5865 -120.068 0
      vertex 85.8327 -118.821 0
    endloop
  endfacet
  facet normal -0.996198 -0.0871166 0
    outer loop
      vertex 87.0785 -133.067 0
      vertex 85.8327 -118.821 1.3
      vertex 85.8327 -118.821 0
    endloop
  endfacet
  facet normal -0.996198 -0.0871166 0
    outer loop
      vertex 85.8327 -118.821 1.3
      vertex 87.0785 -133.067 0
      vertex 87.0785 -133.067 1.3
    endloop
  endfacet
  facet normal -0.087136 0.996196 0
    outer loop
      vertex 87.0785 -133.067 0
      vertex 72.8334 -134.313 1.3
      vertex 87.0785 -133.067 1.3
    endloop
  endfacet
  facet normal -0.087136 0.996196 0
    outer loop
      vertex 72.8334 -134.313 1.3
      vertex 87.0785 -133.067 0
      vertex 72.8334 -134.313 0
    endloop
  endfacet
  facet normal 0.996191 0.087199 0
    outer loop
      vertex 72.8334 -134.313 1.3
      vertex 71.5865 -120.068 0
      vertex 71.5865 -120.068 1.3
    endloop
  endfacet
  facet normal 0.996191 0.087199 0
    outer loop
      vertex 71.5865 -120.068 0
      vertex 72.8334 -134.313 1.3
      vertex 72.8334 -134.313 0
    endloop
  endfacet
  facet normal 0.087136 -0.996196 0
    outer loop
      vertex 53.6559 -121.636 0
      vertex 67.901 -120.39 1.3
      vertex 53.6559 -121.636 1.3
    endloop
  endfacet
  facet normal 0.087136 -0.996196 0
    outer loop
      vertex 67.901 -120.39 1.3
      vertex 53.6559 -121.636 0
      vertex 67.901 -120.39 0
    endloop
  endfacet
  facet normal -0.996191 -0.087199 0
    outer loop
      vertex 69.1479 -134.635 0
      vertex 67.901 -120.39 1.3
      vertex 67.901 -120.39 0
    endloop
  endfacet
  facet normal -0.996191 -0.087199 0
    outer loop
      vertex 67.901 -120.39 1.3
      vertex 69.1479 -134.635 0
      vertex 69.1479 -134.635 1.3
    endloop
  endfacet
  facet normal -0.0871987 0.996191 0
    outer loop
      vertex 69.1479 -134.635 0
      vertex 54.9017 -135.882 1.3
      vertex 69.1479 -134.635 1.3
    endloop
  endfacet
  facet normal -0.0871987 0.996191 0
    outer loop
      vertex 54.9017 -135.882 1.3
      vertex 69.1479 -134.635 0
      vertex 54.9017 -135.882 0
    endloop
  endfacet
  facet normal 0.996198 0.0871166 0
    outer loop
      vertex 54.9017 -135.882 1.3
      vertex 53.6559 -121.636 0
      vertex 53.6559 -121.636 1.3
    endloop
  endfacet
  facet normal 0.996198 0.0871166 0
    outer loop
      vertex 53.6559 -121.636 0
      vertex 54.9017 -135.882 1.3
      vertex 54.9017 -135.882 0
    endloop
  endfacet
  facet normal 1 -0 0
    outer loop
      vertex 125.921 -137.937 1.3
      vertex 125.921 -123.637 0
      vertex 125.921 -123.637 1.3
    endloop
  endfacet
  facet normal 1 0 0
    outer loop
      vertex 125.921 -123.637 0
      vertex 125.921 -137.937 1.3
      vertex 125.921 -137.937 0
    endloop
  endfacet
  facet normal 0 -1 0
    outer loop
      vertex 125.921 -123.637 0
      vertex 140.221 -123.637 1.3
      vertex 125.921 -123.637 1.3
    endloop
  endfacet
  facet normal 0 -1 -0
    outer loop
      vertex 140.221 -123.637 1.3
      vertex 125.921 -123.637 0
      vertex 140.221 -123.637 0
    endloop
  endfacet
  facet normal -1 0 0
    outer loop
      vertex 140.221 -137.937 0
      vertex 140.221 -123.637 1.3
      vertex 140.221 -123.637 0
    endloop
  endfacet
  facet normal -1 -0 0
    outer loop
      vertex 140.221 -123.637 1.3
      vertex 140.221 -137.937 0
      vertex 140.221 -137.937 1.3
    endloop
  endfacet
  facet normal 0 1 -0
    outer loop
      vertex 140.221 -137.937 0
      vertex 125.921 -137.937 1.3
      vertex 140.221 -137.937 1.3
    endloop
  endfacet
  facet normal 0 1 0
    outer loop
      vertex 125.921 -137.937 1.3
      vertex 140.221 -137.937 0
      vertex 125.921 -137.937 0
    endloop
  endfacet
  facet normal 0.965929 -0.258807 0
    outer loop
      vertex 144.314 -140.233 1.3
      vertex 148.015 -126.42 0
      vertex 148.015 -126.42 1.3
    endloop
  endfacet
  facet normal 0.965929 -0.258807 0
    outer loop
      vertex 148.015 -126.42 0
      vertex 144.314 -140.233 1.3
      vertex 144.314 -140.233 0
    endloop
  endfacet
  facet normal -0.258807 -0.965929 0
    outer loop
      vertex 148.015 -126.42 0
      vertex 161.828 -130.121 1.3
      vertex 148.015 -126.42 1.3
    endloop
  endfacet
  facet normal -0.258807 -0.965929 -0
    outer loop
      vertex 161.828 -130.121 1.3
      vertex 148.015 -126.42 0
      vertex 161.828 -130.121 0
    endloop
  endfacet
  facet normal -0.965929 0.258807 0
    outer loop
      vertex 158.127 -143.934 0
      vertex 161.828 -130.121 1.3
      vertex 161.828 -130.121 0
    endloop
  endfacet
  facet normal -0.965929 0.258807 0
    outer loop
      vertex 161.828 -130.121 1.3
      vertex 158.127 -143.934 0
      vertex 158.127 -143.934 1.3
    endloop
  endfacet
  facet normal 0.258807 0.965929 -0
    outer loop
      vertex 158.127 -143.934 0
      vertex 144.314 -140.233 1.3
      vertex 158.127 -143.934 1.3
    endloop
  endfacet
  facet normal 0.258807 0.965929 0
    outer loop
      vertex 144.314 -140.233 1.3
      vertex 158.127 -143.934 0
      vertex 144.314 -140.233 0
    endloop
  endfacet
  facet normal 0.866005 -0.500035 0
    outer loop
      vertex 160.788 -148.282 1.3
      vertex 167.938 -135.899 0
      vertex 167.938 -135.899 1.3
    endloop
  endfacet
  facet normal 0.866005 -0.500035 0
    outer loop
      vertex 167.938 -135.899 0
      vertex 160.788 -148.282 1.3
      vertex 160.788 -148.282 0
    endloop
  endfacet
  facet normal -0.499975 -0.86604 0
    outer loop
      vertex 167.938 -135.899 0
      vertex 180.323 -143.049 1.3
      vertex 167.938 -135.899 1.3
    endloop
  endfacet
  facet normal -0.499975 -0.86604 -0
    outer loop
      vertex 180.323 -143.049 1.3
      vertex 167.938 -135.899 0
      vertex 180.323 -143.049 0
    endloop
  endfacet
  facet normal -0.866005 0.500035 0
    outer loop
      vertex 173.173 -155.432 0
      vertex 180.323 -143.049 1.3
      vertex 180.323 -143.049 0
    endloop
  endfacet
  facet normal -0.866005 0.500035 0
    outer loop
      vertex 180.323 -143.049 1.3
      vertex 173.173 -155.432 0
      vertex 173.173 -155.432 1.3
    endloop
  endfacet
  facet normal 0.499975 0.86604 -0
    outer loop
      vertex 173.173 -155.432 0
      vertex 160.788 -148.282 1.3
      vertex 173.173 -155.432 1.3
    endloop
  endfacet
  facet normal 0.499975 0.86604 0
    outer loop
      vertex 160.788 -148.282 1.3
      vertex 173.173 -155.432 0
      vertex 160.788 -148.282 0
    endloop
  endfacet
endsolid OpenSCAD_Model
